timestamp,emotion,confidence,fps
2026-09-22T03:10:35,sad,0.52191561460495,3.1623524870242865
2026-09-22T03:10:35,sad,0.4833656847476959,162.3999690246641
2026-09-22T03:10:35,sad,0.4189523160457611,137.46407970634505
2026-09-22T03:10:35,sad,0.42232516407966614,5.856346987844144
2026-09-22T03:10:35,sad,0.42611202597618103,169.78238341968913
2026-09-22T03:10:36,sad,0.4655267894268036,16.611368100880807
2026-09-22T03:10:36,sad,0.45417526364326477,3.3399591493834584
2026-09-22T03:10:36,sad,0.44716987013816833,6.162357687623139
2026-09-22T03:10:36,sad,0.4477740526199341,6.440261461191562
2026-09-22T03:10:36,sad,0.448537677526474,6.109763842841577
2026-09-22T03:10:37,sad,0.4239937365055084,148.1824412647942
2026-09-22T03:10:37,sad,0.4242486357688904,6.270487489833995
2026-09-22T03:10:37,sad,0.4426155090332031,6.164975365403384
2026-09-22T03:10:37,sad,0.4588242471218109,6.447369513254271
2026-09-22T03:10:37,sad,0.4499666690826416,6.455009811088454
2026-09-22T03:10:37,sad,0.42783722281455994,5.9584868188333635
2026-09-22T03:10:38,sad,0.43096351623535156,6.356489241429061
2026-09-22T03:10:38,sad,0.4517875611782074,176.44625804551765
2026-09-22T03:10:38,sad,0.44840651750564575,6.297555182193955
2026-09-22T03:10:38,sad,0.4525142312049866,6.3583297329664745
2026-09-22T03:10:38,sad,0.48069828748703003,170.82653850853256
2026-09-22T03:10:38,sad,0.48433828353881836,5.932176685152105
2026-09-22T03:10:39,sad,0.49549779295921326,6.289688597504101
2026-09-22T03:10:39,sad,0.49400901794433594,6.136446298282242
2026-09-22T03:10:39,sad,0.5208925604820251,6.0756108124707575
2026-09-22T03:10:39,sad,0.5377402901649475,6.257353423840072
2026-09-22T03:10:39,sad,0.5408391356468201,6.345814244821137
2026-09-22T03:10:39,sad,0.5345749258995056,5.810098088513767
2026-09-22T03:10:40,sad,0.5404844880104065,6.322483588209137
2026-09-22T03:10:40,sad,0.5394254326820374,6.468109780263672
2026-09-22T03:10:40,sad,0.5291892886161804,6.192125026389178
2026-09-22T03:10:40,sad,0.541355550289154,6.451465240904924
2026-09-22T03:10:40,sad,0.5440728664398193,6.264418768594745
2026-09-22T03:10:40,sad,0.5327910780906677,5.819909474636525
2026-09-22T03:10:41,sad,0.5128324627876282,5.978871623230096
2026-09-22T03:10:41,sad,0.5000566244125366,6.452606624134446
2026-09-22T03:10:41,sad,0.5167499780654907,6.309738467208737
2026-09-22T03:10:41,sad,0.5283713936805725,6.424074595958977
2026-09-22T03:10:41,sad,0.544522762298584,6.080287611260909
2026-09-22T03:10:41,sad,0.5629409551620483,6.3496954062662745
2026-09-22T03:10:41,sad,0.5707436800003052,6.119926694603649
2026-09-22T03:10:42,sad,0.5578882098197937,6.126156969568615
2026-09-22T03:10:42,sad,0.546897292137146,6.388760009321978
2026-09-22T03:10:42,sad,0.5471678376197815,6.4130539152877715
2026-09-22T03:10:42,sad,0.5555171370506287,6.3480328427106585
2026-09-22T03:10:42,sad,0.5630523562431335,6.240985153067146
2026-09-22T03:10:42,sad,0.5488762855529785,6.318997349949756
2026-09-22T03:10:43,sad,0.5397726893424988,6.2074750697809336
2026-09-22T03:10:43,sad,0.5147404074668884,6.360113424416577
2026-09-22T03:10:43,sad,0.5219837427139282,6.037454261753758
2026-09-22T03:10:43,sad,0.5163753032684326,6.116802926052425
2026-09-22T03:10:43,sad,0.5101157426834106,6.4003515818129655
2026-09-22T03:10:43,sad,0.5122886896133423,6.011313750922628
2026-09-22T03:10:44,sad,0.5024815201759338,16.669928341196062
2026-09-22T03:10:44,sad,0.5149462819099426,175.60410299351057
2026-09-22T03:10:44,sad,0.4928796887397766,164.07072445626662
2026-09-22T03:10:45,sad,0.4870873987674713,157.38476547842401
2026-09-22T03:10:45,sad,0.4654664993286133,6.277075220669446
2026-09-22T03:10:45,sad,0.4696161150932312,167.70507796881247
2026-09-22T03:10:45,sad,0.4374423027038574,6.122562064178601
2026-09-22T03:10:45,sad,0.4483513832092285,6.29203801351625
2026-09-22T03:10:45,sad,0.4623757004737854,6.1428092308278135
2026-09-22T03:10:45,sad,0.4846903383731842,6.196616780179355
2026-09-22T03:10:46,sad,0.5152209997177124,6.281700519093847
2026-09-22T03:10:46,sad,0.5031864047050476,6.133816905527932
2026-09-22T03:10:46,sad,0.512607216835022,5.912241851522426
2026-09-22T03:10:46,sad,0.4987332820892334,6.271246906842699
2026-09-22T03:10:46,sad,0.492605060338974,174.47188019966723
2026-09-22T03:10:46,sad,0.48741650581359863,160.94179041479606
2026-09-22T03:10:47,sad,0.48061928153038025,16.651001409317374
2026-09-22T03:10:48,sad,0.4596186578273773,16.660922759141194
2026-09-22T03:10:53,sad,0.4563262462615967,16.669663332180768
2026-09-22T03:10:53,sad,0.42901411652565,172.64062564313645
2026-09-22T03:10:53,neutral,0.46812671422958374,6.095610141755536
2026-09-22T03:10:53,neutral,0.48962706327438354,170.92399853294756
2026-09-22T03:10:53,neutral,0.5164942145347595,6.305905983561331
2026-09-22T03:10:53,neutral,0.5028339624404907,6.196699174572032
2026-09-22T03:10:54,neutral,0.512660026550293,6.070853331635046
2026-09-22T03:10:54,neutral,0.526716947555542,6.305365636594327
2026-09-22T03:10:54,neutral,0.5484229326248169,170.6319515072617
2026-09-22T03:10:54,neutral,0.5724841952323914,6.173777624695676
2026-09-22T03:10:54,neutral,0.6110103726387024,169.2684934823843
2026-09-22T03:10:54,neutral,0.6270492672920227,6.010504005995738
2026-09-22T03:10:55,neutral,0.6110358834266663,6.2761547347566635
2026-09-22T03:10:55,neutral,0.5819244980812073,6.448430134770724
2026-09-22T03:10:55,neutral,0.600818395614624,6.351464637898869
2026-09-22T03:10:55,neutral,0.6156488656997681,6.33332880338357
2026-09-22T03:10:55,neutral,0.5947427153587341,6.3636065713054615
2026-09-22T03:10:55,neutral,0.5731245875358582,6.182395453011157
2026-09-22T03:10:55,neutral,0.5525870323181152,6.027138839752092
2026-09-22T03:10:56,neutral,0.5309032797813416,6.124582561245037
2026-09-22T03:10:56,neutral,0.5469637513160706,6.039114615354711
2026-09-22T03:10:56,neutral,0.5568054914474487,6.096097414215348
2026-09-22T03:10:56,neutral,0.5754445791244507,6.1981551702226385
2026-09-22T03:10:56,neutral,0.5877816081047058,6.120632215190151
2026-09-22T03:10:56,neutral,0.5621446371078491,6.185276451790341
2026-09-22T03:10:57,neutral,0.5632339119911194,6.221867522692446
2026-09-22T03:10:57,neutral,0.5766242742538452,6.053120435954719
2026-09-22T03:10:57,neutral,0.5838397741317749,6.316779970903352
2026-09-22T03:10:57,neutral,0.5998035073280334,6.389382876659116
2026-09-22T03:10:57,neutral,0.6153932809829712,6.433099995705442
2026-09-22T03:10:57,neutral,0.5974448919296265,5.8421046766878755
2026-09-22T03:10:58,neutral,0.5969477891921997,6.2734230454558375
2026-09-22T03:10:58,neutral,0.6016349792480469,5.465539236573978
2026-09-22T03:10:58,neutral,0.6411691904067993,4.868097354890377
2026-09-22T03:10:58,neutral,0.6367970705032349,4.6083403376347984
2026-09-22T03:10:58,neutral,0.6636889576911926,4.4289684651579275
2026-09-22T03:10:59,neutral,0.6789101362228394,4.520108931687073
2026-09-22T03:10:59,neutral,0.7044013142585754,4.495839987994812
2026-09-22T03:10:59,neutral,0.7174491286277771,4.458984883712277
2026-09-22T03:10:59,neutral,0.7111207842826843,4.534103303904516
2026-09-22T03:11:00,neutral,0.6984236240386963,129.85863339422272
2026-09-22T03:11:00,neutral,0.6840143799781799,4.456284510062037
2026-09-22T03:11:00,neutral,0.6641407608985901,4.427738818236232
2026-09-22T03:11:00,neutral,0.6190564632415771,4.532554980532175
2026-09-22T03:11:00,neutral,0.5959237813949585,4.4166235812072285
2026-09-22T03:11:01,neutral,0.5551692247390747,4.520167387103692
2026-09-22T03:11:01,neutral,0.5299751162528992,4.583813557006639
2026-09-22T03:11:01,neutral,0.4914661943912506,4.5676350861297275
2026-09-22T03:11:01,neutral,0.466301292181015,4.531071346777923
2026-09-22T03:11:02,neutral,0.47370800375938416,4.444432199770907
2026-09-22T03:11:02,neutral,0.46927252411842346,4.500867056985388
2026-09-22T03:11:02,neutral,0.4569494128227234,4.556841774757969
2026-09-22T03:11:02,neutral,0.44997382164001465,4.519037516929001
2026-09-22T03:11:02,neutral,0.45512089133262634,4.344907172410078
2026-09-22T03:11:03,neutral,0.4822469651699066,4.5140475285928146
2026-09-22T03:11:03,neutral,0.49934569001197815,4.531570679383821
2026-09-22T03:11:03,neutral,0.47663265466690063,4.530009407134518
2026-09-22T03:11:03,neutral,0.485817015171051,4.552094039403039
2026-09-22T03:11:04,neutral,0.48556509613990784,4.415447260599884
2026-09-22T03:11:04,neutral,0.4623895287513733,4.491242497737944
2026-09-22T03:11:04,neutral,0.45093464851379395,4.536437586322886
2026-09-22T03:11:04,neutral,0.4504036009311676,4.509194585488412
2026-09-22T03:11:04,neutral,0.4465610384941101,4.536731994189424
2026-09-22T03:11:05,neutral,0.4421294331550598,4.501983025941951
2026-09-22T03:11:05,neutral,0.4391677975654602,4.539909121806653
2026-09-22T03:11:05,neutral,0.42190828919410706,4.4723738437341725
2026-09-22T03:11:05,neutral,0.4401136338710785,4.55026188688743
2026-09-22T03:11:06,neutral,0.43785446882247925,4.457430584854549
2026-09-22T03:11:06,neutral,0.4310685992240906,4.55106666710069
2026-09-22T03:11:06,sad,0.44186562299728394,4.489747333536003
2026-09-22T03:11:06,sad,0.44285768270492554,4.509504861289556
2026-09-22T03:11:06,neutral,0.4338953495025635,4.421894487370471
2026-09-22T03:11:07,sad,0.450509637594223,4.519120289961255
2026-09-22T03:11:07,sad,0.43988069891929626,4.535020056872858
2026-09-22T03:11:07,sad,0.452201783657074,4.513537478800609
2026-09-22T03:11:07,sad,0.4526732563972473,4.536717272888535
2026-09-22T03:11:08,sad,0.4789952337741852,4.458070180286852
2026-09-22T03:11:08,sad,0.48228955268859863,4.456805380081415
2026-09-22T03:11:08,sad,0.4903116226196289,4.514436215338284
2026-09-22T03:11:08,sad,0.4659629464149475,131.42932347319274
2026-09-22T03:11:09,sad,0.4738355576992035,16.655696041679903
2026-09-22T03:11:09,sad,0.4906672537326813,179.5353137573838
2026-09-22T03:11:09,sad,0.4692910313606262,6.236818352820119
2026-09-22T03:11:10,sad,0.4727615416049957,5.501065639455809
2026-09-22T03:11:10,sad,0.4659141004085541,4.971669228972988
2026-09-22T03:11:10,sad,0.47005781531333923,4.629331543837497
2026-09-22T03:11:10,neutral,0.43503087759017944,4.594800605146373
2026-09-22T03:11:10,neutral,0.454110711812973,132.0416810955454
2026-09-22T03:11:11,neutral,0.45847922563552856,131.73479066553597
2026-09-22T03:11:11,neutral,0.4722701609134674,129.98338911615224
2026-09-22T03:11:11,neutral,0.4969337582588196,4.340289642112452
2026-09-22T03:11:11,neutral,0.5126096606254578,4.46014183371491
2026-09-22T03:11:12,neutral,0.5075207948684692,4.321734668433428
2026-09-22T03:11:12,neutral,0.5409676432609558,4.407841900888545
2026-09-22T03:11:12,neutral,0.5612294673919678,4.4088705006553965
2026-09-22T03:11:12,neutral,0.5803961753845215,4.427818280475729
2026-09-22T03:11:13,neutral,0.5507391691207886,4.183210126743875
2026-09-22T03:11:13,neutral,0.5439950823783875,117.88044180883055
2026-09-22T03:11:13,neutral,0.5359291434288025,4.4916657474804484
2026-09-22T03:11:13,neutral,0.5300473570823669,4.310444619836885
2026-09-22T03:11:13,neutral,0.5287829637527466,4.243086768578345
2026-09-22T03:11:14,neutral,0.5017468333244324,4.2845844795689985
2026-09-22T03:11:14,neutral,0.5015636682510376,4.420431155773598
2026-09-22T03:11:14,neutral,0.46554723381996155,110.91640883247389
2026-09-22T03:11:14,neutral,0.4503451883792877,3.9387722138540076
2026-09-22T03:11:15,sad,0.4482126832008362,4.015743945464903
2026-09-22T03:11:15,sad,0.4402717053890228,3.273552022602574
2026-09-22T03:11:15,neutral,0.45060086250305176,4.402650636049784
2026-09-22T03:11:15,neutral,0.47491446137428284,4.2903170042378385
2026-09-22T03:11:16,neutral,0.45565658807754517,4.456615958713944
2026-09-22T03:11:16,neutral,0.4361318051815033,4.4763164101562545
2026-09-22T03:11:16,neutral,0.4405116140842438,3.474349331522009
2026-09-22T03:11:16,neutral,0.43347805738449097,3.8129412427796634
2026-09-22T03:11:17,neutral,0.4430578351020813,120.94302191464821
2026-09-22T03:11:17,neutral,0.44125133752822876,4.447122939087102
2026-09-22T03:11:17,neutral,0.4293785095214844,4.361325314233902
2026-09-22T03:11:17,sad,0.42906054854393005,4.464134122926148
2026-09-22T03:11:18,sad,0.4390503466129303,4.432076013999019
2026-09-22T03:11:18,sad,0.45083269476890564,19.871625527076326
2026-09-22T03:11:18,sad,0.4465462267398834,144.57633311502534
2026-09-22T03:11:19,sad,0.45294827222824097,16.680004931260612
2026-09-22T03:11:19,sad,0.4553527235984802,159.88046047114432
2026-09-22T03:11:19,sad,0.48048797249794006,5.771022321532993
2026-09-22T03:11:19,sad,0.5140997171401978,4.659628478776009
2026-09-22T03:11:20,sad,0.5343419313430786,4.862256484567454
2026-09-22T03:11:20,sad,0.5508702993392944,4.638167337902603
2026-09-22T03:11:20,sad,0.5673250555992126,4.60250979910195
2026-09-22T03:11:20,sad,0.6008583307266235,4.600455186105307
2026-09-22T03:11:21,sad,0.6087817549705505,4.462101482578427
2026-09-22T03:11:21,sad,0.6261976361274719,130.69217586389556
2026-09-22T03:11:21,sad,0.6329857707023621,4.485958598266282
2026-09-22T03:11:21,sad,0.648201584815979,4.477181266798888
2026-09-22T03:11:21,sad,0.6535066962242126,4.352906501280662
2026-09-22T03:11:22,sad,0.6267476081848145,4.587930046247884
2026-09-22T03:11:22,sad,0.6176167726516724,123.44175643063159
2026-09-22T03:11:22,sad,0.6059713959693909,4.533515208441195
2026-09-22T03:11:22,sad,0.5823603868484497,4.583513006988422
2026-09-22T03:11:23,sad,0.5603702068328857,121.56345825000724
2026-09-22T03:11:23,sad,0.5651891827583313,127.90241819900588
2026-09-22T03:11:23,sad,0.57407146692276,122.61895573875928
2026-09-22T03:11:23,sad,0.5800580382347107,4.428112783058259
2026-09-22T03:11:24,sad,0.5566810369491577,4.341610502747728
2026-09-22T03:11:24,sad,0.5472356081008911,129.97936099662215
2026-09-22T03:11:24,sad,0.5528753399848938,4.464205393910431
2026-09-22T03:11:24,sad,0.5523372888565063,119.86122938873488
2026-09-22T03:11:24,sad,0.559759259223938,4.4792276722305875
2026-09-22T03:11:25,sad,0.5787039399147034,4.536800694856827
2026-09-22T03:11:25,sad,0.5810927152633667,126.28881127303384
2026-09-22T03:11:25,sad,0.57942795753479,124.48961177727651
2026-09-22T03:11:25,sad,0.5758897662162781,128.65568540842307
2026-09-22T03:11:26,sad,0.5687658190727234,4.569023308608945
2026-09-22T03:11:26,sad,0.5723971128463745,29.678009156070672
2026-09-22T03:11:26,sad,0.5811677575111389,4.438886654672452
2026-09-22T03:11:26,sad,0.5976041555404663,4.475800522245592
2026-09-22T03:11:27,sad,0.5852278470993042,4.382680367558395
2026-09-22T03:11:27,sad,0.5782750844955444,4.44895318224536
2026-09-22T03:11:27,sad,0.5706609487533569,4.508365776739207
2026-09-22T03:11:27,sad,0.57713383436203,4.4396572164075465
2026-09-22T03:11:27,sad,0.5698438882827759,4.290944655531889
2026-09-22T03:11:28,sad,0.5643510222434998,4.361261825192
2026-09-22T03:11:28,sad,0.5501390695571899,124.84533873080129
2026-09-22T03:11:28,sad,0.5590420365333557,4.511425642702486
2026-09-22T03:11:28,sad,0.5637798309326172,4.487307211694826
2026-09-22T03:11:29,sad,0.5524275898933411,4.376986276210184
2026-09-22T03:11:29,sad,0.5722012519836426,4.378151330677823
2026-09-22T03:11:29,sad,0.556037425994873,4.434090760126099
2026-09-22T03:11:29,sad,0.55657958984375,4.031612316576857
2026-09-22T03:11:30,sad,0.55303955078125,3.843070421864148
2026-09-22T03:11:30,sad,0.5527926683425903,120.12899899756552
2026-09-22T03:11:30,sad,0.5659564733505249,4.391352782035497
2026-09-22T03:11:30,sad,0.5811824202537537,134.18766996192852
2026-09-22T03:11:30,sad,0.5695638060569763,132.33330178261556
2026-09-22T03:11:31,sad,0.5592537522315979,4.484821785629508
2026-09-22T03:11:31,sad,0.5572978258132935,120.57101790898899
2026-09-22T03:11:31,sad,0.5491442680358887,4.527598646784385
2026-09-22T03:11:31,sad,0.5622351169586182,4.5271343934738
2026-09-22T03:11:32,sad,0.5730410218238831,4.490271248823718
2026-09-22T03:11:32,sad,0.5702630281448364,4.50088154654276
2026-09-22T03:11:32,sad,0.5788463354110718,128.61623378614578
2026-09-22T03:11:32,sad,0.5706968903541565,4.449996339681775
2026-09-22T03:11:33,sad,0.5768784880638123,4.379198123993113
2026-09-22T03:11:33,sad,0.6022809147834778,4.461626833346807
2026-09-22T03:11:33,sad,0.6162925958633423,4.374753846667335
2026-09-22T03:11:33,sad,0.6218570470809937,123.34374356712249
2026-09-22T03:11:33,sad,0.6124581694602966,4.445209399336129
2026-09-22T03:11:34,sad,0.6054630279541016,4.45764850046178
2026-09-22T03:11:34,sad,0.5869390964508057,4.440258816355567
2026-09-22T03:11:34,sad,0.5906673669815063,128.1799401014608
2026-09-22T03:11:34,sad,0.5910765528678894,4.55558958785438
2026-09-22T03:11:35,sad,0.5888063907623291,4.263639302334565
2026-09-22T03:11:35,sad,0.596610426902771,4.438050615927997
2026-09-22T03:11:35,sad,0.5796290636062622,4.562224603118491
2026-09-22T03:11:35,sad,0.5704993009567261,4.5864249910333905
2026-09-22T03:11:35,sad,0.5778447985649109,121.56698162425367
2026-09-22T03:11:36,sad,0.602188229560852,4.413607320543148
2026-09-22T03:11:36,sad,0.6141306757926941,135.1170671992784
2026-09-22T03:11:36,sad,0.6356183290481567,4.376821847878376
2026-09-22T03:11:36,sad,0.6493212580680847,4.481975089120083
2026-09-22T03:11:37,sad,0.6501353979110718,4.333916795655238
2026-09-22T03:11:37,sad,0.6540650725364685,4.39316500721667
2026-09-22T03:11:37,sad,0.646469235420227,4.488037048767752
2026-09-22T03:11:37,sad,0.660395622253418,123.78420493448235
2026-09-22T03:11:38,sad,0.6466652750968933,4.382982636537673
2026-09-22T03:11:38,sad,0.6481789946556091,4.424413311940725
2026-09-22T03:11:38,sad,0.6391465663909912,4.478285519658078
2026-09-22T03:11:38,sad,0.6547973155975342,4.549886749225469
2026-09-22T03:11:38,sad,0.6463152766227722,4.455034918611753
2026-09-22T03:11:39,sad,0.6377159357070923,4.426565913480312
2026-09-22T03:11:39,sad,0.6298683285713196,4.458667301649396
2026-09-22T03:11:39,sad,0.6037566661834717,4.282432171660604
2026-09-22T03:11:39,sad,0.5968607068061829,4.430891448914806
2026-09-22T03:11:40,sad,0.6040487885475159,4.491021285298379
2026-09-22T03:11:40,sad,0.6068353056907654,4.465792950861737
2026-09-22T03:11:40,sad,0.6094167828559875,122.85960338615659
2026-09-22T03:11:40,sad,0.6197932362556458,4.490175108419057
2026-09-22T03:11:40,sad,0.5966055989265442,4.515908973453461
2026-09-22T03:11:41,sad,0.5963305234909058,4.471858864119292
2026-09-22T03:11:41,sad,0.5917900800704956,3.854980873548513
2026-09-22T03:11:41,sad,0.5984255075454712,4.648123542025677
2026-09-22T03:11:41,sad,0.6076751351356506,4.467981255865531
2026-09-22T03:11:42,sad,0.6207895278930664,124.91226398236941
2026-09-22T03:11:42,sad,0.6091548800468445,4.515101996878196
2026-09-22T03:11:42,sad,0.6169247031211853,4.449042846247599
2026-09-22T03:11:42,sad,0.6242841482162476,121.94516644861172
2026-09-22T03:11:43,sad,0.6342631578445435,4.435694494384399
2026-09-22T03:11:43,sad,0.6511951684951782,4.491627266934746
2026-09-22T03:11:43,sad,0.6426227688789368,4.361202872736763
2026-09-22T03:11:43,sad,0.6434992551803589,4.404069846803238
2026-09-22T03:11:43,sad,0.6509090662002563,4.452296789780628
2026-09-22T03:11:44,sad,0.6576830744743347,4.38896789295629
2026-09-22T03:11:44,sad,0.6547593474388123,4.519086206580752
2026-09-22T03:11:44,sad,0.6436051726341248,4.589471242382895
2026-09-22T03:11:44,sad,0.6385457515716553,4.5421559273870855
2026-09-22T03:11:45,sad,0.6378797292709351,4.412177315857019
2026-09-22T03:11:45,sad,0.6275591850280762,4.461380055651523
2026-09-22T03:11:45,sad,0.6254094839096069,4.400738229612912
2026-09-22T03:11:45,sad,0.6324738264083862,4.533480907581627
2026-09-22T03:11:45,sad,0.6332679986953735,4.46009440593275
2026-09-22T03:11:46,sad,0.6270161867141724,4.495560500242233
2026-09-22T03:11:46,sad,0.6318613886833191,4.515029091515827
2026-09-22T03:11:46,sad,0.6336032152175903,4.491444493346312
2026-09-22T03:11:46,sad,0.642125129699707,4.510406842761236
2026-09-22T03:11:47,sad,0.6443575024604797,4.5271783712837514
2026-09-22T03:11:47,sad,0.6219345331192017,4.624090049666227
2026-09-22T03:11:47,sad,0.6173794269561768,4.529226728923723
2026-09-22T03:11:47,sad,0.6263514757156372,4.571069862332929
2026-09-22T03:11:47,sad,0.6278613805770874,4.657439815226081
2026-09-22T03:11:48,sad,0.6394280791282654,123.50354818762699
2026-09-22T03:11:48,sad,0.6353673934936523,128.50983516146823
2026-09-22T03:11:48,sad,0.6317955255508423,4.716537947723766
2026-09-22T03:11:48,sad,0.6149471998214722,134.00760407680755
2026-09-22T03:11:49,sad,0.6100932955741882,130.22553402881272
2026-09-22T03:11:49,sad,0.6012799739837646,4.641647410870008
2026-09-22T03:11:49,sad,0.5996935367584229,4.541393632548409
2026-09-22T03:11:49,sad,0.5844172239303589,4.440343429424407
2026-09-22T03:11:49,sad,0.5569446086883545,4.457838009614373
2026-09-22T03:11:50,sad,0.5430622696876526,4.435112889445323
2026-09-22T03:11:50,sad,0.5292620062828064,4.412924702696277
2026-09-22T03:11:50,sad,0.5214518308639526,4.474568604545722
2026-09-22T03:11:50,sad,0.5239430069923401,127.69214844582459
2026-09-22T03:11:51,sad,0.5494818091392517,4.445322469190234
2026-09-22T03:11:51,sad,0.5616586804389954,4.4685429493442035
2026-09-22T03:11:51,sad,0.5622820258140564,4.354646436436011
2026-09-22T03:11:51,sad,0.5726137757301331,4.4933643582260965
2026-09-22T03:11:52,sad,0.5822999477386475,135.15625302097766
2026-09-22T03:11:52,sad,0.5838416814804077,4.548263511234828
2026-09-22T03:11:52,sad,0.5915558934211731,73.86288632561416
2026-09-22T03:11:52,sad,0.6089152097702026,126.89247897380045
2026-09-22T03:11:52,sad,0.6239676475524902,4.672481036827934
2026-09-22T03:11:53,sad,0.6247097253799438,4.600828615650239
2026-09-22T03:11:53,sad,0.5911720991134644,4.585778120841911
2026-09-22T03:11:53,sad,0.5893726944923401,118.16272256028849
2026-09-22T03:11:53,sad,0.599219024181366,126.81958092704018
2026-09-22T03:11:54,sad,0.6067739725112915,4.5085256985612245
2026-09-22T03:11:54,sad,0.6070398688316345,125.8152803191649
2026-09-22T03:11:54,sad,0.6140416860580444,126.36871441053297
2026-09-22T03:11:54,sad,0.6097601652145386,4.501823567924953
2026-09-22T03:11:54,sad,0.5821335911750793,4.317161790226259
2026-09-22T03:11:55,sad,0.5852346420288086,4.591918196647726
2026-09-22T03:11:55,sad,0.5840137004852295,4.474750007201329
2026-09-22T03:11:55,sad,0.6080869436264038,4.4188337821379955
2026-09-22T03:11:55,sad,0.5997164845466614,126.330652691184
2026-09-22T03:11:56,sad,0.6033735871315002,4.449226904733617
2026-09-22T03:11:56,sad,0.6005173921585083,4.644433174396124
2026-09-22T03:11:56,sad,0.605879008769989,4.492161243405227
2026-09-22T03:11:56,sad,0.611792266368866,4.400290393920192
2026-09-22T03:11:57,sad,0.635154128074646,18.274241896131056
2026-09-22T03:11:57,sad,0.6189820766448975,3.452548189354509
2026-09-22T03:11:57,sad,0.6205834746360779,5.116090487493688
2026-09-22T03:11:57,sad,0.6190547347068787,4.739417593332301
2026-09-22T03:11:58,sad,0.6195430159568787,4.495902636568955
2026-09-22T03:11:58,sad,0.6291539669036865,4.564031639047608
2026-09-22T03:11:58,sad,0.6324555277824402,4.549077452354199
2026-09-22T03:11:58,sad,0.6321018934249878,4.67175762976164
2026-09-22T03:11:58,sad,0.6231061220169067,4.576141852297561
2026-09-22T03:11:59,sad,0.6142763495445251,121.94516644861172
2026-09-22T03:11:59,sad,0.608490526676178,127.25822992202433
2026-09-22T03:11:59,sad,0.6507133841514587,123.98179130948861
2026-09-22T03:11:59,sad,0.631883442401886,4.640235247522123
2026-09-22T03:12:00,sad,0.6287922263145447,4.42157284419144
2026-09-22T03:12:00,sad,0.6235112547874451,4.381357286638456
2026-09-22T03:12:00,sad,0.6243877410888672,4.557505267264076
2026-09-22T03:12:00,sad,0.6112309694290161,4.516278528880983
2026-09-22T03:12:00,sad,0.6170791387557983,4.591953387497085
2026-09-22T03:12:01,sad,0.6399391889572144,4.508782566444362
2026-09-22T03:12:01,sad,0.6420658826828003,4.500746314301871
2026-09-22T03:12:01,sad,0.6420968174934387,4.613196040022129
2026-09-22T03:12:01,sad,0.6307752132415771,4.569580825275773
2026-09-22T03:12:02,sad,0.6474645733833313,4.393339869445352
2026-09-22T03:12:02,sad,0.6475666761398315,4.504961650453632
2026-09-22T03:12:02,sad,0.6512109041213989,4.540636509094688
2026-09-22T03:12:02,sad,0.6371483206748962,4.578739551481978
2026-09-22T03:12:02,sad,0.6414376497268677,4.5941060817656565
2026-09-22T03:12:03,sad,0.6435940861701965,4.487873775126099
2026-09-22T03:12:03,sad,0.6310874819755554,4.531874249064302
2026-09-22T03:12:03,sad,0.6336050629615784,4.60545103576707
2026-09-22T03:12:03,sad,0.6212887763977051,4.512682796670712
2026-09-22T03:12:04,sad,0.6140192151069641,4.29015463485186
2026-09-22T03:12:04,sad,0.6078392267227173,4.165449928346345
2026-09-22T03:12:04,sad,0.6058934330940247,4.409704852952154
2026-09-22T03:12:04,sad,0.593865692615509,4.4164143083979495
2026-09-22T03:12:04,sad,0.5981488227844238,4.364715590812076
2026-09-22T03:12:05,sad,0.594454824924469,4.293993349604416
2026-09-22T03:12:05,sad,0.5746523141860962,132.6471853257432
2026-09-22T03:12:05,sad,0.5532546043395996,4.4667441243782
2026-09-22T03:12:05,sad,0.5417000651359558,4.5403710840243345
2026-09-22T03:12:06,sad,0.5495702028274536,4.263981725374342
2026-09-22T03:12:06,sad,0.5487465858459473,4.367729049645213
2026-09-22T03:12:06,sad,0.5414831638336182,4.386278239717726
2026-09-22T03:12:06,sad,0.545040488243103,4.363893634420863
2026-09-22T03:12:06,sad,0.5505701303482056,4.367328833734909
2026-09-22T03:12:07,sad,0.557226300239563,4.4439754274658885
2026-09-22T03:12:07,sad,0.5587474703788757,4.4955315896993975
2026-09-22T03:12:07,sad,0.5787468552589417,4.5841442075546555
2026-09-22T03:12:07,sad,0.5950015187263489,4.532770506490124
2026-09-22T03:12:08,sad,0.594207763671875,4.3735586758900284
2026-09-22T03:12:08,sad,0.6043411493301392,4.529437047116122
2026-09-22T03:12:08,sad,0.6054961085319519,4.467886067575874
2026-09-22T03:12:08,sad,0.60970538854599,4.5385778205801035
2026-09-22T03:12:09,sad,0.5893931984901428,4.331182355996559
2026-09-22T03:12:09,sad,0.5962270498275757,4.40791601815585
2026-09-22T03:12:09,sad,0.5913518667221069,4.422094955339445
2026-09-22T03:12:09,sad,0.6078128814697266,4.443255142371958
2026-09-22T03:12:09,sad,0.6056308746337891,4.331540187769088
2026-09-22T03:12:10,sad,0.6004653573036194,4.413621253718527
2026-09-22T03:12:10,sad,0.6119657754898071,4.5213026961999665
2026-09-22T03:12:10,sad,0.6036626100540161,4.432670876377183
2026-09-22T03:12:10,sad,0.6042884588241577,4.549220538773492
2026-09-22T03:12:11,sad,0.601128876209259,4.456170881873284
2026-09-22T03:12:11,sad,0.6170669794082642,4.52180475283347
2026-09-22T03:12:11,sad,0.6116769313812256,120.72371412946492
2026-09-22T03:12:11,sad,0.6004458069801331,4.4246746876104375
2026-09-22T03:12:12,sad,0.5837562084197998,3.1483899637143207
2026-09-22T03:12:12,sad,0.5602682828903198,125.06124396207288
2026-09-22T03:12:12,sad,0.5610846877098083,4.460132348077784
2026-09-22T03:12:12,sad,0.562119722366333,4.52832209432133
2026-09-22T03:12:12,sad,0.5677286386489868,118.94010889292196
2026-09-22T03:12:13,sad,0.5703142881393433,4.516546008035294
2026-09-22T03:12:13,sad,0.5651028752326965,114.39218894888998
2026-09-22T03:12:13,sad,0.5850334167480469,4.4580843956034615
2026-09-22T03:12:13,sad,0.5878197550773621,137.6354925510271
2026-09-22T03:12:14,sad,0.6088561415672302,4.35774560672586
2026-09-22T03:12:14,sad,0.6125847697257996,4.451814773774195
2026-09-22T03:12:14,sad,0.6326029896736145,4.507881234429377
2026-09-22T03:12:14,sad,0.6158204078674316,4.472669533773459
2026-09-22T03:12:14,sad,0.6027445197105408,4.392612902077176
2026-09-22T03:12:15,sad,0.5865814685821533,4.52817543086882
2026-09-22T03:12:15,sad,0.5888787508010864,4.482147513304409
2026-09-22T03:12:15,sad,0.5913290977478027,4.46591658051004
2026-09-22T03:12:15,sad,0.5719877481460571,4.480342506652196
2026-09-22T03:12:16,sad,0.5689507126808167,4.372332252317617
2026-09-22T03:12:16,sad,0.5336346626281738,4.359484882186028
2026-09-22T03:12:16,sad,0.5348831415176392,136.39125910509887
2026-09-22T03:12:16,sad,0.5306501388549805,4.480778064794577
2026-09-22T03:12:17,sad,0.534296452999115,4.176433043008965
2026-09-22T03:12:17,sad,0.5489464402198792,4.459406816422696
2026-09-22T03:12:17,sad,0.552554190158844,4.457411636678204
2026-09-22T03:12:17,sad,0.5368776321411133,4.470400399045446
2026-09-22T03:12:17,sad,0.5440307259559631,4.3512130954344626
2026-09-22T03:12:18,sad,0.545012891292572,122.71222937390287
2026-09-22T03:12:18,sad,0.5425041913986206,134.5147365382765
2026-09-22T03:12:18,sad,0.5637301206588745,4.307615834527239
2026-09-22T03:12:18,sad,0.5711391568183899,4.167713984777122
2026-09-22T03:12:19,sad,0.5688563585281372,4.267339515813142
2026-09-22T03:12:19,sad,0.5768935084342957,126.0042659296422
2026-09-22T03:12:19,sad,0.575075089931488,4.569700310834765
2026-09-22T03:12:19,sad,0.5755611658096313,3.854963158083393
2026-09-22T03:12:20,sad,0.5669042468070984,3.5672281057469544
2026-09-22T03:12:20,sad,0.5586203336715698,4.511954629850753
2026-09-22T03:12:20,sad,0.563624918460846,4.554061170267632
2026-09-22T03:12:20,sad,0.5565600395202637,4.259595073283286
2026-09-22T03:12:20,sad,0.5556858777999878,4.312301506111735
2026-09-22T03:12:21,sad,0.5484940409660339,130.136642879305
2026-09-22T03:12:21,sad,0.5410646200180054,136.33805746976986
2026-09-22T03:12:21,sad,0.5464338064193726,4.710018000981464
2026-09-22T03:12:21,sad,0.5458526611328125,4.603323064225641
2026-09-22T03:12:22,sad,0.5381816029548645,4.441834088235076
2026-09-22T03:12:22,sad,0.5502880215644836,4.498226686042459
2026-09-22T03:12:22,sad,0.5472748875617981,127.29298937784522
2026-09-22T03:12:22,sad,0.5168856978416443,4.621328629336589
2026-09-22T03:12:23,sad,0.5188347101211548,124.84162276393725
2026-09-22T03:12:23,sad,0.5211352705955505,137.17634746206176
2026-09-22T03:12:23,sad,0.5128995776176453,135.3918460892863
2026-09-22T03:12:23,sad,0.5137060880661011,4.436234022412252
2026-09-22T03:12:23,sad,0.5181066989898682,4.309758110009032
2026-09-22T03:12:24,sad,0.5016516447067261,125.02396566114224
2026-09-22T03:12:24,sad,0.5112209916114807,123.40180646679808
2026-09-22T03:12:24,sad,0.5259239077568054,4.563624434620536
2026-09-22T03:12:24,sad,0.5288613438606262,104.77639829132423
2026-09-22T03:12:25,sad,0.5657516717910767,95.14777006487908
2026-09-22T03:12:25,sad,0.5706498622894287,4.3667013700912
2026-09-22T03:12:25,sad,0.5844394564628601,4.53428466411537
2026-09-22T03:12:25,sad,0.5936771631240845,4.542470756038048
2026-09-22T03:12:26,sad,0.5825265645980835,4.396554290470211
2026-09-22T03:12:26,sad,0.5865914225578308,4.4919976695568735
2026-09-22T03:12:26,sad,0.6020140051841736,4.508472390026615
2026-09-22T03:12:26,sad,0.5969740748405457,129.98338911615224
2026-09-22T03:12:26,sad,0.5984037518501282,128.93648939440516
2026-09-22T03:12:27,sad,0.6001490354537964,4.31635764513138
2026-09-22T03:12:27,sad,0.5821736454963684,4.469790604315795
2026-09-22T03:12:27,sad,0.5637915730476379,4.45742111074624
2026-09-22T03:12:27,sad,0.5411202907562256,4.539049336128279
2026-09-22T03:12:28,sad,0.5431208610534668,123.64189487958022
2026-09-22T03:12:28,sad,0.5717284083366394,4.548934374935604
2026-09-22T03:12:28,sad,0.5662462115287781,4.311543490596295
2026-09-22T03:12:28,sad,0.5696655511856079,133.22440682272972
2026-09-22T03:12:29,sad,0.5599693059921265,4.475112856641391
2026-09-22T03:12:29,sad,0.5299124121665955,4.586665733507134
2026-09-22T03:12:29,sad,0.5418843030929565,121.57050520274775
2026-09-22T03:12:29,sad,0.5508444905281067,4.624197108377415
2026-09-22T03:12:29,sad,0.5618340373039246,4.566575828080991
2026-09-22T03:12:30,sad,0.555105984210968,127.62997900374282
2026-09-22T03:12:30,sad,0.5563660860061646,4.306306731787049
2026-09-22T03:12:30,sad,0.542547345161438,4.509054005822429
2026-09-22T03:12:30,sad,0.5515978932380676,134.16191664267666
2026-09-22T03:12:31,sad,0.544561505317688,4.306757751653422
2026-09-22T03:12:31,sad,0.5526465773582458,4.429749622167843
2026-09-22T03:12:31,sad,0.5692378878593445,4.532927265515829
2026-09-22T03:12:31,sad,0.5698214173316956,4.4135144349553626
2026-09-22T03:12:32,sad,0.5704167485237122,4.153162769604299
2026-09-22T03:12:32,sad,0.5468290448188782,122.35068988652607
2026-09-22T03:12:32,sad,0.5442894697189331,4.418177470613454
2026-09-22T03:12:32,sad,0.5320805311203003,4.211305038440183
2026-09-22T03:12:32,sad,0.531294047832489,135.47055973644262
2026-09-22T03:12:33,sad,0.5185235738754272,126.03834365045977
2026-09-22T03:12:33,sad,0.525948166847229,4.552049576193008
2026-09-22T03:12:33,sad,0.5167516469955444,4.517261062394858
2026-09-22T03:12:33,sad,0.5289112329483032,4.517494598570964
2026-09-22T03:12:34,sad,0.5106262564659119,124.79333531686999
2026-09-22T03:12:34,sad,0.5092992782592773,126.29261389298726
2026-09-22T03:12:34,sad,0.5425881147384644,133.81948122387774
2026-09-22T03:12:34,sad,0.556532621383667,112.79862306368331
2026-09-22T03:12:35,sad,0.5631260275840759,133.59783405000798
2026-09-22T03:12:35,sad,0.549344003200531,131.4581583401241
2026-09-22T03:12:35,sad,0.5486718416213989,119.28852990529279
2026-09-22T03:12:35,sad,0.5456342697143555,127.84004389039593
2026-09-22T03:12:35,sad,0.5602403283119202,4.60355042574816
2026-09-22T03:12:36,sad,0.5419201254844666,122.99651036626491
2026-09-22T03:12:36,sad,0.5431891083717346,122.41496658202726
2026-09-22T03:12:36,sad,0.532110869884491,4.409046615403214
2026-09-22T03:12:36,sad,0.5365713238716125,126.70847682919461
2026-09-22T03:12:37,sad,0.5260676145553589,4.510149789778165
2026-09-22T03:12:37,sad,0.535630464553833,4.354311899366002
2026-09-22T03:12:37,sad,0.5483698844909668,120.72023946580704
2026-09-22T03:12:37,sad,0.5454063415527344,4.498747756956519
2026-09-22T03:12:38,sad,0.5549505949020386,139.61932026230818
2026-09-22T03:12:38,sad,0.5475783944129944,120.40833668255154
2026-09-22T03:12:38,sad,0.5638211369514465,17.881277604406474
2026-09-22T03:12:38,sad,0.559427797794342,3.3824268484260034
2026-09-22T03:12:39,sad,0.5779364705085754,4.964871992765118
2026-09-22T03:12:39,sad,0.5776160955429077,129.45382716049383
2026-09-22T03:12:39,sad,0.5959102511405945,4.6878240528074056
2026-09-22T03:12:39,sad,0.5767176151275635,4.6337452287704455
2026-09-22T03:12:39,sad,0.5687164068222046,114.64232219974853
2026-09-22T03:12:40,sad,0.5666157007217407,134.06757231900272
2026-09-22T03:12:40,sad,0.5495941042900085,126.20521153036047
2026-09-22T03:12:40,sad,0.5565012693405151,4.278404599206604
2026-09-22T03:12:40,sad,0.5566450357437134,122.15826416193389
2026-09-22T03:12:41,sad,0.5546903610229492,129.97936099662215
2026-09-22T03:12:41,sad,0.5360668301582336,4.35871018964315
2026-09-22T03:12:41,sad,0.5135947465896606,4.031302321915662
2026-09-22T03:12:41,sad,0.5045928955078125,4.493614687076812
2026-09-22T03:12:42,sad,0.5201513171195984,74.60519388118108
2026-09-22T03:12:42,sad,0.535780131816864,4.436947339135291
2026-09-22T03:12:42,sad,0.5493477582931519,124.75992742199351
2026-09-22T03:12:42,sad,0.5344321727752686,4.651582465891977
2026-09-22T03:12:43,sad,0.5322781801223755,106.80410481016526
2026-09-22T03:12:43,sad,0.5221949815750122,126.36871441053297
2026-09-22T03:12:43,sad,0.5317755341529846,4.59029497676017
2026-09-22T03:12:43,sad,0.5512906908988953,4.462979849946637
2026-09-22T03:12:43,sad,0.5548328161239624,4.455820564766724
2026-09-22T03:12:44,sad,0.5499258041381836,15.611127239703135
2026-09-22T03:12:44,sad,0.5463045835494995,145.3680379856514
2026-09-22T03:12:44,sad,0.5505418181419373,127.87902070185066
2026-09-22T03:12:45,sad,0.5450178384780884,128.15252528338783
2026-09-22T03:12:45,sad,0.5759466886520386,128.39182074201054
2026-09-22T03:12:45,sad,0.5743464231491089,4.658764150775738
2026-09-22T03:12:45,sad,0.5596553087234497,4.5634307897187725
2026-09-22T03:12:45,sad,0.5602253675460815,4.537841273619353
2026-09-22T03:12:46,sad,0.5387723445892334,124.62277157119087
2026-09-22T03:12:46,sad,0.5449177026748657,4.501185848799449
2026-09-22T03:12:46,sad,0.5698956847190857,124.44898080289589
2026-09-22T03:12:46,sad,0.5676748156547546,130.8634363982403
2026-09-22T03:12:47,sad,0.5522831082344055,77.335742601641
2026-09-22T03:12:47,sad,0.5479344129562378,69.54113472825546
2026-09-22T03:12:47,sad,0.5345793962478638,16.560276379429475
2026-09-22T03:12:47,sad,0.5498632192611694,3.5390251763899836
2026-09-22T03:12:48,sad,0.5713446140289307,143.26765951632737
2026-09-22T03:12:48,sad,0.5790844559669495,127.97266209000763
2026-09-22T03:12:48,sad,0.5863990187644958,4.626997688875161
2026-09-22T03:12:48,sad,0.5933386087417603,4.62782984413928
2026-09-22T03:12:49,sad,0.5899382829666138,4.508375468647887
2026-09-22T03:12:49,sad,0.592786967754364,123.20968215733505
2026-09-22T03:12:49,sad,0.601493775844574,4.575697541477208
2026-09-22T03:12:49,sad,0.6117572784423828,116.64452972912842
2026-09-22T03:12:49,sad,0.6038533449172974,4.519782583395475
2026-09-22T03:12:50,sad,0.5992141962051392,134.47592176979802
2026-09-22T03:12:50,sad,0.5996078252792358,4.55732204480064
2026-09-22T03:12:50,sad,0.59916752576828,3.374353074630228
2026-09-22T03:12:50,sad,0.5949696898460388,3.719518608216933
2026-09-22T03:12:51,sad,0.5932875871658325,4.3762190496759805
2026-09-22T03:12:51,sad,0.5560244917869568,124.88251056988031
2026-09-22T03:12:51,sad,0.5403363704681396,4.3156292861207115
2026-09-22T03:12:52,sad,0.5396791100502014,16.66774226877866
2026-09-22T03:12:52,sad,0.5160161256790161,88.3234501347709
2026-09-22T03:12:52,sad,0.5170606374740601,137.85262604351541
2026-09-22T03:12:53,sad,0.4977855086326599,4.889047415893264
2026-09-22T03:12:53,sad,0.47857779264450073,120.82804712931755
2026-09-22T03:12:53,sad,0.4768644869327545,4.397688287940681
2026-09-22T03:12:53,sad,0.46912074089050293,4.503283271848037
2026-09-22T03:12:53,neutral,0.46151208877563477,4.425024792690904
2026-09-22T03:12:54,sad,0.46576133370399475,4.395314938062408
2026-09-22T03:12:54,neutral,0.4741886258125305,100.45996503077771
2026-09-22T03:12:54,neutral,0.4729421138763428,16.66621898158266
2026-09-22T03:12:55,neutral,0.4756156802177429,128.98010393923553
2026-09-22T03:13:28,neutral,0.48677858710289,16.685047795975034
2026-09-22T03:13:29,neutral,0.47823095321655273,16.591392405063292
2026-09-22T03:13:29,neutral,0.45737752318382263,16.654108827546775
2026-09-22T03:13:29,neutral,0.4697123169898987,5.445945700299934
2026-09-22T03:13:29,neutral,0.4652622640132904,154.73710617575443
2026-09-22T03:13:29,neutral,0.4734199643135071,161.48708273976823
2026-09-22T03:13:30,neutral,0.4542223811149597,6.238534511736936
2026-09-22T03:13:30,neutral,0.466533899307251,173.41867195898453
2026-09-22T03:13:30,neutral,0.4862176775932312,6.321359189646623
2026-09-22T03:13:30,neutral,0.5009214282035828,6.139221719033135
2026-09-22T03:13:30,neutral,0.4808861315250397,5.8306130874848305
2026-09-22T03:13:30,neutral,0.5152319669723511,6.182577715147397
2026-09-22T03:13:31,neutral,0.5453889966011047,16.853596499334987
2026-09-22T03:13:32,neutral,0.587086021900177,16.677749899598794
2026-09-22T03:13:32,neutral,0.5939035415649414,23.14379676429691
2026-09-22T03:13:33,neutral,0.5824330449104309,165.091080847044
2026-09-22T03:13:33,neutral,0.6067618131637573,6.145734489519015
2026-09-22T03:13:33,neutral,0.6243944764137268,159.51563094242033
2026-09-22T03:13:33,neutral,0.6480737924575806,6.054702014478841
2026-09-22T03:13:33,neutral,0.6714879274368286,6.295154403211887
2026-09-22T03:13:33,neutral,0.7072306871414185,152.1991436243559
2026-09-22T03:13:34,neutral,0.7113738656044006,16.659930092151257
2026-09-22T03:13:34,neutral,0.7245351076126099,155.77152194904554
2026-09-22T03:13:34,neutral,0.6909692883491516,163.50787462965852
2026-09-22T03:13:34,neutral,0.6690949201583862,6.200326698350986
2026-09-22T03:13:35,neutral,0.6965521574020386,5.645229628712405
2026-09-22T03:13:35,neutral,0.714719295501709,16.51092775713296
2026-09-22T03:13:35,neutral,0.7026158571243286,15.168450174493247
2026-09-22T03:13:36,neutral,0.6946035623550415,16.653116972322255
2026-09-22T03:13:36,neutral,0.7045614123344421,153.06002992373098
2026-09-22T03:13:36,neutral,0.706859290599823,5.301132823312171
2026-09-22T03:13:36,neutral,0.6989352107048035,5.97105798510618
2026-09-22T03:13:37,neutral,0.669630765914917,16.661386044220578
2026-09-22T03:13:37,neutral,0.6914770007133484,16.66807345501655
2026-09-22T03:13:40,neutral,0.7425110936164856,15.640991792244211
2026-09-22T03:13:41,neutral,0.7479655742645264,16.699330323371793
2026-09-22T03:13:42,neutral,0.7492830753326416,16.5540671744879
2026-09-22T03:13:42,neutral,0.7278505563735962,16.616172060390692
2026-09-22T03:13:43,neutral,0.722050130367279,15.646826655127004
2026-09-22T03:13:43,neutral,0.7141175866127014,16.667477329264123
2026-09-22T03:13:44,neutral,0.712981641292572,159.29753133308014
2026-09-22T03:13:45,neutral,0.6879189014434814,16.629875304799477
2026-09-22T03:13:46,neutral,0.646365761756897,16.66218030715937
2026-09-22T03:13:46,neutral,0.6017640829086304,16.829859801458962
2026-09-22T03:13:51,neutral,0.5883051156997681,16.662511272400792
2026-09-22T03:13:52,neutral,0.5456461310386658,16.66085657766161
2026-09-22T03:13:52,neutral,0.5507298111915588,22.07621373531517
2026-09-22T03:13:53,neutral,0.5698263645172119,16.681331705357604
2026-09-22T03:13:53,neutral,0.5823867321014404,163.68015609756097
2026-09-22T03:13:53,neutral,0.5679757595062256,6.26729245394382
2026-09-22T03:13:53,neutral,0.5833430290222168,173.12519090271186
2026-09-22T03:13:53,neutral,0.6009542346000671,148.2138591469663
2026-09-22T03:13:53,neutral,0.6551865339279175,149.47093831296104
2026-09-22T03:13:54,neutral,0.6923791170120239,5.9391991300001274
2026-09-22T03:13:54,neutral,0.687080442905426,158.06089840217064
2026-09-22T03:13:54,neutral,0.7172505259513855,5.683431166902443
2026-09-22T03:13:54,neutral,0.7221318483352661,16.648093387685115
2026-09-22T03:13:55,neutral,0.7269774675369263,3.5989943453376925
2026-09-22T03:13:55,neutral,0.6936365962028503,16.652720263311483
2026-09-22T03:13:57,neutral,0.7143142223358154,16.662709857856807
2026-09-22T03:13:59,neutral,0.6839478611946106,16.72610103523632
2026-09-22T03:14:03,neutral,0.670080304145813,16.65364594707272
2026-09-22T03:14:03,neutral,0.6585586071014404,3.504086551515278
2026-09-22T03:14:03,neutral,0.647407054901123,156.06712558139535
2026-09-22T03:14:04,neutral,0.6286157369613647,16.63449205814115
2026-09-22T03:14:04,neutral,0.6154040098190308,136.98370292955354
2026-09-22T03:14:05,neutral,0.596788763999939,16.554720555730977
2026-09-22T03:14:05,neutral,0.5501593947410583,136.66234400964453
2026-09-22T03:14:05,neutral,0.5805017352104187,6.408889282772889
2026-09-22T03:14:05,neutral,0.540267825126648,5.597510262692909
2026-09-22T03:14:05,neutral,0.5713950991630554,6.067059728868085
2026-09-22T03:14:06,neutral,0.6011232137680054,5.7469681254101985
2026-09-22T03:14:06,neutral,0.577804684638977,6.191841651510499
2026-09-22T03:14:06,neutral,0.5904807448387146,6.315619560438237
2026-09-22T03:14:06,neutral,0.5972157716751099,6.242564236896626
2026-09-22T03:14:06,neutral,0.6006335020065308,6.299314394707397
2026-09-22T03:14:06,neutral,0.6186904907226562,5.778774668922531
2026-09-22T03:14:07,neutral,0.6458169221878052,6.0674985606286365
2026-09-22T03:14:07,neutral,0.6294905543327332,6.338114026405383
2026-09-22T03:14:07,neutral,0.6543756127357483,6.351089555380243
2026-09-22T03:14:12,neutral,0.5874462127685547,16.664762184777125
2026-09-22T03:14:12,neutral,0.5478876829147339,5.016353994493653
2026-09-22T03:14:14,neutral,0.5508129596710205,16.684317718940935
2026-09-22T03:14:14,neutral,0.5341392755508423,5.055857510851707
2026-09-22T03:14:18,neutral,0.5068009495735168,16.66304084413598
2026-09-22T03:14:21,neutral,0.4695533215999603,15.65085524941043
2026-09-22T03:14:23,neutral,0.39307841658592224,16.667278630155494
2026-09-22T03:14:24,neutral,0.367969274520874,16.670524642289347
2026-09-22T03:14:27,neutral,0.3439907431602478,16.671452306567137
2026-09-22T03:14:38,neutral,0.34784433245658875,16.65900370967614
2026-09-22T03:14:38,neutral,0.3988919258117676,15.534919553171946
2026-09-22T03:14:40,neutral,0.38863515853881836,16.665954090491876
2026-09-22T03:14:42,neutral,0.3772267699241638,16.66204792474417
2026-09-22T03:14:42,neutral,0.3396082818508148,16.75054912579174
2026-09-22T03:14:43,neutral,0.32935529947280884,16.66635143028574
2026-09-22T03:14:46,neutral,0.3836500942707062,16.636075535159705
2026-09-22T03:14:46,neutral,0.44488754868507385,50.64850504757764
2026-09-22T03:14:47,neutral,0.4797280430793762,166.85114169782798
2026-09-22T03:14:47,neutral,0.5125450491905212,166.48688127654506
2026-09-22T03:14:47,neutral,0.480671226978302,6.25901552254664
2026-09-22T03:14:47,neutral,0.4696365296840668,157.07827129054004
2026-09-22T03:14:47,neutral,0.5109391212463379,6.222061349766059
2026-09-22T03:14:47,neutral,0.5622366666793823,154.08905216752387
2026-09-22T03:14:48,neutral,0.627913236618042,149.34852585101837
2026-09-22T03:14:48,neutral,0.6844664216041565,5.975532580248549
2026-09-22T03:14:54,neutral,0.684798002243042,16.6637690602379
2026-09-22T03:14:56,neutral,0.7052319049835205,16.676887842738086
2026-09-22T03:15:02,neutral,0.6805524230003357,16.653778196011164
2026-09-22T03:15:03,neutral,0.6868634223937988,16.663702856143946
2026-09-22T03:15:04,neutral,0.7269719243049622,16.656622056312298
2026-09-22T03:15:06,neutral,0.7199374437332153,16.655762182167635
2026-09-22T03:15:08,neutral,0.7215851545333862,16.670922200052466
2026-09-22T03:15:11,neutral,0.6878186464309692,16.66774226877866
2026-09-22T03:15:11,neutral,0.6468270421028137,4.589446133174016
2026-09-22T03:15:11,neutral,0.5999556183815002,6.204536646124443
2026-09-22T03:15:12,neutral,0.5571224689483643,5.508261136216491
2026-09-22T03:15:12,neutral,0.5003827810287476,6.134462827323146
2026-09-22T03:15:12,neutral,0.4959876537322998,5.663210567319675
2026-09-22T03:15:12,neutral,0.4563630521297455,5.809615227457515
2026-09-22T03:15:12,sad,0.41746973991394043,5.672247894699118
2026-09-22T03:15:12,sad,0.4424041211605072,5.369588873441025
2026-09-22T03:15:13,neutral,0.44149646162986755,15.673664621340647
2026-09-22T03:15:13,neutral,0.44822797179222107,18.499521446686515
2026-09-22T03:15:14,neutral,0.4338473379611969,16.651001409317374
2026-09-22T03:15:14,neutral,0.43936997652053833,130.08013894057808
2026-09-22T03:15:14,neutral,0.45401525497436523,152.11634570050413
2026-09-22T03:15:14,neutral,0.44907253980636597,159.3217351667553
2026-09-22T03:15:14,neutral,0.46086516976356506,5.725934116940383
2026-09-22T03:15:15,neutral,0.46148672699928284,170.7430897618563
2026-09-22T03:15:15,neutral,0.461965948343277,56.50035697447296
2026-09-22T03:15:16,neutral,0.4512077867984772,16.55125822274311
2026-09-22T03:15:16,neutral,0.4457830488681793,16.572839740322344
2026-09-22T03:15:19,neutral,0.4443834722042084,16.587258713216247
2026-09-22T03:15:20,neutral,0.46956783533096313,16.527583380619127
2026-09-22T03:15:22,neutral,0.4984401762485504,16.692152789385293
2026-09-22T03:15:28,neutral,0.48673146963119507,15.63166505789707
2026-09-22T03:15:32,neutral,0.4863622188568115,16.60433169835671
2026-09-22T03:15:34,neutral,0.4880445897579193,16.580635979823217
2026-09-22T03:15:34,neutral,0.4964663088321686,141.04664223021825
2026-09-22T03:15:34,neutral,0.4901771545410156,5.836739010637292
2026-09-22T03:15:34,neutral,0.4871339797973633,16.706181317039945
2026-09-22T03:15:35,neutral,0.46816912293434143,32.45461017054072
2026-09-22T03:15:36,neutral,0.47141823172569275,16.6645635503993
2026-09-22T03:15:38,neutral,0.4769500195980072,16.66072421627977
2026-09-22T03:15:39,neutral,0.47964972257614136,5.220406151517716
2026-09-22T03:15:39,neutral,0.518143355846405,6.1463018620743215
2026-09-22T03:15:39,neutral,0.5510592460632324,6.031229554046339
2026-09-22T03:15:48,neutral,0.563971996307373,16.65516693668795
2026-09-22T03:15:48,neutral,0.5429099798202515,4.829271044780931
2026-09-22T03:15:49,neutral,0.565139889717102,159.84999428331872
2026-09-22T03:15:49,neutral,0.5445913076400757,6.155782552541975
2026-09-22T03:15:49,neutral,0.5108309984207153,158.35330539509948
2026-09-22T03:16:00,neutral,0.48031991720199585,16.688632737429725
2026-09-22T03:16:08,neutral,0.426025390625,16.74660320933334
2026-09-22T03:16:12,neutral,0.4558018743991852,16.667808504973355
2026-09-22T03:16:14,neutral,0.456977516412735,16.676887842738086
2026-09-22T03:16:14,neutral,0.46317705512046814,4.967094495853949
2026-09-22T03:16:15,neutral,0.4621489644050598,5.457787192956659
2026-09-22T03:16:15,neutral,0.48406416177749634,6.1364283425675445
2026-09-22T03:16:15,neutral,0.47274452447891235,172.5695947335939
2026-09-22T03:16:15,neutral,0.5093969702720642,6.113619965629778
2026-09-22T03:16:15,neutral,0.56307452917099,5.617692439567976
2026-09-22T03:16:15,neutral,0.5850306153297424,5.927599213667821
2026-09-22T03:16:16,neutral,0.6184341907501221,161.46221657620202
2026-09-22T03:16:16,neutral,0.5852383971214294,16.604594634183034
2026-09-22T03:16:18,neutral,0.5358434915542603,16.578538791127134
2026-09-22T03:16:18,neutral,0.5262423753738403,5.195838180077127
2026-09-22T03:16:19,neutral,0.49309396743774414,16.53709734652841
2026-09-22T03:16:20,neutral,0.4744552671909332,16.651794682451772
2026-09-22T03:16:20,neutral,0.4485483169555664,136.4001300813008
2026-09-22T03:16:20,sad,0.46244049072265625,5.368186902778098
2026-09-22T03:16:21,sad,0.5063425302505493,158.4969202282432
2026-09-22T03:16:21,sad,0.5213137865066528,5.8351474680022255
2026-09-22T03:16:22,sad,0.5323722958564758,16.69208635956621
2026-09-22T03:16:25,sad,0.5409420728683472,16.66231269167819
2026-09-22T03:16:28,sad,0.5019658803939819,16.669398331591267
2026-09-22T03:16:28,sad,0.4993147850036621,166.698620881523
2026-09-22T03:16:29,sad,0.4642447829246521,6.343462880425165
2026-09-22T03:16:29,neutral,0.48585566878318787,6.2106185884527
2026-09-22T03:16:29,neutral,0.5074871778488159,155.7541683686732
2026-09-22T03:16:29,neutral,0.526267945766449,6.145401319539173
2026-09-22T03:16:29,neutral,0.5370217561721802,161.54928167006895
2026-09-22T03:16:30,neutral,0.57387375831604,16.567733576656753
2026-09-22T03:16:30,neutral,0.585742175579071,163.18979067776826
2026-09-22T03:16:34,neutral,0.5679903030395508,16.573167165854006
2026-09-22T03:16:39,neutral,0.5468224287033081,16.673042828408107
2026-09-22T03:16:40,neutral,0.5057932734489441,16.66608653498472
2026-09-22T03:16:40,neutral,0.47008925676345825,154.10037475200235
2026-09-22T03:16:43,neutral,0.4495084285736084,16.68391952203279
2026-09-22T03:16:45,neutral,0.4359343945980072,16.652720263311483
2026-09-22T03:16:46,neutral,0.4167998731136322,16.672976550605615
2026-09-22T03:16:48,neutral,0.41352778673171997,16.660988941146563
2026-09-22T03:16:48,neutral,0.3955870568752289,29.986301957476016
2026-09-22T03:16:49,neutral,0.3955497145652771,16.66072421627977
2026-09-22T03:16:49,neutral,0.4027710556983948,3.614520460115615
2026-09-22T03:16:50,neutral,0.3865811824798584,16.67224752955393
2026-09-22T03:16:51,neutral,0.3896373212337494,15.646418073026247
2026-09-22T03:16:51,neutral,0.3988197147846222,16.670127103487197
2026-09-22T03:16:52,neutral,0.3986733853816986,16.644856104258935
2026-09-22T03:16:52,neutral,0.39798563718795776,171.51811564570212
2026-09-22T03:16:52,neutral,0.40026187896728516,6.2654481248338145
2026-09-22T03:16:52,neutral,0.40697789192199707,6.287783934182437
2026-09-22T03:16:52,neutral,0.40302786231040955,140.59276639962457
2026-09-22T03:16:53,neutral,0.38922640681266785,16.66350424701835
2026-09-22T03:16:54,neutral,0.3869793713092804,16.67165110520186
2026-09-22T03:16:55,neutral,0.38946622610092163,16.664762184777125
2026-09-22T03:16:56,neutral,0.40525516867637634,16.6698620881523
2026-09-22T03:16:56,neutral,0.40381932258605957,16.676887842738086
2026-09-22T03:16:57,neutral,0.3992193341255188,16.66774226877866
2026-09-22T03:16:58,neutral,0.4203365445137024,16.670193358637547
2026-09-22T03:16:58,neutral,0.41241925954818726,143.0477814535657
2026-09-22T03:16:58,neutral,0.41050833463668823,58.71086226203808
2026-09-22T03:16:59,neutral,0.41440263390541077,163.18979067776826
2026-09-22T03:16:59,neutral,0.4125940799713135,155.64435208549799
2026-09-22T03:16:59,neutral,0.4226292073726654,162.28058500348217
2026-09-22T03:17:00,neutral,0.4239253103733063,15.698655567865377
2026-09-22T03:17:00,neutral,0.4150102734565735,171.91179604885647
2026-09-22T03:17:01,neutral,0.4201677739620209,16.667874741694483
2026-09-22T03:17:01,neutral,0.44019970297813416,25.50535123564896
2026-09-22T03:17:02,neutral,0.43642520904541016,16.661518416118472
2026-09-22T03:17:03,neutral,0.44103723764419556,66.55195722196659
2026-09-22T03:17:03,neutral,0.4345448911190033,161.33179475344258
2026-09-22T03:17:03,neutral,0.4327305257320404,16.78554162864781
2026-09-22T03:17:04,neutral,0.4479978680610657,63.87329820607316
2026-09-22T03:17:04,neutral,0.4487728178501129,126.6625596424473
2026-09-22T03:17:06,neutral,0.45605000853538513,16.654108827546775
2026-09-22T03:17:08,neutral,0.4527234435081482,16.660393322025953
2026-09-22T03:17:08,neutral,0.4369890093803406,23.090030278007156
2026-09-22T03:17:08,neutral,0.41929659247398376,23.08634459678884
2026-09-22T03:17:14,neutral,0.4373306632041931,16.6645635503993
2026-09-22T03:17:15,neutral,0.4339151382446289,16.683853157729345
2026-09-22T03:17:16,neutral,0.4407709240913391,16.65734971147622
2026-09-22T03:17:17,neutral,0.4420202374458313,16.661716977909133
2026-09-22T03:17:23,neutral,0.4406720995903015,16.643006793219477
2026-09-22T03:17:27,neutral,0.44760623574256897,16.667543563353135
2026-09-22T03:17:28,neutral,0.4424114227294922,15.643091841491842
2026-09-22T03:17:28,neutral,0.4450094699859619,16.67244634715448
2026-09-22T03:17:39,neutral,0.4752962589263916,16.841483099507723
2026-09-22T03:17:39,neutral,0.4772401750087738,16.665954090491876
2026-09-22T03:17:39,neutral,0.4466170370578766,37.54669722224709
2026-09-22T03:17:40,neutral,0.45974722504615784,16.664364920756636
2026-09-22T03:17:40,neutral,0.44639143347740173,165.35793416124582
2026-09-22T03:17:40,neutral,0.44327011704444885,160.17352783930343
2026-09-22T03:17:42,neutral,0.4427200257778168,16.66562298846921
2026-09-22T03:17:45,neutral,0.4285753667354584,16.60610667680223
2026-09-22T03:17:45,neutral,0.42361360788345337,16.736779939665766
2026-09-22T03:17:46,neutral,0.4199303686618805,16.671120986044812
2026-09-22T03:17:47,neutral,0.4115944802761078,15.642566776313336
2026-09-22T03:17:48,neutral,0.42530518770217896,16.66019479178252
2026-09-22T03:17:49,neutral,0.44159239530563354,16.663371843564764
2026-09-22T03:17:52,neutral,0.435595840215683,15.621127589366187
2026-09-22T03:17:53,neutral,0.44913387298583984,16.668669623412338
2026-09-22T03:17:53,neutral,0.4495013356208801,16.676224782715874
2026-09-22T03:17:54,neutral,0.4481172561645508,16.66410008859859
2026-09-22T03:17:54,neutral,0.4550720751285553,161.13346139070305
2026-09-22T03:17:55,neutral,0.4672533869743347,16.66423250362542
2026-09-22T03:17:55,neutral,0.46930018067359924,168.41212607910057
2026-09-22T03:17:56,neutral,0.45913776755332947,16.652720263311483
2026-09-22T03:17:57,neutral,0.44486767053604126,16.67337422532468
2026-09-22T03:17:57,neutral,0.4395226538181305,22.94577443214145
2026-09-22T03:17:57,neutral,0.4332946240901947,133.81948122387774
2026-09-22T03:17:58,neutral,0.42000526189804077,16.650274308670696
2026-09-22T03:18:01,neutral,0.4219154417514801,16.660922759141194
2026-09-22T03:18:02,neutral,0.41256365180015564,16.676357390502243
2026-09-22T03:18:02,neutral,0.42671290040016174,29.337157006064253
2026-09-22T03:18:03,neutral,0.4233434200286865,16.66410008859859
2026-09-22T03:18:03,neutral,0.4301756024360657,5.209500127930287
2026-09-22T03:18:05,neutral,0.43716174364089966,16.659797745489787
2026-09-22T03:18:06,neutral,0.4400486946105957,16.671849908577787
2026-09-22T03:18:08,neutral,0.4320862889289856,16.543163325274023
2026-09-22T03:18:09,neutral,0.43830806016921997,16.615777109603098
2026-09-22T03:18:09,neutral,0.44944342970848083,16.665954090491876
2026-09-22T03:18:10,neutral,0.46650996804237366,16.618937241709954
2026-09-22T03:18:10,neutral,0.4731883406639099,16.669332082760373
2026-09-22T03:18:10,neutral,0.45691514015197754,171.6304116539815
2026-09-22T03:18:12,neutral,0.47207775712013245,16.67350678778001
2026-09-22T03:18:13,neutral,0.4681455194950104,16.681928822565506
2026-09-22T03:18:13,neutral,0.4589972496032715,16.561257206033325
2026-09-22T03:18:14,neutral,0.4696539044380188,169.80987854251012
2026-09-22T03:18:14,neutral,0.4667675495147705,16.65172857347033
2026-09-22T03:18:17,neutral,0.4745161533355713,16.6698620881523
2026-09-22T03:18:18,neutral,0.46887773275375366,16.53110096877685
2026-09-22T03:18:19,neutral,0.45173192024230957,16.67125351267345
2026-09-22T03:18:19,neutral,0.4423832297325134,168.87321335104883
2026-09-22T03:18:19,neutral,0.44363561272621155,16.65523307297354
2026-09-22T03:18:20,neutral,0.4279279112815857,16.66032714475242
2026-09-22T03:18:23,neutral,0.41283220052719116,16.659268379870518
2026-09-22T03:18:24,neutral,0.41880369186401367,157.1842302503373
2026-09-22T03:18:24,neutral,0.4137255549430847,6.3025516421660335
2026-09-22T03:18:24,neutral,0.4160071909427643,15.64863634667761
2026-09-22T03:18:24,neutral,0.4098239839076996,156.014878738283
2026-09-22T03:18:26,neutral,0.421090692281723,16.67105472352062
2026-09-22T03:18:26,neutral,0.43330082297325134,27.469948325659683
2026-09-22T03:18:27,neutral,0.4394437372684479,156.91372989150767
2026-09-22T03:18:27,neutral,0.43914133310317993,16.65648976220355
2026-09-22T03:18:28,neutral,0.4429348111152649,16.662842250790572
2026-09-22T03:18:29,neutral,0.44989243149757385,16.673771919014435
2026-09-22T03:18:30,neutral,0.4393339157104492,16.63977148751314
2026-09-22T03:18:31,neutral,0.4471417963504791,16.629611567724876
2026-09-22T03:18:32,neutral,0.4417412281036377,16.67960694018603
2026-09-22T03:18:33,neutral,0.44312047958374023,16.627238310439832
2026-09-22T03:18:33,neutral,0.43300923705101013,165.90736125944386
2026-09-22T03:18:35,neutral,0.43044885993003845,16.68206152108374
2026-09-22T03:18:36,neutral,0.44537466764450073,16.562826770285426
2026-09-22T03:18:36,neutral,0.4463466703891754,16.66946458094875
2026-09-22T03:18:36,neutral,0.4331183433532715,157.06062535105787
2026-09-22T03:18:38,neutral,0.4391552805900574,16.64690403521236
2026-09-22T03:18:39,neutral,0.4400656819343567,16.68484867772014
2026-09-22T03:18:40,neutral,0.4368599057197571,15.65430163511027
2026-09-22T03:18:40,neutral,0.44288650155067444,170.28557508830335
2026-09-22T03:18:41,neutral,0.4359002113342285,16.663239442215247
2026-09-22T03:18:42,neutral,0.4424232840538025,16.542184640625987
2026-09-22T03:18:46,neutral,0.4276426434516907,16.663702856143946
2026-09-22T03:18:46,neutral,0.417734295129776,155.70791105171327
2026-09-22T03:18:47,neutral,0.4136129915714264,16.661584602856177
2026-09-22T03:18:47,neutral,0.4139081537723541,16.67450107338793
2026-09-22T03:18:48,neutral,0.4231819212436676,164.40514267795547
2026-09-22T03:18:50,neutral,0.423663467168808,16.68060195348541
2026-09-22T03:18:52,neutral,0.4146036207675934,16.68299046982642
2026-09-22T03:18:52,neutral,0.4166514277458191,52.14137069404905
2026-09-22T03:18:52,neutral,0.41105347871780396,147.7387812610074
2026-09-22T03:18:53,neutral,0.40005069971084595,16.666881246150485
2026-09-22T03:18:53,neutral,0.41063031554222107,65.59236844162953
2026-09-22T03:18:53,neutral,0.39786478877067566,159.75866534623296
2026-09-22T03:18:53,neutral,0.40620341897010803,161.54305962101373
2026-09-22T03:18:54,neutral,0.41910356283187866,16.667543563353135
2026-09-22T03:18:54,neutral,0.4068763852119446,16.659069876436313
2026-09-22T03:18:55,neutral,0.4037856161594391,174.96679459369264
2026-09-22T03:18:55,neutral,0.38927480578422546,15.644083727453117
2026-09-22T03:18:56,neutral,0.3904615044593811,16.689894472121857
2026-09-22T03:18:56,neutral,0.40745872259140015,161.9609993435533
2026-09-22T03:18:56,neutral,0.40778571367263794,16.669265834456063
2026-09-22T03:18:57,neutral,0.4051916003227234,16.774330815099802
2026-09-22T03:18:57,neutral,0.40847569704055786,16.634558030331874
2026-09-22T03:18:58,neutral,0.40028005838394165,16.67171737246703
2026-09-22T03:18:59,neutral,0.38956955075263977,16.648423793533226
2026-09-22T03:18:59,neutral,0.39344698190689087,14.532472212212767
2026-09-22T03:19:01,neutral,0.4141595959663391,16.64974554808387
2026-09-22T03:19:02,neutral,0.41640704870224,16.652521915893786
2026-09-22T03:19:02,neutral,0.4138258099555969,38.61233958720748
2026-09-22T03:19:03,neutral,0.4007028639316559,159.84999428331872
2026-09-22T03:19:03,neutral,0.409527450799942,16.630666566218483
2026-09-22T03:19:04,neutral,0.40939512848854065,16.665358116323237
2026-09-22T03:19:04,neutral,0.4099544584751129,16.672048716695087
2026-09-22T03:19:05,neutral,0.40965837240219116,3.833194115184892
2026-09-22T03:19:05,neutral,0.4029233455657959,16.677086771026755
2026-09-22T03:19:06,neutral,0.4019908010959625,16.660525678150236
2026-09-22T03:19:06,neutral,0.38738006353378296,174.26890476981885
2026-09-22T03:19:07,neutral,0.4049605429172516,16.677153081510934
2026-09-22T03:19:11,neutral,0.42200833559036255,16.649282910118647
2026-09-22T03:19:17,neutral,0.429253488779068,16.762197071424005
2026-09-22T03:19:25,neutral,0.4170398712158203,16.671916177423395
2026-09-22T03:19:27,neutral,0.4276140332221985,16.683985886864203
2026-09-22T03:19:29,neutral,0.42773741483688354,16.71030792706005
2026-09-22T03:19:33,neutral,0.4274168014526367,16.671452306567137
2026-09-22T03:19:33,neutral,0.46054157614707947,16.58181588165063
2026-09-22T03:19:36,neutral,0.46661561727523804,16.665755427699544
2026-09-22T03:19:45,neutral,0.4711649417877197,16.66582164810407
2026-09-22T03:19:55,neutral,0.47080332040786743,16.667543563353135
2026-09-22T03:19:58,neutral,0.46800270676612854,16.65867288375917
2026-09-22T03:19:59,neutral,0.4705367088317871,16.669199586678324
2026-09-22T03:20:17,neutral,0.48390769958496094,16.76977022202142
2026-09-22T03:20:17,neutral,0.4648885726928711,16.671452306567137
2026-09-22T03:20:27,neutral,0.47701606154441833,16.662974645828204
2026-09-22T03:20:32,neutral,0.483943372964859,16.67615847961354
2026-09-22T03:20:43,neutral,0.4631505012512207,16.655762182167635
2026-09-22T03:21:13,neutral,0.4781249463558197,16.678081483661117
2026-09-22T03:21:14,neutral,0.4705387055873871,16.546622272017167
2026-09-22T03:21:49,neutral,0.4649136960506439,16.67244634715448
2026-09-22T03:21:55,neutral,0.4564131796360016,16.67277772035967
2026-09-22T03:21:56,neutral,0.4486067295074463,16.663570449534177
2026-09-22T03:22:31,neutral,0.4578188359737396,16.66410008859859
2026-09-22T03:22:48,neutral,0.4731854796409607,16.671187249095752
2026-09-22T03:22:48,neutral,0.4713754653930664,16.68060195348541
2026-09-22T03:22:50,neutral,0.4716455936431885,16.666682561253765
2026-09-22T03:22:51,neutral,0.48210182785987854,16.67675522651547
2026-09-22T03:22:53,neutral,0.4700547158718109,16.64551667209042
2026-09-22T03:22:55,neutral,0.4706343114376068,16.664431130111407
2026-09-22T03:22:59,neutral,0.47578319907188416,16.669928341196062
2026-09-22T03:23:00,neutral,0.47900837659835815,16.66807345501655
2026-09-22T03:23:00,neutral,0.4823669493198395,5.248732336555259
2026-09-22T03:23:01,neutral,0.482893705368042,16.666020312475165
2026-09-22T03:23:02,neutral,0.4858090877532959,16.653116972322255
2026-09-22T03:23:02,neutral,0.47585082054138184,16.66165079011973
2026-09-22T03:23:02,neutral,0.4712386131286621,20.562027227759177
2026-09-22T03:23:04,neutral,0.44394341111183167,16.674103344915046
2026-09-22T03:23:04,neutral,0.429330050945282,16.696405397874287
2026-09-22T03:23:05,neutral,0.426694393157959,16.667146166715014
2026-09-22T03:23:05,neutral,0.4208511710166931,159.81345018098685
2026-09-22T03:23:05,neutral,0.403311550617218,6.109728243136158
2026-09-22T03:23:05,neutral,0.4077051281929016,163.27237338938846
2026-09-22T03:23:06,neutral,0.40417712926864624,16.662842250790572
2026-09-22T03:23:07,neutral,0.3946174383163452,16.670657159436878
2026-09-22T03:23:07,neutral,0.40357154607772827,167.81243498439625
2026-09-22T03:23:07,neutral,0.4050162434577942,16.67344050628886
2026-09-22T03:23:10,neutral,0.4324002265930176,16.673175385593893
2026-09-22T03:23:11,neutral,0.43891292810440063,16.667808504973355
2026-09-22T03:23:11,neutral,0.44851154088974,16.707246053527825
2026-09-22T03:23:19,neutral,0.45312565565109253,16.68139804960308
2026-09-22T03:23:23,neutral,0.4696179926395416,16.669398331591267
2026-09-22T03:23:26,neutral,0.47154346108436584,15.640641838854147
2026-09-22T03:23:31,neutral,0.467674195766449,16.677418328720933
2026-09-22T03:23:33,neutral,0.4698823094367981,16.682791400672194
2026-09-22T03:23:34,neutral,0.4758719503879547,161.40629569768336
2026-09-22T03:23:38,neutral,0.48557692766189575,16.663371843564764
2026-09-22T03:23:39,neutral,0.48170042037963867,16.66542433357041
2026-09-22T03:23:43,neutral,0.4822692275047302,16.67801516579386
2026-09-22T03:23:45,neutral,0.4929885268211365,16.64901855711025
2026-09-22T03:23:47,neutral,0.48273739218711853,16.66953083083282
2026-09-22T03:23:52,neutral,0.48726367950439453,16.66568920782126
2026-09-22T03:23:53,neutral,0.4815782606601715,16.67337422532468
2026-09-22T03:23:56,neutral,0.4684727191925049,16.661452229906608
2026-09-22T03:23:59,neutral,0.46841731667518616,16.662378884726465
2026-09-22T03:24:00,neutral,0.4604140818119049,16.623877355274942
2026-09-22T03:24:01,neutral,0.450197696685791,16.67847940194051
2026-09-22T03:24:17,neutral,0.4415275454521179,16.66582164810407
2026-09-22T03:24:17,neutral,0.44480210542678833,139.56357102452336
2026-09-22T03:24:18,neutral,0.4274676442146301,15.52928283164871
2026-09-22T03:24:22,neutral,0.43974167108535767,16.66615275802055
2026-09-22T03:24:23,neutral,0.42852964997291565,16.689163970889588
2026-09-22T03:24:26,neutral,0.4329493045806885,15.65389266253639
2026-09-22T03:24:30,neutral,0.4449509084224701,16.65364594707272
2026-09-22T03:24:31,neutral,0.4440675675868988,16.66304084413598
2026-09-22T03:24:34,neutral,0.43993163108825684,16.666417655426724
2026-09-22T03:24:37,neutral,0.443763792514801,16.66648388109401
2026-09-22T03:24:40,neutral,0.4535556435585022,16.695541411415356
2026-09-22T03:24:49,neutral,0.45850127935409546,16.527453128324755
2026-09-22T03:24:59,neutral,0.4752766191959381,16.659202211533497
2026-09-22T03:25:10,neutral,0.4776427149772644,16.655299209784378
2026-09-22T03:25:15,neutral,0.4746572971343994,16.664695972791712
2026-09-22T03:25:16,neutral,0.4764948785305023,16.67105472352062
2026-09-22T03:25:17,neutral,0.4811403751373291,16.668404654415973
2026-09-22T03:25:18,neutral,0.47988495230674744,16.83952223225936
2026-09-22T03:25:19,neutral,0.5077138543128967,16.667146166715014
2026-09-22T03:25:25,neutral,0.49313315749168396,16.657018951247796
2026-09-22T03:25:25,neutral,0.47220849990844727,4.992024527464261
2026-09-22T03:25:27,neutral,0.4568672776222229,16.77808846059995
2026-09-22T03:25:28,neutral,0.44765108823776245,153.1718219333163
2026-09-22T03:25:28,neutral,0.43600407242774963,161.21397547757235
2026-09-22T03:25:28,neutral,0.46009713411331177,22.750248151744113
2026-09-22T03:25:28,neutral,0.46388259530067444,16.663173242329496
2026-09-22T03:25:29,neutral,0.48192334175109863,16.66310704296974
2026-09-22T03:25:29,neutral,0.4920686185359955,3.772171593487585
2026-09-22T03:25:29,neutral,0.46706756949424744,166.61915544432526
2026-09-22T03:25:30,neutral,0.48403453826904297,167.1703467516939
2026-09-22T03:25:30,neutral,0.50995934009552,16.66873586697771
2026-09-22T03:25:31,neutral,0.5214482545852661,16.687968743161573
2026-09-22T03:25:31,neutral,0.5322622060775757,16.67390448779363
2026-09-22T03:25:31,neutral,0.5406535267829895,167.52422414826057
2026-09-22T03:25:32,neutral,0.5195990204811096,16.641752137599937
2026-09-22T03:25:33,neutral,0.5198030471801758,16.66972958364466
2026-09-22T03:25:34,neutral,0.4999103546142578,16.658077430219073
2026-09-22T03:25:34,neutral,0.49028149247169495,4.98570487812416
2026-09-22T03:25:34,neutral,0.49267417192459106,22.625805790362342
2026-09-22T03:25:36,neutral,0.4982379078865051,16.661915544432528
2026-09-22T03:25:36,neutral,0.5116632580757141,31.195085307986375
2026-09-22T03:25:37,neutral,0.5217258334159851,16.664431130111407
2026-09-22T03:25:39,neutral,0.5113488435745239,16.650803102843213
2026-09-22T03:25:39,neutral,0.5079812407493591,16.63436011532955
2026-09-22T03:25:40,neutral,0.4894162118434906,5.996171534688497
2026-09-22T03:25:40,neutral,0.49449968338012695,165.6387331174473
2026-09-22T03:25:40,neutral,0.5005916953086853,164.87044025157232
2026-09-22T03:25:40,neutral,0.5002502799034119,6.09010495013852
2026-09-22T03:25:40,neutral,0.4840221405029297,6.1243500467980905
2026-09-22T03:25:40,neutral,0.46001380681991577,6.205188368704091
2026-09-22T03:25:41,neutral,0.4438728392124176,42.001842579611456
2026-09-22T03:25:41,neutral,0.44202136993408203,5.95320951819969
2026-09-22T03:25:41,neutral,0.4518583416938782,6.145869568721344
2026-09-22T03:25:41,neutral,0.4672635495662689,6.0964695656471255
2026-09-22T03:25:41,neutral,0.5042839050292969,6.313024448026683
2026-09-22T03:25:41,neutral,0.5010565519332886,5.712287200719091
2026-09-22T03:25:42,neutral,0.48998069763183594,5.880684319592167
2026-09-22T03:25:42,neutral,0.49069637060165405,6.2353904864411644
2026-09-22T03:25:42,neutral,0.49605756998062134,5.951545388241371
2026-09-22T03:25:42,neutral,0.4948667585849762,5.909551250440296
2026-09-22T03:25:42,neutral,0.4763612747192383,155.78309315109198
2026-09-22T03:25:43,neutral,0.45340633392333984,4.051508580094567
2026-09-22T03:25:43,neutral,0.4607618749141693,171.7006713607336
2026-09-22T03:25:43,neutral,0.4638591408729553,6.046889552066664
2026-09-22T03:25:43,neutral,0.48410892486572266,6.3697916983057645
2026-09-22T03:25:43,neutral,0.5039445161819458,156.69682818395785
2026-09-22T03:25:44,neutral,0.4858972430229187,16.668338413483127
2026-09-22T03:25:44,neutral,0.4607274532318115,5.162404565824503
2026-09-22T03:25:45,neutral,0.44639071822166443,6.4222450198288135
2026-09-22T03:25:45,neutral,0.44914063811302185,6.143439051219445
2026-09-22T03:25:45,sad,0.46342286467552185,6.3368595990270284
2026-09-22T03:25:45,sad,0.47607335448265076,6.0518627535855485
2026-09-22T03:25:45,sad,0.5316487550735474,6.268556961419933
2026-09-22T03:25:45,sad,0.5908754467964172,156.014878738283
2026-09-22T03:25:46,sad,0.6470150351524353,6.075399601665762
2026-09-22T03:25:46,sad,0.6676271557807922,6.063568890392383
2026-09-22T03:25:46,sad,0.6449669003486633,6.344787108036602
2026-09-22T03:25:46,sad,0.5994691848754883,6.1930393157143255
2026-09-22T03:25:46,sad,0.5463191866874695,6.280430703899305
2026-09-22T03:25:46,sad,0.5309698581695557,165.00664856996735
2026-09-22T03:25:47,sad,0.47068724036216736,16.61439492968905
2026-09-22T03:25:47,sad,0.4548625349998474,161.49951869392785
2026-09-22T03:25:47,sad,0.4266997277736664,16.610776024237143
2026-09-22T03:25:48,neutral,0.4267560839653015,16.667874741694483
2026-09-22T03:25:48,neutral,0.44175273180007935,167.2436700027912
2026-09-22T03:25:48,neutral,0.4160064160823822,6.099244411612445
2026-09-22T03:25:49,neutral,0.42529019713401794,5.862297703191325
2026-09-22T03:25:49,neutral,0.4272560179233551,6.089459494382104
2026-09-22T03:25:49,neutral,0.4244655668735504,64.3890696960393
2026-09-22T03:25:51,neutral,0.43362993001937866,16.65073700173482
2026-09-22T03:25:51,neutral,0.4374721646308899,160.68283339079798
2026-09-22T03:25:52,neutral,0.44370755553245544,16.61650120038983
2026-09-22T03:25:52,neutral,0.4356779456138611,16.700726671842958
2026-09-22T03:25:53,neutral,0.45957332849502563,169.48737220673212
2026-09-22T03:25:53,neutral,0.4556714594364166,26.71361059805108
2026-09-22T03:25:53,neutral,0.4869498312473297,16.657680484840782
2026-09-22T03:25:54,neutral,0.4791868329048157,16.644988213630917
2026-09-22T03:25:54,neutral,0.5015644431114197,168.1016392128572
2026-09-22T03:25:54,neutral,0.5200508832931519,161.04684380279528
2026-09-22T03:25:54,neutral,0.5370451807975769,169.32316014694604
2026-09-22T03:25:54,neutral,0.5228126645088196,6.267732631987926
2026-09-22T03:25:55,neutral,0.5019649863243103,160.63975488318653
2026-09-22T03:25:55,neutral,0.5451334714889526,6.193075892903285
2026-09-22T03:25:55,neutral,0.5580673217773438,160.65821427203431
2026-09-22T03:25:55,neutral,0.5875152349472046,16.628886333901598
2026-09-22T03:25:55,neutral,0.5830589532852173,3.5294478001033345
2026-09-22T03:25:56,neutral,0.5968905687332153,162.16764614908755
2026-09-22T03:25:56,neutral,0.5783333778381348,5.851502041738805
2026-09-22T03:25:56,neutral,0.558676540851593,156.4513409675855
2026-09-22T03:25:56,neutral,0.5572119951248169,65.21197798439006
2026-09-22T03:25:56,neutral,0.5461050868034363,4.014663851309313
2026-09-22T03:25:57,neutral,0.5633317828178406,165.00015735641227
2026-09-22T03:25:57,neutral,0.5501627922058105,146.73094280216898
2026-09-22T03:25:57,neutral,0.5413676500320435,168.69661746370107
2026-09-22T03:25:57,neutral,0.5391685366630554,5.975115462090541
2026-09-22T03:25:57,neutral,0.5682588815689087,6.187521114086138
2026-09-22T03:25:58,neutral,0.5837767124176025,16.681796126158375
2026-09-22T03:25:58,neutral,0.5924597978591919,3.9095335744379405
2026-09-22T03:25:58,neutral,0.5850759148597717,162.86661748145846
2026-09-22T03:25:59,neutral,0.5805000066757202,4.075503085070204
2026-09-22T03:25:59,neutral,0.6078025102615356,156.1891710732107
2026-09-22T03:25:59,neutral,0.6084939241409302,5.655551450461553
2026-09-22T03:26:00,neutral,0.5939855575561523,16.650869204476432
2026-09-22T03:26:00,neutral,0.5987274050712585,16.669795835635167
2026-09-22T03:26:01,neutral,0.5655971765518188,16.651662465013796
2026-09-22T03:26:01,neutral,0.5245523452758789,16.680867310415042
2026-09-22T03:26:02,neutral,0.4783608019351959,165.70417193426044
2026-09-22T03:26:02,neutral,0.4684157371520996,161.05302768498254
2026-09-22T03:26:03,neutral,0.4534214437007904,16.570613589762836
2026-09-22T03:26:05,neutral,0.45150819420814514,16.69587370331744
2026-09-22T03:26:06,neutral,0.4267590641975403,16.618937241709954
2026-09-22T03:26:10,neutral,0.41600722074508667,16.7608574031745
2026-09-22T03:26:24,neutral,0.3962935507297516,16.641223918140952
2026-09-22T03:26:28,neutral,0.36698395013809204,16.6540427001894
2026-09-22T03:26:29,neutral,0.35983043909072876,16.73637923466741
2026-09-22T03:26:29,neutral,0.3736928105354309,3.8785726703433685
2026-09-22T03:26:29,neutral,0.397032767534256,5.999748240544716
2026-09-22T03:26:30,neutral,0.40230026841163635,5.862297703191325
2026-09-22T03:26:30,neutral,0.4027177691459656,5.875634414657482
2026-09-22T03:26:30,neutral,0.4076271951198578,5.98795357887779
2026-09-22T03:26:30,neutral,0.3980516493320465,5.935954644328489
2026-09-22T03:26:30,neutral,0.4121685028076172,6.06242953695299
2026-09-22T03:26:30,neutral,0.4087008535861969,6.05154841464963
2026-09-22T03:26:31,neutral,0.422855943441391,6.013218372677825
2026-09-22T03:26:31,neutral,0.4362310469150543,5.989766438889246
2026-09-22T03:26:31,neutral,0.41774553060531616,5.925865644903333
2026-09-22T03:26:31,neutral,0.40747499465942383,5.774868064705777
2026-09-22T03:26:31,neutral,0.38878294825553894,161.68628811533864
2026-09-22T03:26:31,neutral,0.3994714319705963,6.203591432742353
2026-09-22T03:26:32,neutral,0.38880011439323425,6.15310948630981
2026-09-22T03:26:32,neutral,0.4013006091117859,6.10112529528819
2026-09-22T03:26:32,neutral,0.3932191729545593,6.03748033354877
2026-09-22T03:26:32,neutral,0.39216795563697815,6.064147495286674
2026-09-22T03:26:32,neutral,0.3870592415332794,6.0800848888805135
2026-09-22T03:26:32,neutral,0.3772766590118408,5.958969346351
2026-09-22T03:26:32,neutral,0.3862431049346924,6.167096499095734
2026-09-22T03:26:33,neutral,0.39670321345329285,6.220612553929573
2026-09-22T03:26:33,neutral,0.37568363547325134,6.277131585721384
2026-09-22T03:26:33,neutral,0.3576428294181824,156.0845489729086
2026-09-22T03:26:33,neutral,0.36299270391464233,6.287331510529093
2026-09-22T03:26:33,neutral,0.3570214509963989,6.333357493174844
2026-09-22T03:26:33,neutral,0.3392890691757202,169.96126104222384
2026-09-22T03:26:34,sad,0.34281986951828003,6.214216397289885
2026-09-22T03:26:34,sad,0.35542312264442444,162.8286812376257
2026-09-22T03:26:34,sad,0.35984405875205994,5.648072738241441
2026-09-22T03:26:34,sad,0.3599017858505249,5.806124920922545
2026-09-22T03:26:34,sad,0.35570862889289856,151.2332876613543
2026-09-22T03:26:34,neutral,0.3673442006111145,5.908768687204512
2026-09-22T03:26:35,neutral,0.37343138456344604,131.4046179391585
2026-09-22T03:26:35,neutral,0.36962205171585083,5.7726108504556235
2026-09-22T03:26:35,neutral,0.3610669672489166,5.882556552740716
2026-09-22T03:26:35,neutral,0.3628621995449066,6.022258053863284
2026-09-22T03:26:35,neutral,0.37124162912368774,5.822333151022652
2026-09-22T03:26:36,neutral,0.37642425298690796,6.055899670515942
2026-09-22T03:26:36,neutral,0.37157633900642395,155.15495875411534
2026-09-22T03:26:36,neutral,0.36476725339889526,6.137703459488094
2026-09-22T03:26:36,sad,0.3569088578224182,6.108589271566388
2026-09-22T03:26:36,sad,0.3595854341983795,6.103078382641391
2026-09-22T03:26:36,neutral,0.3703865110874176,6.335050651055236
2026-09-22T03:26:37,neutral,0.3721386790275574,5.885040956579571
2026-09-22T03:26:37,neutral,0.37108471989631653,5.740871936096709
2026-09-22T03:26:37,sad,0.3810761868953705,159.27333485228223
2026-09-22T03:26:37,sad,0.37430113554000854,5.956210681776225
2026-09-22T03:26:37,neutral,0.39143311977386475,6.175450168583165
2026-09-22T03:26:37,neutral,0.39577749371528625,4.540538199894776
2026-09-22T03:26:38,neutral,0.4098995625972748,6.198448283505993
2026-09-22T03:26:38,neutral,0.4168759882450104,6.106570420658921
2026-09-22T03:26:38,neutral,0.42711377143859863,5.508347943712284
2026-09-22T03:26:38,neutral,0.441762775182724,4.266367208519096
2026-09-22T03:26:38,neutral,0.47080087661743164,123.81343724170505
2026-09-22T03:26:39,neutral,0.4835990369319916,5.548388120907467
2026-09-22T03:26:39,neutral,0.49624818563461304,5.013469884904143
2026-09-22T03:26:39,neutral,0.4962409436702728,4.6656514363580746
2026-09-22T03:26:39,neutral,0.4691339135169983,4.499988198311286
2026-09-22T03:26:39,neutral,0.46489039063453674,4.330524994218125
2026-09-22T03:26:40,neutral,0.4651501178741455,4.413059352082741
2026-09-22T03:26:40,neutral,0.4612206816673279,4.481673378716693
2026-09-22T03:26:40,neutral,0.4502781927585602,4.52253122627838
2026-09-22T03:26:40,neutral,0.44653254747390747,4.402775415944996
2026-09-22T03:26:41,neutral,0.40235620737075806,4.330153918897573
2026-09-22T03:26:41,sad,0.4035160541534424,4.43479400954987
2026-09-22T03:26:41,sad,0.4073222279548645,4.439173234805083
2026-09-22T03:26:41,sad,0.4191184937953949,4.423312139392783
2026-09-22T03:26:41,sad,0.4183126389980316,4.324916477624252
2026-09-22T03:26:42,sad,0.4250930845737457,4.485018408201193
2026-09-22T03:26:42,neutral,0.42369580268859863,4.450846331713643
2026-09-22T03:26:42,neutral,0.4349270462989807,4.486937582171653
2026-09-22T03:26:42,sad,0.43849557638168335,4.393031569090968
2026-09-22T03:26:43,sad,0.4677800238132477,4.416079513150414
2026-09-22T03:26:43,sad,0.4562962055206299,4.431898054713173
2026-09-22T03:26:43,sad,0.46052274107933044,4.4611712650769
2026-09-22T03:26:43,neutral,0.4933087229728699,4.32860771146358
2026-09-22T03:26:43,neutral,0.5077264904975891,4.432891062780999
2026-09-22T03:26:44,neutral,0.5054711103439331,4.465098849953106
2026-09-22T03:26:44,neutral,0.4961370527744293,4.324345724631106
2026-09-22T03:26:44,neutral,0.499161958694458,4.361878654134541
2026-09-22T03:26:44,neutral,0.5084608197212219,4.265031009225995
2026-09-22T03:26:45,neutral,0.4949944019317627,4.313969191400251
2026-09-22T03:26:45,neutral,0.5099502801895142,4.420799227628309
2026-09-22T03:26:45,neutral,0.5131946802139282,4.484279963863215
2026-09-22T03:26:45,neutral,0.5041612386703491,4.519743619584567
2026-09-22T03:26:46,neutral,0.49697670340538025,4.4386799641036925
2026-09-22T03:26:46,neutral,0.49410486221313477,4.560488417481692
2026-09-22T03:26:46,neutral,0.5133656859397888,4.554659554644352
2026-09-22T03:26:46,neutral,0.5194560289382935,4.450171033756886
2026-09-22T03:26:46,neutral,0.4981672763824463,4.439807601111036
2026-09-22T03:26:47,neutral,0.48391467332839966,4.289092954289805
2026-09-22T03:26:47,neutral,0.49012845754623413,4.470600524196944
2026-09-22T03:26:47,neutral,0.48500528931617737,4.530449782513126
2026-09-22T03:26:47,neutral,0.46915102005004883,4.519655953466219
2026-09-22T03:26:48,neutral,0.4752041697502136,4.312026639278955
2026-09-22T03:26:48,neutral,0.47101083397865295,4.54022363905998
2026-09-22T03:26:48,sad,0.475912481546402,4.490367393345445
2026-09-22T03:26:48,sad,0.479349285364151,4.505605280006187
2026-09-22T03:26:48,sad,0.4693709909915924,4.368679856471042
2026-09-22T03:26:49,neutral,0.46805253624916077,4.45623242975621
2026-09-22T03:26:49,neutral,0.4658897817134857,4.490660659567498
2026-09-22T03:26:49,neutral,0.47017931938171387,4.529921342332038
2026-09-22T03:26:49,sad,0.4785654544830322,4.625048656528466
2026-09-22T03:26:50,sad,0.47198668122291565,4.430381297836517
2026-09-22T03:26:50,sad,0.4769080579280853,4.529080006867635
2026-09-22T03:26:50,sad,0.48056015372276306,4.510193438219452
2026-09-22T03:26:50,sad,0.47410696744918823,4.5744549278708515
2026-09-22T03:26:50,sad,0.4714888036251068,4.345758012493408
2026-09-22T03:26:51,sad,0.4774295687675476,4.482272050132834
2026-09-22T03:26:51,sad,0.4936506152153015,4.505019714745727
2026-09-22T03:26:51,sad,0.5021088123321533,4.482937960592765
2026-09-22T03:26:51,sad,0.4972783029079437,4.153680999821743
2026-09-22T03:26:52,sad,0.5059738159179688,4.310493348200751
2026-09-22T03:26:52,sad,0.5214170813560486,2.582675652626361
2026-09-22T03:26:52,sad,0.5260992646217346,5.273777745365661
2026-09-22T03:26:52,sad,0.5279687643051147,4.777661211597234
2026-09-22T03:26:53,sad,0.5093111395835876,4.502833659516405
2026-09-22T03:26:53,sad,0.5031543970108032,4.581385238828631
2026-09-22T03:26:53,sad,0.48958390951156616,4.558005490075049
2026-09-22T03:26:53,sad,0.4734852910041809,4.557232914874799
2026-09-22T03:26:53,neutral,0.4673900008201599,4.351660026560425
2026-09-22T03:26:54,neutral,0.47402000427246094,4.387425299403859
2026-09-22T03:26:54,neutral,0.5161961317062378,4.481467472716743
2026-09-22T03:26:54,neutral,0.5395618081092834,4.543523781359037
2026-09-22T03:26:54,neutral,0.5776088833808899,4.433181554904473
2026-09-22T03:26:55,neutral,0.5879647731781006,4.41853120295643
2026-09-22T03:26:55,neutral,0.5549432039260864,4.483397985503234
2026-09-22T03:26:55,neutral,0.5192335247993469,121.13163518743141
2026-09-22T03:26:55,neutral,0.506501317024231,4.482104406014604
2026-09-22T03:26:56,neutral,0.49897971749305725,4.470915042781872
2026-09-22T03:26:56,neutral,0.49540871381759644,4.548623582589382
2026-09-22T03:26:56,neutral,0.4865776002407074,4.5720813671211165
2026-09-22T03:26:56,neutral,0.48635953664779663,4.53795910506767
2026-09-22T03:27:06,neutral,0.49937885999679565,0.0979326043697004
2026-09-22T03:27:07,neutral,0.48047924041748047,5.164483145846057
2026-09-22T03:27:07,neutral,0.4679044783115387,6.232157025898575
2026-09-22T03:27:07,neutral,0.4719717502593994,5.963841322699488
2026-09-22T03:27:07,neutral,0.49828070402145386,6.064296547765525
2026-09-22T03:27:07,neutral,0.49479085206985474,6.198191807867025
2026-09-22T03:27:07,neutral,0.48896393179893494,6.063910779938209
2026-09-22T03:27:08,neutral,0.5313339233398438,6.10973714302362
2026-09-22T03:27:08,neutral,0.5301624536514282,6.075927656214916
2026-09-22T03:27:08,neutral,0.5427570939064026,6.08259783803538
2026-09-22T03:27:08,neutral,0.5658375024795532,6.155963248891889
2026-09-22T03:27:08,neutral,0.5639046430587769,6.170226475326031
2026-09-22T03:27:08,neutral,0.5831989049911499,6.162547824604914
2026-09-22T03:27:08,neutral,0.6158348321914673,5.97782351163838
2026-09-22T03:27:09,neutral,0.6136001348495483,6.1634171716756105
2026-09-22T03:27:09,neutral,0.6169126629829407,5.666194292878053
2026-09-22T03:27:09,neutral,0.6325917840003967,5.811466630826806
2026-09-22T03:27:09,neutral,0.6040619015693665,5.976000843475461
2026-09-22T03:27:09,neutral,0.6122569441795349,5.688834877056017
2026-09-22T03:27:10,neutral,0.6094282865524292,6.013226993618757
2026-09-22T03:27:10,neutral,0.577139675617218,6.092670441505016
2026-09-22T03:27:10,neutral,0.5784432291984558,6.340279320910673
2026-09-22T03:27:10,neutral,0.5572258830070496,6.317617253044859
2026-09-22T03:27:10,neutral,0.541465699672699,6.434886400422211
2026-09-22T03:27:10,neutral,0.5300203561782837,5.890123593754169
2026-09-22T03:27:10,neutral,0.534600019454956,6.0673669044350484
2026-09-22T03:27:11,neutral,0.549941897392273,5.99985123049546
2026-09-22T03:27:11,neutral,0.5342221856117249,6.376803133133864
2026-09-22T03:27:11,neutral,0.538068950176239,5.8113377993612705
2026-09-22T03:27:11,neutral,0.5313523411750793,3.590156118529906
2026-09-22T03:27:11,neutral,0.5361027121543884,5.956481357877068
2026-09-22T03:27:12,neutral,0.5185482501983643,5.6743735507315005
2026-09-22T03:27:12,neutral,0.5326789617538452,6.000271809493018
2026-09-22T03:27:12,neutral,0.5261046290397644,6.230240769321036
2026-09-22T03:27:12,neutral,0.5511689782142639,5.984228691112624
2026-09-22T03:27:12,neutral,0.5516911745071411,5.900356752985133
2026-09-22T03:27:12,neutral,0.5222067832946777,5.992984401366542
2026-09-22T03:27:13,neutral,0.5305973291397095,6.076024476172817
2026-09-22T03:27:13,neutral,0.5163565278053284,5.268921645231557
2026-09-22T03:27:13,neutral,0.5006401538848877,4.688070318193402
2026-09-22T03:27:13,neutral,0.4696064591407776,2.547542170489525
2026-09-22T03:27:14,neutral,0.4736270308494568,5.057655993382355
2026-09-22T03:27:14,neutral,0.4874041974544525,4.711398871772522
2026-09-22T03:27:14,neutral,0.47874075174331665,4.576985781163042
2026-09-22T03:27:14,neutral,0.45397526025772095,4.42427330196272
2026-09-22T03:27:15,neutral,0.4475221633911133,4.362713465182994
2026-09-22T03:27:15,neutral,0.44475752115249634,4.43184654285023
2026-09-22T03:27:15,neutral,0.4392874836921692,4.480945609707371
2026-09-22T03:27:15,neutral,0.4514460563659668,4.443335162518513
2026-09-22T03:27:15,neutral,0.46754536032676697,4.45136593115847
2026-09-22T03:27:16,neutral,0.49364733695983887,4.419434408187478
2026-09-22T03:27:16,neutral,0.473336398601532,4.432029181222408
2026-09-22T03:27:16,neutral,0.42909321188926697,4.513741484885335
2026-09-22T03:27:16,neutral,0.4090416431427002,4.444531100985483
2026-09-22T03:27:17,sad,0.4045651853084564,4.398509187540768
2026-09-22T03:27:17,sad,0.4361487030982971,4.106957233556716
2026-09-22T03:27:17,sad,0.4437601566314697,4.465075083195118
2026-09-22T03:27:17,sad,0.4542030394077301,4.657031285565027
2026-09-22T03:27:17,sad,0.48830780386924744,4.458188644028703
2026-09-22T03:27:18,sad,0.5310102105140686,4.53060148719123
2026-09-22T03:27:18,sad,0.5715682506561279,4.486793587152911
2026-09-22T03:27:18,sad,0.5800372362136841,4.3527348428085455
2026-09-22T03:27:18,sad,0.551521897315979,4.569929342289484
2026-09-22T03:27:19,sad,0.53263258934021,4.4083885743354525
2026-09-22T03:27:19,sad,0.5371609330177307,4.532084813213625
2026-09-22T03:27:19,sad,0.5030921697616577,4.5006642129773695
2026-09-22T03:27:19,sad,0.4711085259914398,4.451502936675221
2026-09-22T03:27:19,sad,0.474947988986969,4.44916083070441
2026-09-22T03:27:20,sad,0.4681568741798401,4.460165547984245
2026-09-22T03:27:20,sad,0.42129087448120117,4.5295495509116215
2026-09-22T03:27:20,sad,0.39200302958488464,4.520654574378994
2026-09-22T03:27:20,sad,0.3975340723991394,4.493306593990504
2026-09-22T03:27:21,sad,0.4223286509513855,4.40735093694078
2026-09-22T03:27:21,sad,0.44075122475624084,4.48190803885321
2026-09-22T03:27:21,sad,0.432292640209198,4.546582288909268
2026-09-22T03:27:21,sad,0.44259753823280334,4.45281672795835
2026-09-22T03:27:21,sad,0.4741264283657074,4.294129631544515
2026-09-22T03:27:22,sad,0.4538652300834656,4.53679088034838
2026-09-22T03:27:22,sad,0.45298999547958374,4.539201617284512
2026-09-22T03:27:22,sad,0.4986085891723633,4.569660481620815
2026-09-22T03:27:22,sad,0.5107872486114502,4.460687325717179
2026-09-22T03:27:23,sad,0.5324825048446655,4.499191727407789
2026-09-22T03:27:23,sad,0.5191035270690918,4.546439368400743
2026-09-22T03:27:23,sad,0.4865599274635315,4.492733845700667
2026-09-22T03:27:23,sad,0.4941790699958801,4.544798890429958
2026-09-22T03:27:23,sad,0.49569615721702576,4.4484813260052904
2026-09-22T03:27:24,sad,0.4989718496799469,4.563083263162246
2026-09-22T03:27:24,sad,0.5116994976997375,4.504729408252057
2026-09-22T03:27:24,sad,0.5182132124900818,4.594478481237286
2026-09-22T03:27:24,sad,0.5029872059822083,4.5697849502197565
2026-09-22T03:27:25,sad,0.501269519329071,4.478510261174109
2026-09-22T03:27:25,sad,0.4551783502101898,4.518302430700684
2026-09-22T03:27:25,sad,0.4424981474876404,4.4941635825552515
2026-09-22T03:27:25,sad,0.46766990423202515,4.518234289124491
2026-09-22T03:27:25,sad,0.46553128957748413,4.324359099930407
2026-09-22T03:27:26,sad,0.46575361490249634,4.458037011567311
2026-09-22T03:27:26,sad,0.4348250925540924,4.610716225159011
2026-09-22T03:27:26,neutral,0.444068044424057,4.5168767533397585
2026-09-22T03:27:26,neutral,0.47630396485328674,4.497180084318695
2026-09-22T03:27:27,neutral,0.4951184391975403,4.452405494086713
2026-09-22T03:27:27,neutral,0.5056090950965881,4.429122803682854
2026-09-22T03:27:27,neutral,0.492482990026474,4.556792268138119
2026-09-22T03:27:27,neutral,0.49313703179359436,4.536511184707203
2026-09-22T03:27:27,neutral,0.5078880190849304,4.37777204879286
2026-09-22T03:27:28,neutral,0.5087128281593323,4.5201722584566575
2026-09-22T03:27:28,neutral,0.5095422863960266,4.466610935694622
2026-09-22T03:27:28,neutral,0.496286541223526,4.35179999356719
2026-09-22T03:27:28,neutral,0.48960575461387634,4.53509360926848
2026-09-22T03:27:29,neutral,0.47391796112060547,4.317255108227203
2026-09-22T03:27:29,neutral,0.460594117641449,4.561574618863148
2026-09-22T03:27:29,neutral,0.45940646529197693,4.389927970208428
2026-09-22T03:27:29,neutral,0.47238144278526306,4.553299817512107
2026-09-22T03:27:29,neutral,0.4852488934993744,4.361198337998528
2026-09-22T03:27:30,neutral,0.4580792784690857,4.547839390716097
2026-09-22T03:27:30,neutral,0.4415587782859802,4.546744933521954
2026-09-22T03:27:30,neutral,0.4230796694755554,4.573377544533771
2026-09-22T03:27:30,neutral,0.4160528779029846,4.545345584864685
2026-09-22T03:27:31,neutral,0.422311007976532,4.415716875575086
2026-09-22T03:27:31,neutral,0.43501949310302734,4.526279439187789
2026-09-22T03:27:31,neutral,0.4433206617832184,4.550972843707005
2026-09-22T03:27:31,neutral,0.4265219271183014,4.3897901342588135
2026-09-22T03:27:32,sad,0.4382270872592926,4.2360588319060986
2026-09-22T03:27:32,sad,0.43171030282974243,4.022946589998993
2026-09-22T03:27:32,sad,0.4292879104614258,3.9231184379749795
2026-09-22T03:27:32,neutral,0.43601030111312866,4.1259737487470005
2026-09-22T03:27:32,neutral,0.4356696605682373,4.372441645061448
2026-09-22T03:27:33,neutral,0.43404799699783325,4.448424709982458
2026-09-22T03:27:33,sad,0.43274497985839844,4.585988709707399
2026-09-22T03:27:33,sad,0.42870432138442993,4.551861852215209
2026-09-22T03:27:33,neutral,0.43201979994773865,4.513250929970054
2026-09-22T03:27:34,neutral,0.4424183964729309,4.276280293221047
2026-09-22T03:27:34,neutral,0.46368151903152466,4.4936243156665485
2026-09-22T03:27:34,neutral,0.4479072690010071,4.596885435812118
2026-09-22T03:27:34,neutral,0.4490368962287903,4.5447496451364735
2026-09-22T03:27:34,neutral,0.46378961205482483,4.475915153727044
2026-09-22T03:27:35,neutral,0.4776371121406555,4.593663306913105
2026-09-22T03:27:35,neutral,0.4978474974632263,4.547267446461812
2026-09-22T03:27:35,neutral,0.4790199398994446,4.496567782936794
2026-09-22T03:27:35,neutral,0.4754909873008728,4.498964905468517
2026-09-22T03:27:36,neutral,0.47451967000961304,4.453648881677865
2026-09-22T03:27:36,neutral,0.4892764687538147,4.571025027654114
2026-09-22T03:27:36,neutral,0.4886368215084076,4.514149552384663
2026-09-22T03:27:36,neutral,0.46923941373825073,4.5778450106852295
2026-09-22T03:27:36,neutral,0.4830656945705414,4.544917083488648
2026-09-22T03:27:37,neutral,0.4742196500301361,4.548687710865847
2026-09-22T03:27:37,neutral,0.4720380902290344,4.602100749515301
2026-09-22T03:27:37,neutral,0.4460957944393158,4.592506457401951
2026-09-22T03:27:37,neutral,0.4740625321865082,4.477262513596805
2026-09-22T03:27:38,neutral,0.4910668432712555,3.9575588707904448
2026-09-22T03:27:38,neutral,0.47563380002975464,4.425827909607381
2026-09-22T03:27:38,neutral,0.48036250472068787,4.487187195433115
2026-09-22T03:27:38,neutral,0.49126356840133667,4.480270719483172
2026-09-22T03:27:39,neutral,0.5086748003959656,4.391191869869331
2026-09-22T03:27:39,neutral,0.5146188139915466,4.343579807235254
2026-09-22T03:27:39,neutral,0.5256451368331909,4.4587763172581685
2026-09-22T03:27:39,neutral,0.5170663595199585,4.506786552396998
2026-09-22T03:27:39,neutral,0.5223663449287415,4.455768495304466
2026-09-22T03:27:40,neutral,0.5096938610076904,4.42943619074976
2026-09-22T03:27:40,neutral,0.5037511587142944,4.544784116729856
2026-09-22T03:27:40,neutral,0.528659999370575,4.52973543899286
2026-09-22T03:27:40,neutral,0.5214099884033203,4.46635409423388
2026-09-22T03:27:41,neutral,0.5028146505355835,4.355098595234659
2026-09-22T03:27:41,neutral,0.49831825494766235,4.449859426886067
2026-09-22T03:27:41,neutral,0.5120064616203308,4.602671418977346
2026-09-22T03:27:41,neutral,0.5088443756103516,4.487268805792587
2026-09-22T03:27:41,neutral,0.5304450392723083,4.456734345181678
2026-09-22T03:27:42,neutral,0.540906548500061,4.496770257854036
2026-09-22T03:27:42,neutral,0.5371295213699341,4.522136268807176
2026-09-22T03:27:42,neutral,0.5311646461486816,4.47016694234606
2026-09-22T03:27:42,neutral,0.5068458914756775,4.4981591486504895
2026-09-22T03:27:43,neutral,0.49493998289108276,4.4035566063785
2026-09-22T03:27:43,neutral,0.4937599301338196,4.481390861360475
2026-09-22T03:27:43,neutral,0.4951559603214264,4.55601020628736
2026-09-22T03:27:43,neutral,0.48068150877952576,4.468871462666212
2026-09-22T03:27:43,neutral,0.475960910320282,4.490203950108179
2026-09-22T03:27:44,neutral,0.47802504897117615,4.476574398710704
2026-09-22T03:27:44,neutral,0.46282514929771423,4.5077262028867136
2026-09-22T03:27:44,neutral,0.46566876769065857,4.503650763653856
2026-09-22T03:27:44,neutral,0.483966588973999,4.417581838882645
2026-09-22T03:27:45,neutral,0.5021966695785522,4.487230400547758
2026-09-22T03:27:45,neutral,0.5135100483894348,4.493268085325197
2026-09-22T03:27:45,neutral,0.5155589580535889,4.5017994086047475
2026-09-22T03:27:45,neutral,0.5021687150001526,4.482305580461386
2026-09-22T03:27:45,neutral,0.5128660798072815,4.432998821546152
2026-09-22T03:27:46,neutral,0.5172650814056396,4.412971132591018
2026-09-22T03:27:46,neutral,0.4896923899650574,4.544345873981009
2026-09-22T03:27:46,neutral,0.5128825902938843,4.433228412038398
2026-09-22T03:27:46,neutral,0.519987940788269,4.489026549051422
2026-09-22T03:27:47,neutral,0.5204248428344727,4.4188617146132145
2026-09-22T03:27:47,neutral,0.5237382054328918,4.500905696012362
2026-09-22T03:27:47,neutral,0.5364100337028503,4.482276840149057
2026-09-22T03:27:47,neutral,0.5583797693252563,4.48316796124703
2026-09-22T03:27:47,neutral,0.5815547704696655,4.459767181724999
2026-09-22T03:27:48,neutral,0.5838807821273804,4.46623519615297
2026-09-22T03:27:48,neutral,0.5867247581481934,4.494592199436556
2026-09-22T03:27:48,neutral,0.6126784086227417,4.5239458373870445
2026-09-22T03:27:48,neutral,0.6217154264450073,4.500698019042345
2026-09-22T03:27:49,neutral,0.6187224984169006,4.454471884910057
2026-09-22T03:27:49,neutral,0.6000208258628845,4.5019540327350125
2026-09-22T03:27:49,neutral,0.5970808267593384,4.496519577310624
2026-09-22T03:27:49,neutral,0.5946598052978516,4.549832458109104
2026-09-22T03:27:49,neutral,0.5804879069328308,4.446269655083952
2026-09-22T03:27:50,neutral,0.5905800461769104,4.53944725358454
2026-09-22T03:27:50,neutral,0.5887130498886108,4.585472300026019
2026-09-22T03:27:50,neutral,0.581631064414978,4.586856339223418
2026-09-22T03:27:50,neutral,0.5799621343612671,4.581835660134146
2026-09-22T03:27:51,neutral,0.5622232556343079,4.469585788727741
2026-09-22T03:27:51,neutral,0.5691116452217102,4.6207584148664385
2026-09-22T03:27:51,neutral,0.5714653134346008,4.617243505063849
2026-09-22T03:27:51,neutral,0.5633124709129333,4.527109961726351
2026-09-22T03:27:51,neutral,0.5696762800216675,4.477563630385444
2026-09-22T03:27:52,neutral,0.5706395506858826,4.569232361415989
2026-09-22T03:27:52,neutral,0.5533879995346069,4.63389881067465
2026-09-22T03:27:52,neutral,0.539081871509552,4.504081192152685
2026-09-22T03:27:52,neutral,0.5549586415290833,4.6037474905687095
2026-09-22T03:27:53,neutral,0.5540817379951477,4.471291570190139
2026-09-22T03:27:53,neutral,0.5676223039627075,4.507522740168853
2026-09-22T03:27:53,neutral,0.5511447787284851,4.549368568679748
2026-09-22T03:27:53,neutral,0.5532166957855225,4.632481124615093
2026-09-22T03:27:53,neutral,0.5495535731315613,4.640029913522926
2026-09-22T03:27:54,neutral,0.5064355134963989,4.557490410839826
2026-09-22T03:27:54,neutral,0.4871269166469574,4.609783815270314
2026-09-22T03:27:55,neutral,0.4576219916343689,16.65966540093103
2026-09-22T03:27:55,neutral,0.4606381356716156,4.9254009671593275
2026-09-22T03:27:55,neutral,0.45352745056152344,155.48856348470807
2026-09-22T03:27:55,neutral,0.4501264691352844,6.064664826481318
2026-09-22T03:27:55,neutral,0.44861507415771484,5.925522401343812
2026-09-22T03:27:56,neutral,0.48410454392433167,5.280164562013518
2026-09-22T03:27:56,neutral,0.4751100540161133,4.8524348919619005
2026-09-22T03:27:56,neutral,0.4658467769622803,122.57595417616459
2026-09-22T03:27:56,neutral,0.48268255591392517,123.37639722320273
2026-09-22T03:27:57,neutral,0.4966616630554199,120.21163050643432
2026-09-22T03:27:57,neutral,0.5325773358345032,120.40488014927516
2026-09-22T03:27:57,neutral,0.5367791652679443,4.6410464945155745
2026-09-22T03:27:57,neutral,0.5202580690383911,118.81881019830028
2026-09-22T03:27:57,neutral,0.5158201456069946,4.491045329073182
2026-09-22T03:27:58,neutral,0.5042575597763062,4.627013001912889
2026-09-22T03:27:58,neutral,0.4717739224433899,4.585938567747029
2026-09-22T03:27:58,neutral,0.4799862802028656,125.9739900886019
2026-09-22T03:27:58,neutral,0.4972915053367615,119.97093904636596
2026-09-22T03:27:59,neutral,0.5112873911857605,4.453109837538036
2026-09-22T03:27:59,neutral,0.5046426653862,4.69061307930856
2026-09-22T03:27:59,neutral,0.4819834232330322,4.55765383683391
2026-09-22T03:27:59,neutral,0.4640163481235504,4.507818251579073
2026-09-22T03:27:59,neutral,0.461193323135376,4.467238894752706
2026-09-22T03:28:00,neutral,0.4585099220275879,4.512755626279678
2026-09-22T03:28:00,neutral,0.44847536087036133,4.4459020424863445
2026-09-22T03:28:00,neutral,0.4533153176307678,4.3870306431857955
2026-09-22T03:28:00,sad,0.446242094039917,4.501354923389144
2026-09-22T03:28:01,sad,0.4586690068244934,4.392612902077176
2026-09-22T03:28:01,sad,0.4610742926597595,4.567237185113236
2026-09-22T03:28:01,sad,0.45324259996414185,4.521600017248535
2026-09-22T03:28:01,sad,0.46088606119155884,4.5239360784178375
2026-09-22T03:28:01,sad,0.4503030776977539,4.407860429971699
2026-09-22T03:28:02,neutral,0.4515170454978943,4.468504863967647
2026-09-22T03:28:02,sad,0.4662805199623108,4.4797204276039295
2026-09-22T03:28:02,sad,0.4576064944267273,4.510935591003734
2026-09-22T03:28:02,sad,0.46283864974975586,4.4158609936335775
2026-09-22T03:28:03,neutral,0.45932427048683167,4.405966637253666
2026-09-22T03:28:03,neutral,0.4742977023124695,4.337636872825651
2026-09-22T03:28:03,neutral,0.46476203203201294,4.301828195752842
2026-09-22T03:28:03,neutral,0.47640857100486755,4.380364356402555
2026-09-22T03:28:04,neutral,0.4899774193763733,4.249617015068127
2026-09-22T03:28:04,neutral,0.4928312301635742,4.423260826923198
2026-09-22T03:28:04,neutral,0.48156899213790894,4.42195509204886
2026-09-22T03:28:04,neutral,0.5150748491287231,4.29723568639625
2026-09-22T03:28:04,neutral,0.5133073329925537,4.39155508834825
2026-09-22T03:28:05,neutral,0.51524817943573,4.506680018824824
2026-09-22T03:28:05,neutral,0.500249981880188,4.459653375863902
2026-09-22T03:28:05,neutral,0.49650150537490845,4.520976175514124
2026-09-22T03:28:05,neutral,0.48221635818481445,4.555624224084841
2026-09-22T03:28:06,neutral,0.4798598885536194,4.463454787118002
2026-09-22T03:28:06,neutral,0.4610932767391205,4.5086856317292145
2026-09-22T03:28:06,sad,0.4541451334953308,4.470295578735555
2026-09-22T03:28:06,neutral,0.46586209535598755,4.535716448512427
2026-09-22T03:28:06,neutral,0.4488300383090973,4.386782872078174
2026-09-22T03:28:07,sad,0.45370498299598694,4.430605937046434
2026-09-22T03:28:07,sad,0.46382150053977966,4.469357179543464
2026-09-22T03:28:07,sad,0.47817206382751465,4.578544621746183
2026-09-22T03:28:07,sad,0.45974940061569214,4.444856093112668
2026-09-22T03:28:08,neutral,0.47028446197509766,4.392286305207215
2026-09-22T03:28:08,neutral,0.4653872847557068,4.45035990764634
2026-09-22T03:28:08,neutral,0.4724735617637634,4.574644520040704
2026-09-22T03:28:08,neutral,0.4689992070198059,4.481280737124731
2026-09-22T03:28:08,sad,0.46202579140663147,4.410980167802809
2026-09-22T03:28:09,neutral,0.46917375922203064,4.55558463986445
2026-09-22T03:28:09,neutral,0.49033960700035095,4.443970718962005
2026-09-22T03:28:26,neutral,0.5211753845214844,0.05861051718425523
2026-09-22T03:28:26,neutral,0.5327066779136658,5.805546289439627
2026-09-22T03:28:26,neutral,0.5175729393959045,5.506937660837141
2026-09-22T03:28:26,neutral,0.4975581169128418,5.562516080262059
2026-09-22T03:28:27,neutral,0.49062520265579224,6.198246765145738
2026-09-22T03:28:27,neutral,0.5049620270729065,6.051042048375974
2026-09-22T03:28:27,neutral,0.5272008180618286,6.021990012893074
2026-09-22T03:28:27,neutral,0.5155724287033081,6.149050147631013
2026-09-22T03:28:27,neutral,0.491844117641449,5.856575952636944
2026-09-22T03:28:27,neutral,0.4807974398136139,5.746975999824616
2026-09-22T03:28:28,neutral,0.48163366317749023,5.986996284448784
2026-09-22T03:28:28,neutral,0.4902277886867523,5.786923108762538
2026-09-22T03:28:28,neutral,0.49326175451278687,6.151800892049146
2026-09-22T03:28:28,neutral,0.5087828040122986,6.249167880949614
2026-09-22T03:28:28,neutral,0.5145671963691711,6.055672341703435
2026-09-22T03:28:28,neutral,0.4962925314903259,6.259585321336416
2026-09-22T03:28:29,neutral,0.469661146402359,6.334361799649929
2026-09-22T03:28:29,neutral,0.4879555106163025,6.045782601112493
2026-09-22T03:28:29,neutral,0.4990978240966797,6.026316167575194
2026-09-22T03:28:29,neutral,0.4882059693336487,6.096903799749978
2026-09-22T03:28:29,neutral,0.46582871675491333,5.940418830074413
2026-09-22T03:28:29,neutral,0.45605915784835815,5.973217884175822
2026-09-22T03:28:30,neutral,0.4447201192378998,6.097497648548496
2026-09-22T03:28:30,neutral,0.4403752386569977,5.912458538964563
2026-09-22T03:28:30,neutral,0.45670604705810547,6.196433689373458
2026-09-22T03:28:30,neutral,0.4685877859592438,6.379984667242659
2026-09-22T03:28:30,neutral,0.4941040873527527,6.186553702149502
2026-09-22T03:28:30,neutral,0.48211583495140076,5.875017158737229
2026-09-22T03:28:31,neutral,0.4817669987678528,6.078278612502318
2026-09-22T03:28:31,neutral,0.49590930342674255,6.324266293530838
2026-09-22T03:28:31,neutral,0.5105826258659363,5.724988432102927
2026-09-22T03:28:31,neutral,0.5147150754928589,6.184783939011893
2026-09-22T03:28:31,neutral,0.5345498919487,6.156026495120594
2026-09-22T03:28:31,neutral,0.5464470386505127,5.934224581528836
2026-09-22T03:28:32,neutral,0.5333386659622192,5.830143018583103
2026-09-22T03:28:32,neutral,0.5351217985153198,6.003320623361158
2026-09-22T03:28:32,neutral,0.5302303433418274,6.279706668822633
2026-09-22T03:28:32,neutral,0.5496156811714172,6.158901052106048
2026-09-22T03:28:32,neutral,0.5250164270401001,6.201014207779536
2026-09-22T03:28:32,neutral,0.5448861122131348,5.849845326460193
2026-09-22T03:28:33,neutral,0.5483766198158264,6.023849497977116
2026-09-22T03:28:33,neutral,0.5738356709480286,6.289518828200914
2026-09-22T03:28:33,neutral,0.591715931892395,6.301699412394848
2026-09-22T03:28:33,neutral,0.5866058468818665,6.057946398137396
2026-09-22T03:28:33,neutral,0.583533763885498,6.274736963361124
2026-09-22T03:28:33,neutral,0.5690991878509521,6.05296319707216
2026-09-22T03:28:34,neutral,0.5588831901550293,5.805634684007563
2026-09-22T03:28:34,neutral,0.5659404397010803,6.112069807193767
2026-09-22T03:28:34,neutral,0.5882246494293213,5.962671321970865
2026-09-22T03:28:34,neutral,0.5859617590904236,6.047988187523071
2026-09-22T03:28:34,neutral,0.5761095285415649,6.0957961820467546
2026-09-22T03:28:34,neutral,0.5491766333580017,6.224517538392131
2026-09-22T03:28:35,neutral,0.5220511555671692,5.252406552384387
2026-09-22T03:28:35,neutral,0.5144779086112976,4.802689494391543
2026-09-22T03:28:35,neutral,0.5308192372322083,4.631002946888653
2026-09-22T03:28:35,neutral,0.5594971776008606,4.531737148043304
2026-09-22T03:28:35,neutral,0.5515619516372681,4.371183958896757
2026-09-22T03:28:36,neutral,0.5447171330451965,4.447316269911537
2026-09-22T03:28:36,neutral,0.5391602516174316,4.48141480212793
2026-09-22T03:28:36,neutral,0.5268639922142029,4.473809737137396
2026-09-22T03:28:36,neutral,0.5427256226539612,4.4989986860100295
2026-09-22T03:28:37,neutral,0.5443442463874817,4.16343628339491
2026-09-22T03:28:37,neutral,0.5482116937637329,4.186283081615625
2026-09-22T03:28:37,neutral,0.5528284311294556,4.18808469422907
2026-09-22T03:28:37,neutral,0.549695611000061,4.409760487666918
2026-09-22T03:28:38,neutral,0.5369209051132202,3.7935667796634696
2026-09-22T03:28:38,neutral,0.5658950805664062,3.7692291793039923
2026-09-22T03:28:38,neutral,0.5490257143974304,4.031116348000253
2026-09-22T03:28:38,neutral,0.5823906660079956,4.212366628101298
2026-09-22T03:28:39,neutral,0.5937091112136841,4.065004341893065
2026-09-22T03:28:39,neutral,0.5815138816833496,4.200987771544527
2026-09-22T03:28:39,neutral,0.582485020160675,4.452438579059557
2026-09-22T03:28:39,neutral,0.580567479133606,4.34135884826736
2026-09-22T03:28:39,neutral,0.5643305778503418,4.289307880239423
2026-09-22T03:28:40,neutral,0.5605572462081909,4.4311348651369755
2026-09-22T03:28:40,neutral,0.5588065385818481,4.50376682615904
2026-09-22T03:28:40,neutral,0.5572338700294495,4.515160322863313
2026-09-22T03:28:40,neutral,0.5646630525588989,4.569212450800643
2026-09-22T03:28:41,neutral,0.5468841791152954,4.4212326059664395
2026-09-22T03:28:41,neutral,0.5378752946853638,4.427780886125392
2026-09-22T03:28:41,neutral,0.5318441390991211,4.481400437636761
2026-09-22T03:28:41,neutral,0.5471274852752686,4.492392191473
2026-09-22T03:28:42,neutral,0.5572803020477295,4.278937096838366
2026-09-22T03:28:42,neutral,0.5760928988456726,4.471577582751239
2026-09-22T03:28:42,neutral,0.5752002596855164,4.52633805431212
2026-09-22T03:28:42,neutral,0.5848288536071777,4.476822860241244
2026-09-22T03:28:42,neutral,0.5571144223213196,4.496278564682652
2026-09-22T03:28:43,neutral,0.5718692541122437,4.420929698188541
2026-09-22T03:28:43,neutral,0.552824854850769,4.383688092993506
2026-09-22T03:28:43,neutral,0.5569708943367004,4.45746374455079
2026-09-22T03:28:43,neutral,0.5649767518043518,4.448570970988807
2026-09-22T03:28:44,neutral,0.5414167642593384,4.402502757925033
2026-09-22T03:28:44,neutral,0.5284803509712219,4.521814502609503
2026-09-22T03:28:44,neutral,0.5145260095596313,4.57126913821365
2026-09-22T03:28:44,neutral,0.5253916382789612,4.43860480866915
2026-09-22T03:28:44,neutral,0.5119339823722839,4.354745903315867
2026-09-22T03:28:45,neutral,0.5322853326797485,4.416577074424565
2026-09-22T03:28:45,neutral,0.5345792770385742,4.228943274360285
2026-09-22T03:28:45,neutral,0.543034017086029,4.403228380182919
2026-09-22T03:28:45,neutral,0.5286372303962708,4.437454308853635
2026-09-22T03:28:46,neutral,0.5237329602241516,4.3199096942706126
2026-09-22T03:28:46,neutral,0.5228710174560547,4.602226991630128
2026-09-22T03:28:46,neutral,0.5244882702827454,123.39091550953165
2026-09-22T03:28:46,neutral,0.5028249025344849,4.58188070713592
2026-09-22T03:28:46,neutral,0.4842422604560852,4.5059828325258104
2026-09-22T03:28:47,neutral,0.46724534034729004,4.40339942153142
2026-09-22T03:28:47,neutral,0.45269227027893066,4.499027641163655
2026-09-22T03:28:47,sad,0.4480666220188141,4.4618926244750154
2026-09-22T03:28:47,sad,0.45293480157852173,4.417558575277368
2026-09-22T03:28:48,sad,0.45819026231765747,4.182017233368364
2026-09-22T03:28:48,sad,0.4806830883026123,4.38458627516982
2026-09-22T03:28:48,sad,0.47468146681785583,4.423228174153304
2026-09-22T03:28:48,sad,0.4798784852027893,4.372546484910909
2026-09-22T03:28:49,sad,0.4347318708896637,4.401828190018418
2026-09-22T03:28:49,neutral,0.42709335684776306,4.264319867911235
2026-09-22T03:28:49,neutral,0.4333762526512146,4.1370472658407635
2026-09-22T03:28:49,neutral,0.4220721125602722,4.2506032399126426
2026-09-22T03:28:49,neutral,0.426453173160553,4.305838124950595
2026-09-22T03:28:50,neutral,0.42409181594848633,4.453459728522161
2026-09-22T03:28:50,neutral,0.43120652437210083,4.451909278490579
2026-09-22T03:28:50,neutral,0.4349755346775055,4.549210670455593
2026-09-22T03:28:50,neutral,0.43998757004737854,119.41758961364349
2026-09-22T03:28:51,neutral,0.4372738003730774,4.320430322401878
2026-09-22T03:28:51,neutral,0.418812096118927,3.201990984078998
2026-09-22T03:28:51,neutral,0.41584593057632446,3.609245331727046
2026-09-22T03:28:51,neutral,0.4404955804347992,4.315500516505542
2026-09-22T03:28:52,neutral,0.43812647461891174,3.959733355739356
2026-09-22T03:28:52,neutral,0.45204463601112366,3.8995705576799886
2026-09-22T03:28:52,neutral,0.43918561935424805,3.964437958301748
2026-09-22T03:28:52,neutral,0.4388200640678406,4.392520898045187
2026-09-22T03:28:53,neutral,0.43388351798057556,4.33750678655822
2026-09-22T03:28:53,neutral,0.4445560872554779,4.462808897306442
2026-09-22T03:28:53,neutral,0.43183445930480957,4.392925744617118
2026-09-22T03:28:53,neutral,0.41891518235206604,4.5196851751278
2026-09-22T03:28:54,neutral,0.41703885793685913,4.124618569272147
2026-09-22T03:28:54,sad,0.43054476380348206,4.3284290303638855
2026-09-22T03:28:54,sad,0.42062631249427795,4.353900579647561
2026-09-22T03:28:54,sad,0.4283807873725891,4.4408088589515415
2026-09-22T03:28:54,sad,0.41410160064697266,4.313281558509938
2026-09-22T03:28:55,sad,0.4424787163734436,4.510077044253402
2026-09-22T03:28:55,neutral,0.419323205947876,4.498829788375112
2026-09-22T03:28:55,sad,0.42316967248916626,4.510154639563254
2026-09-22T03:28:55,neutral,0.42365115880966187,4.467838474951986
2026-09-22T03:28:56,neutral,0.4228384494781494,4.256655489611834
2026-09-22T03:28:56,neutral,0.4265632629394531,4.458297636231832
2026-09-22T03:28:56,neutral,0.4131642282009125,4.5421559273870855
2026-09-22T03:28:56,sad,0.43021100759506226,4.451450968072653
2026-09-22T03:28:57,sad,0.4204234480857849,4.118094542398375
2026-09-22T03:28:57,neutral,0.44001245498657227,4.375899451330776
2026-09-22T03:28:57,neutral,0.44696491956710815,4.313707421425045
2026-09-22T03:28:57,neutral,0.45255565643310547,4.264237494916633
2026-09-22T03:28:57,neutral,0.4593091607093811,4.2686597847912795
2026-09-22T03:28:58,neutral,0.4611279368400574,4.334015317784088
2026-09-22T03:28:58,neutral,0.4629175066947937,4.4195415137044325
2026-09-22T03:28:58,neutral,0.462693452835083,4.5250244629215475
2026-09-22T03:28:58,neutral,0.4794999659061432,4.497705735821297
2026-09-22T03:28:59,neutral,0.4846998155117035,4.395508396866567
2026-09-22T03:28:59,neutral,0.4714117646217346,4.546498506831719
2026-09-22T03:28:59,neutral,0.4498581290245056,4.511935215285681
2026-09-22T03:28:59,neutral,0.4506470561027527,4.469757260964179
2026-09-22T03:28:59,sad,0.4405478835105896,4.481261585636215
2026-09-22T03:29:00,sad,0.4571438431739807,4.506428232220023
2026-09-22T03:29:00,sad,0.4820346236228943,4.479065038913996
2026-09-22T03:29:00,sad,0.46669691801071167,4.357125419812991
2026-09-22T03:29:00,sad,0.48584073781967163,4.560726444750597
2026-09-22T03:29:01,sad,0.5079029202461243,4.436872242362183
2026-09-22T03:29:01,sad,0.5065063238143921,4.465317515998497
2026-09-22T03:29:01,sad,0.5135337114334106,4.60149488375869
2026-09-22T03:29:01,sad,0.515428364276886,4.510586312212329
2026-09-22T03:29:01,sad,0.5197746753692627,4.469938273710057
2026-09-22T03:29:02,sad,0.521884560585022,4.462837388503654
2026-09-22T03:29:02,sad,0.4954884648323059,4.540597184903879
2026-09-22T03:29:02,sad,0.47777071595191956,4.513838637121856
2026-09-22T03:29:07,sad,0.45352253317832947,10.001177926515508
2026-09-22T03:29:07,neutral,0.4853023886680603,5.222837361624765
2026-09-22T03:29:07,neutral,0.5344496369361877,6.202829965453599
2026-09-22T03:29:07,neutral,0.5580395460128784,6.328063849368597
2026-09-22T03:29:08,neutral,0.5705616474151611,9.975773518310188
2026-09-22T03:29:08,neutral,0.5933385491371155,3.567140124696275
2026-09-22T03:29:08,neutral,0.6145596504211426,6.286888575449936
2026-09-22T03:29:08,neutral,0.6501484513282776,146.31122893919837
2026-09-22T03:29:08,neutral,0.6592276096343994,5.939905653830849
2026-09-22T03:29:09,neutral,0.7047468423843384,6.089052839101836
2026-09-22T03:29:09,neutral,0.6843202114105225,155.2525910571513
2026-09-22T03:29:09,neutral,0.7198377847671509,6.133763084851552
2026-09-22T03:29:09,neutral,0.725969672203064,6.08300363155391
2026-09-22T03:29:09,neutral,0.6945738792419434,6.291641603427301
2026-09-22T03:29:09,neutral,0.6620769500732422,5.896914115716794
2026-09-22T03:29:10,neutral,0.6472622156143188,6.180518778190863
2026-09-22T03:29:10,neutral,0.6529638171195984,5.94008231105421
2026-09-22T03:29:10,neutral,0.6761635541915894,6.180136294986554
2026-09-22T03:29:10,neutral,0.7168382406234741,149.44430984108885
2026-09-22T03:29:10,neutral,0.7188911437988281,6.153840736529362
2026-09-22T03:29:10,neutral,0.7403039932250977,6.24101301232786
2026-09-22T03:29:11,neutral,0.7378738522529602,5.616233138462115
2026-09-22T03:29:11,neutral,0.750573992729187,5.035958749914452
2026-09-22T03:29:11,neutral,0.8137447237968445,4.623045213059101
2026-09-22T03:29:11,neutral,0.8680158853530884,4.490992433108443
2026-09-22T03:29:11,neutral,0.9048644304275513,4.373882493537155
2026-09-22T03:29:12,neutral,0.9265738725662231,4.339782178176844
2026-09-22T03:29:12,neutral,0.8876765370368958,4.3585607192662685
2026-09-22T03:29:12,neutral,0.8804808855056763,4.338983050847458
2026-09-22T03:29:12,neutral,0.8738253712654114,4.352454797522788
2026-09-22T03:29:13,neutral,0.8761084675788879,4.323151198314568
2026-09-22T03:29:13,neutral,0.8767722249031067,4.404190082575204
2026-09-22T03:29:13,neutral,0.8762149810791016,4.366510438680689
2026-09-22T03:29:13,neutral,0.8766053915023804,4.025193543650607
2026-09-22T03:29:14,neutral,0.8739694356918335,4.359063524017281
2026-09-22T03:29:14,neutral,0.879501461982727,4.373882493537155
2026-09-22T03:29:14,neutral,0.8736919164657593,4.3423206851962854
2026-09-22T03:29:14,neutral,0.9164007902145386,4.416442210293334
2026-09-22T03:29:14,neutral,0.9166158437728882,4.292196116836695
2026-09-22T03:29:15,neutral,0.921051025390625,4.264662400279817
2026-09-22T03:29:15,neutral,0.9223302602767944,4.371876508130747
2026-09-22T03:29:15,neutral,0.9226088523864746,4.429857228255244
2026-09-22T03:29:15,neutral,0.9197992086410522,4.265733710990537
2026-09-22T03:29:16,neutral,0.9147135019302368,4.26584651185024
2026-09-22T03:29:16,neutral,0.9184463620185852,4.416893339862364
2026-09-22T03:29:16,neutral,0.9186598062515259,4.54015974921603
2026-09-22T03:29:16,neutral,0.9193137288093567,4.48630407321323
2026-09-22T03:29:17,neutral,0.9184653162956238,4.355460389886178
2026-09-22T03:29:17,neutral,0.9272052645683289,4.366033183194593
2026-09-22T03:29:17,neutral,0.9296196699142456,4.481879303638672
2026-09-22T03:29:17,neutral,0.9291513562202454,4.50677202479512
2026-09-22T03:29:17,neutral,0.9246921539306641,4.558545457707177
2026-09-22T03:29:18,neutral,0.9294275045394897,4.442215142682844
2026-09-22T03:29:18,neutral,0.9248967170715332,4.465802460591671
2026-09-22T03:29:18,neutral,0.9284681081771851,4.2950222722850855
2026-09-22T03:29:18,neutral,0.9249399900436401,4.4276640328514345
2026-09-22T03:29:19,neutral,0.9261802434921265,4.381663950524424
2026-09-22T03:29:19,neutral,0.9225844144821167,4.553621136650845
2026-09-22T03:29:19,neutral,0.9212425351142883,4.473480497401324
2026-09-22T03:29:19,neutral,0.9160966873168945,4.507280546594424
2026-09-22T03:29:19,neutral,0.9202234148979187,4.408564650582983
2026-09-22T03:29:20,neutral,0.9231081008911133,3.9971943521088105
2026-09-22T03:29:20,neutral,0.924775242805481,3.8669546850467387
2026-09-22T03:29:20,neutral,0.9315713047981262,4.359874597723134
2026-09-22T03:29:20,neutral,0.9236965179443359,4.414699019132134
2026-09-22T03:29:21,neutral,0.9283353686332703,4.342626404857922
2026-09-22T03:29:21,neutral,0.9302459955215454,4.466349338189098
2026-09-22T03:29:21,neutral,0.9339248538017273,4.475518744811485
2026-09-22T03:29:21,neutral,0.9181744456291199,4.492026534664493
2026-09-22T03:29:22,neutral,0.9219640493392944,4.404606334024326
2026-09-22T03:29:22,neutral,0.9128880500793457,4.445628728932755
2026-09-22T03:29:22,neutral,0.9143288731575012,4.309474711669364
2026-09-22T03:29:22,neutral,0.909155547618866,4.3153007167983075
2026-09-22T03:29:22,neutral,0.9081791043281555,4.141998838665335
2026-09-22T03:29:23,neutral,0.9126180410385132,4.068809702350406
2026-09-22T03:29:23,neutral,0.8995213508605957,4.2264333462985615
2026-09-22T03:29:23,neutral,0.9018579721450806,4.34510522182879
2026-09-22T03:29:23,neutral,0.8956788778305054,4.333160115914479
2026-09-22T03:29:24,neutral,0.9154946208000183,4.249694518352203
2026-09-22T03:29:24,neutral,0.9208811521530151,4.497151152941378
2026-09-22T03:29:24,neutral,0.9186263084411621,4.306386316663809
2026-09-22T03:29:24,neutral,0.9188370704650879,4.477420236387238
2026-09-22T03:29:25,neutral,0.9208897352218628,4.3401144862811
2026-09-22T03:29:25,neutral,0.9211623072624207,4.373316984110599
2026-09-22T03:29:25,neutral,0.9249495267868042,4.442219847467303
2026-09-22T03:29:25,neutral,0.9322798848152161,4.480414296121742
2026-09-22T03:29:25,neutral,0.9271529912948608,4.356039386376784
2026-09-22T03:29:26,neutral,0.9291815757751465,4.187649824428982
2026-09-22T03:29:26,neutral,0.9271246790885925,4.294160406083055
2026-09-22T03:29:26,neutral,0.9184831380844116,4.3302433288217
2026-09-22T03:29:26,neutral,0.9141483306884766,4.406591547816038
2026-09-22T03:29:27,neutral,0.9078044891357422,4.371680567339221
2026-09-22T03:29:27,neutral,0.9116102457046509,4.487134390311745
2026-09-22T03:29:27,neutral,0.902910053730011,4.5026161373917635
2026-09-22T03:29:27,neutral,0.901827335357666,4.489978033459366
2026-09-22T03:29:27,neutral,0.9065221548080444,4.449538423021351
2026-09-22T03:29:28,neutral,0.9079595804214478,4.548293103990475
2026-09-22T03:29:28,neutral,0.912007212638855,4.508516006006619
2026-09-22T03:29:28,neutral,0.9112709164619446,4.45393264154069
2026-09-22T03:29:28,neutral,0.9206655621528625,4.486663999537888
2026-09-22T03:29:29,neutral,0.9346108436584473,4.413402977410571
2026-09-22T03:29:29,neutral,0.9361308813095093,4.359516600613448
2026-09-22T03:29:29,neutral,0.9276899099349976,4.381036937382034
2026-09-22T03:29:29,neutral,0.9327288866043091,4.462533501153855
2026-09-22T03:29:30,neutral,0.934801459312439,4.363625770783721
2026-09-22T03:29:30,neutral,0.9386836290359497,4.283162488996726
2026-09-22T03:29:30,neutral,0.9434053301811218,4.536324740104953
2026-09-22T03:29:30,neutral,0.9476820826530457,4.538184965782142
2026-09-22T03:29:30,neutral,0.9447442889213562,4.499085552589039
2026-09-22T03:29:31,neutral,0.9411161541938782,4.518214820480227
2026-09-22T03:29:31,neutral,0.9376041293144226,4.492334452229832
2026-09-22T03:29:31,neutral,0.9393284916877747,4.411142533520255
2026-09-22T03:29:31,neutral,0.9470130801200867,4.433654857481118
2026-09-22T03:29:32,neutral,0.9537728428840637,4.3972549027830485
2026-09-22T03:29:32,neutral,0.9540216326713562,4.381663950524424
2026-09-22T03:29:32,neutral,0.9549170732498169,4.382085111184478
2026-09-22T03:29:32,neutral,0.9473271369934082,4.3499540560329715
2026-09-22T03:29:32,neutral,0.9440641403198242,4.333630211293072
2026-09-22T03:29:33,neutral,0.9403891563415527,4.483330892656913
2026-09-22T03:29:33,neutral,0.9355193972587585,4.4784146237293925
2026-09-22T03:29:33,neutral,0.9347073435783386,4.468519145907776
2026-09-22T03:29:33,neutral,0.929841160774231,4.514795810177038
2026-09-22T03:29:34,neutral,0.9290847778320312,4.392369099818097
2026-09-22T03:29:34,neutral,0.9199002981185913,4.01959626781566
2026-09-22T03:29:34,neutral,0.9083991050720215,4.040432219774334
2026-09-22T03:29:34,neutral,0.907109260559082,4.160520572947665
2026-09-22T03:29:35,neutral,0.9098255038261414,3.0073119562458506
2026-09-22T03:29:35,neutral,0.893271803855896,4.14420880397752
2026-09-22T03:29:35,neutral,0.8964666128158569,4.337461931033769
2026-09-22T03:29:35,neutral,0.89220130443573,4.433368989383517
2026-09-22T03:29:36,neutral,0.8759648203849792,4.157398771108866
2026-09-22T03:29:36,neutral,0.8551373481750488,4.196696116786568
2026-09-22T03:29:36,neutral,0.8109162449836731,4.06595402916146
2026-09-22T03:29:36,neutral,0.788707435131073,4.336228767562314
2026-09-22T03:29:37,neutral,0.7898056507110596,4.334920139484601
2026-09-22T03:29:37,neutral,0.7662637829780579,4.418763952494882
2026-09-22T03:29:37,neutral,0.7626165151596069,4.472908021964076
2026-09-22T03:29:37,neutral,0.7678720951080322,4.521951003888769
2026-09-22T03:29:37,neutral,0.752557635307312,4.491305018246612
2026-09-22T03:29:38,neutral,0.7363526821136475,4.341120702146598
2026-09-22T03:29:38,neutral,0.6982314586639404,4.458672041347625
2026-09-22T03:29:38,neutral,0.7147402763366699,3.948921939595477
2026-09-22T03:29:38,neutral,0.7598803043365479,4.329921470373571
2026-09-22T03:29:39,neutral,0.7682985067367554,4.310674981808914
2026-09-22T03:29:39,neutral,0.7607031464576721,4.479395101216953
2026-09-22T03:29:39,neutral,0.7469647526741028,4.500152354630079
2026-09-22T03:29:39,neutral,0.7031493782997131,4.326366332293252
2026-09-22T03:29:40,neutral,0.6779088973999023,4.321854903775115
2026-09-22T03:29:40,neutral,0.6362870931625366,16.523090862534225
2026-09-22T03:29:40,neutral,0.6398462057113647,3.2227113223914565
2026-09-22T03:29:40,neutral,0.6324525475502014,116.98940087024434
2026-09-22T03:29:41,neutral,0.5822678208351135,4.346483065074384
2026-09-22T03:29:43,neutral,0.567920982837677,16.62611784106044
2026-09-22T03:29:43,neutral,0.5510984659194946,4.109355405066466
2026-09-22T03:29:46,neutral,0.5122873187065125,16.67039212724859
2026-09-22T03:29:46,neutral,0.48028936982154846,5.669234803388859
2026-09-22T03:29:47,neutral,0.4820699691772461,5.756006384120393
2026-09-22T03:29:47,neutral,0.4734879434108734,5.978496646782551
2026-09-22T03:29:47,neutral,0.4691890776157379,5.966326977678394
2026-09-22T03:29:47,neutral,0.44410595297813416,16.64010156311989
2026-09-22T03:29:48,neutral,0.4567886292934418,19.649501536616444
2026-09-22T03:29:48,neutral,0.4665774405002594,141.58466108560626
2026-09-22T03:29:50,neutral,0.47497302293777466,16.677418328720933
2026-09-22T03:29:50,neutral,0.4980948567390442,166.1571128629719
2026-09-22T03:29:50,neutral,0.54200679063797,167.5844653987534
2026-09-22T03:29:50,neutral,0.5948413610458374,168.0141003044384
2026-09-22T03:29:51,neutral,0.6378766298294067,165.756560227632
2026-09-22T03:29:51,neutral,0.6653364896774292,6.212513589814231
2026-09-22T03:29:51,neutral,0.7206078767776489,168.04775832365078
2026-09-22T03:29:51,neutral,0.754603385925293,5.923463774726974
2026-09-22T03:29:51,neutral,0.795059084892273,174.63896406711913
2026-09-22T03:29:51,neutral,0.8290500640869141,5.640704808372491
2026-09-22T03:30:11,neutral,0.7617886662483215,16.735377556109725
2026-09-22T03:30:16,neutral,0.7286192178726196,16.81724103366011
2026-09-22T03:30:25,neutral,0.6821780800819397,16.692817116658176
2026-09-22T03:30:32,neutral,0.651634693145752,16.67350678778001
2026-09-22T03:30:33,neutral,0.5930192470550537,16.671916177423395
2026-09-22T03:30:35,neutral,0.5622033476829529,16.72203329014253
2026-09-22T03:30:35,neutral,0.5452861785888672,177.0869326578003
2026-09-22T03:30:35,neutral,0.5186614394187927,167.78558284662773
2026-09-22T03:30:36,neutral,0.501778244972229,19.91729744617401
2026-09-22T03:30:36,neutral,0.4841769337654114,167.30370961308336
2026-09-22T03:30:36,neutral,0.5295820236206055,162.0673879443586
2026-09-22T03:30:37,neutral,0.566544771194458,16.574738988516284
2026-09-22T03:30:37,neutral,0.6007365584373474,16.673175385593893
2026-09-22T03:30:38,neutral,0.6416338682174683,16.700261196406956
2026-09-22T03:30:38,neutral,0.6851905584335327,4.649555974091191
2026-09-22T03:30:38,neutral,0.7248174548149109,4.265230518288622
2026-09-22T03:30:38,neutral,0.7259749174118042,167.57776978704703
2026-09-22T03:30:38,neutral,0.7273110747337341,6.065217328432152
2026-09-22T03:30:39,neutral,0.7252388000488281,5.875157058712293
2026-09-22T03:30:39,neutral,0.7167539000511169,6.03980162547304
2026-09-22T03:30:39,neutral,0.7212762236595154,6.256494707574076
2026-09-22T03:30:42,neutral,0.7186565399169922,16.665755427699544
2026-09-22T03:30:43,neutral,0.6898369789123535,16.666815017325238
2026-09-22T03:30:43,neutral,0.6639151573181152,173.0680420878894
2026-09-22T03:30:45,neutral,0.6585531234741211,16.755300067511694
2026-09-22T03:30:46,neutral,0.6359993815422058,16.650274308670696
2026-09-22T03:30:46,neutral,0.6074293851852417,175.53795932033145
2026-09-22T03:30:46,neutral,0.6099692583084106,16.686773686618526
2026-09-22T03:30:47,neutral,0.6109409332275391,16.65734971147622
2026-09-22T03:30:47,neutral,0.6058256030082703,168.2972474119252
2026-09-22T03:30:47,neutral,0.5547081232070923,6.2274379379973865
2026-09-22T03:30:47,neutral,0.49528950452804565,5.944316814507957
2026-09-22T03:30:48,neutral,0.5074303150177002,5.9367276196353576
2026-09-22T03:30:48,neutral,0.47352537512779236,5.878154163530898
2026-09-22T03:30:48,neutral,0.4521600306034088,6.226079056863406
2026-09-22T03:30:48,neutral,0.42593106627464294,5.957098929816713
2026-09-22T03:30:48,neutral,0.4334913194179535,6.0264547071619665
2026-09-22T03:30:48,neutral,0.3981413245201111,5.760781453660935
2026-09-22T03:30:49,neutral,0.42065149545669556,5.970021108487377
2026-09-22T03:30:49,neutral,0.4689810872077942,6.180855766906967
2026-09-22T03:30:49,neutral,0.5459507703781128,6.316057042179288
2026-09-22T03:30:49,neutral,0.617897093296051,6.121856098643189
2026-09-22T03:30:49,neutral,0.6515809893608093,6.341007805496049
2026-09-22T03:30:49,neutral,0.7048430442810059,6.415113732303889
2026-09-22T03:30:50,neutral,0.7521249055862427,5.9823253213448275
2026-09-22T03:30:50,neutral,0.7845521569252014,4.6578587618367555
2026-09-22T03:30:50,neutral,0.8299738764762878,6.367857554944221
2026-09-22T03:30:50,neutral,0.8890201449394226,5.865872299957345
2026-09-22T03:30:50,neutral,0.8994477987289429,5.771189075988695
2026-09-22T03:30:50,neutral,0.898232638835907,6.367538534175597
2026-09-22T03:30:51,neutral,0.8917144536972046,6.270899989833326
2026-09-22T03:30:51,neutral,0.8900251388549805,6.111704654409172
2026-09-22T03:30:51,neutral,0.8917538523674011,6.048502765179647
2026-09-22T03:30:51,neutral,0.8954787254333496,5.906846459880999
2026-09-22T03:30:51,neutral,0.8900147676467896,4.829232122543534
2026-09-22T03:30:51,neutral,0.9158912897109985,4.306072415619829
2026-09-22T03:30:52,neutral,0.9182385206222534,6.328159324079662
2026-09-22T03:30:52,neutral,0.9244136810302734,6.181256558082505
2026-09-22T03:30:52,neutral,0.9228147268295288,6.24496225600405
2026-09-22T03:30:52,neutral,0.9194095730781555,6.297243166469986
2026-09-22T03:30:52,neutral,0.9251929521560669,6.287633119063609
2026-09-22T03:30:52,neutral,0.929312527179718,6.074528512297349
2026-09-22T03:30:53,neutral,0.9332243800163269,6.083224194219761
2026-09-22T03:30:53,neutral,0.9420477747917175,6.088796497381165
2026-09-22T03:30:53,neutral,0.9443196058273315,6.195289616921339
2026-09-22T03:30:53,neutral,0.9401167035102844,6.104934974200732
2026-09-22T03:30:53,neutral,0.9408939480781555,6.085315923104824
2026-09-22T03:30:53,neutral,0.9410123825073242,6.0287588613744685
2026-09-22T03:30:54,neutral,0.942061722278595,5.773071687434363
2026-09-22T03:30:54,neutral,0.9481212496757507,6.0955215551318425
2026-09-22T03:30:54,neutral,0.9469555616378784,6.34049018081332
2026-09-22T03:30:54,neutral,0.9441587328910828,5.811845106293354
2026-09-22T03:30:54,neutral,0.9434903860092163,5.930708777208725
2026-09-22T03:30:54,neutral,0.9401348233222961,6.101560192896576
2026-09-22T03:30:55,neutral,0.9453484416007996,6.2291026821516615
2026-09-22T03:30:55,neutral,0.9498640894889832,6.054859343714677
2026-09-22T03:30:55,neutral,0.9496837854385376,6.113521943824974
2026-09-22T03:30:55,neutral,0.9577845335006714,6.166951417825521
2026-09-22T03:30:55,neutral,0.957546055316925,6.117133002267871
2026-09-22T03:30:55,neutral,0.9593181610107422,6.018611285297945
2026-09-22T03:30:56,neutral,0.9576897621154785,3.994811122180548
2026-09-22T03:30:56,neutral,0.9594286680221558,6.365615419638792
2026-09-22T03:30:56,neutral,0.9622209668159485,6.12706083084753
2026-09-22T03:30:56,neutral,0.9622197151184082,6.077873449124322
2026-09-22T03:30:56,neutral,0.9635998010635376,5.995237319291144
2026-09-22T03:30:56,neutral,0.9660245776176453,5.64229829640232
2026-09-22T03:30:57,neutral,0.9657962918281555,6.039714653526367
2026-09-22T03:30:57,neutral,0.962605357170105,6.040923788194119
2026-09-22T03:30:57,neutral,0.9603525400161743,5.992761771408569
2026-09-22T03:30:57,neutral,0.9558283686637878,5.802911760351857
2026-09-22T03:30:57,neutral,0.9568109512329102,4.960655885059266
2026-09-22T03:30:58,neutral,0.9567760229110718,4.079582072538154
2026-09-22T03:30:58,neutral,0.9560147523880005,4.474458815346473
2026-09-22T03:30:58,neutral,0.9584919214248657,4.450147425647925
2026-09-22T03:30:58,neutral,0.9532926678657532,4.29735896534801
2026-09-22T03:30:59,neutral,0.9396673440933228,4.317437312142299
2026-09-22T03:30:59,neutral,0.9357630014419556,4.4154890952482715
2026-09-22T03:30:59,neutral,0.9344176054000854,4.481702111290741
2026-09-22T03:30:59,neutral,0.9189475178718567,4.4226405067215255
2026-09-22T03:30:59,neutral,0.917288601398468,4.326174449571849
2026-09-22T03:31:00,neutral,0.917488694190979,4.470576698834579
2026-09-22T03:31:00,neutral,0.9033085107803345,4.428514865702403
2026-09-22T03:31:00,neutral,0.8961653709411621,4.290742733682242
2026-09-22T03:31:00,neutral,0.8944413065910339,4.449425138596867
2026-09-22T03:31:01,neutral,0.8836154937744141,4.348492859823626
2026-09-22T03:31:01,neutral,0.8552507162094116,4.542367448076294
2026-09-22T03:31:01,neutral,0.8208832740783691,4.504913264686897
2026-09-22T03:31:01,neutral,0.7925077676773071,16.65430721276976
2026-09-22T03:31:05,neutral,0.7606754899024963,16.64769691797813
2026-09-22T03:31:06,neutral,0.7238473296165466,16.663173242329496
2026-09-22T03:31:06,neutral,0.6947794556617737,16.61156546914172
2026-09-22T03:31:06,neutral,0.6871076822280884,3.290186948145266
2026-09-22T03:31:07,neutral,0.6563478112220764,5.831731832079431
2026-09-22T03:31:07,neutral,0.6270483136177063,6.168493255445941
2026-09-22T03:31:07,neutral,0.5965253710746765,6.219026112382141
2026-09-22T03:31:07,neutral,0.6041190028190613,6.156930154587344
2026-09-22T03:31:07,neutral,0.5923486948013306,6.466205195405843
2026-09-22T03:31:07,neutral,0.6006139516830444,6.110974479716066
2026-09-22T03:31:08,neutral,0.6098674535751343,6.172115069081769
2026-09-22T03:31:08,neutral,0.6216484904289246,4.712859984044406
2026-09-22T03:31:08,neutral,0.6080797910690308,6.083735961208478
2026-09-22T03:31:08,neutral,0.5804425477981567,6.190406893080795
2026-09-22T03:31:08,neutral,0.5862535834312439,6.331493197232701
2026-09-22T03:31:08,neutral,0.5852764844894409,5.9817281006751415
2026-09-22T03:31:09,neutral,0.5726410746574402,6.175504723315037
2026-09-22T03:31:09,neutral,0.5896061062812805,155.3561004518853
2026-09-22T03:31:09,neutral,0.6222626566886902,5.110162687307271
2026-09-22T03:31:09,neutral,0.6310316324234009,4.77407752248571
2026-09-22T03:31:09,neutral,0.6460171937942505,4.4818984604074235
2026-09-22T03:31:10,neutral,0.6689721345901489,4.4967750789076435
2026-09-22T03:31:10,neutral,0.6706774830818176,4.534397408856461
2026-09-22T03:31:10,neutral,0.672626793384552,4.46115703006755
2026-09-22T03:31:10,neutral,0.6208916902542114,4.506757497286901
2026-09-22T03:31:11,neutral,0.5787988901138306,4.363898174765929
2026-09-22T03:31:11,neutral,0.5645955204963684,4.51315865927799
2026-09-22T03:31:11,neutral,0.5007678866386414,4.4118431626646695
2026-09-22T03:31:11,sad,0.48732978105545044,4.448160520929443
2026-09-22T03:31:11,sad,0.4977641701698303,4.264488959292028
2026-09-22T03:31:12,sad,0.5096361637115479,4.212408933596598
2026-09-22T03:31:12,sad,0.516221284866333,4.2960252867394155
2026-09-22T03:31:12,sad,0.48914796113967896,4.343076070805441
2026-09-22T03:31:12,sad,0.47541889548301697,4.326562695024195
2026-09-22T03:31:13,neutral,0.4670860767364502,3.8109353378212005
2026-09-22T03:31:13,neutral,0.477668821811676,4.609363340743973
2026-09-22T03:31:13,neutral,0.5463238954544067,4.548658112975099
2026-09-22T03:31:13,neutral,0.6028310656547546,4.452183364859385
2026-09-22T03:31:14,neutral,0.6750922799110413,4.343305436297626
2026-09-22T03:31:14,neutral,0.6928274631500244,4.529011539827901
2026-09-22T03:31:14,neutral,0.7364182472229004,4.541752616949234
2026-09-22T03:31:14,neutral,0.7440623044967651,4.503355798375087
2026-09-22T03:31:14,neutral,0.7761330604553223,4.386053486314706
2026-09-22T03:31:15,neutral,0.8210692405700684,4.332260503472581
2026-09-22T03:31:15,neutral,0.8228775262832642,4.353850864945944
2026-09-22T03:31:15,neutral,0.8812569379806519,4.366174076341091
2026-09-22T03:31:15,neutral,0.865994930267334,4.498130204674756
2026-09-22T03:31:16,neutral,0.8730330467224121,4.405749117390943
2026-09-22T03:31:16,neutral,0.8440296053886414,4.1781013230691375
2026-09-22T03:31:16,neutral,0.8274334073066711,4.3738003943851735
2026-09-22T03:31:16,neutral,0.8250255584716797,4.163361894400813
2026-09-22T03:31:17,neutral,0.811337947845459,4.077836900290794
2026-09-22T03:31:17,neutral,0.8151941299438477,4.29433626905128
2026-09-22T03:31:17,neutral,0.815902829170227,4.134050218071606
2026-09-22T03:31:17,neutral,0.8359968066215515,3.8619770158123328
2026-09-22T03:31:18,neutral,0.8319400548934937,4.124521225387666
2026-09-22T03:31:18,neutral,0.836397647857666,4.232647554193439
2026-09-22T03:31:18,neutral,0.8419108390808105,4.460587704176207
2026-09-22T03:31:18,neutral,0.8612328767776489,4.153425981490174
2026-09-22T03:31:18,neutral,0.8701431155204773,3.872710266739671
2026-09-22T03:31:19,neutral,0.8645868301391602,4.205768926092528
2026-09-22T03:31:19,neutral,0.8798688650131226,4.409255190538765
2026-09-22T03:31:19,neutral,0.8696818351745605,3.8768697793376155
2026-09-22T03:31:19,neutral,0.8623026609420776,4.346888479404041
2026-09-22T03:31:20,neutral,0.8476284742355347,4.029664017247326
2026-09-22T03:31:20,neutral,0.845861554145813,3.5790416816351467
2026-09-22T03:31:20,neutral,0.8253238797187805,3.877410957283162
2026-09-22T03:31:20,neutral,0.7886591553688049,4.214749751042306
2026-09-22T03:31:21,neutral,0.7613710761070251,4.44762280445027
2026-09-22T03:31:21,neutral,0.7102292776107788,4.316415391423367
2026-09-22T03:31:21,neutral,0.6634811758995056,4.385764551495538
2026-09-22T03:31:21,neutral,0.6337977647781372,3.183423716078009
2026-09-22T03:31:22,neutral,0.598621666431427,4.358497310688247
2026-09-22T03:31:22,neutral,0.5625864863395691,4.376698534736613
2026-09-22T03:31:22,neutral,0.5007661581039429,4.13673308564705
2026-09-22T03:31:22,neutral,0.4780137538909912,4.491454112638019
2026-09-22T03:31:23,neutral,0.4972696304321289,4.3781787511925865
2026-09-22T03:31:23,neutral,0.5297755599021912,4.57412068521774
2026-09-22T03:31:23,neutral,0.5548551678657532,4.50148052987837
2026-09-22T03:31:23,neutral,0.5850403308868408,4.473699985174076
2026-09-22T03:31:24,neutral,0.6109673976898193,3.7468178029731174
2026-09-22T03:31:24,neutral,0.6250070333480835,4.414554976907889
2026-09-22T03:31:24,neutral,0.6641716957092285,4.342545474875837
2026-09-22T03:31:24,neutral,0.6363059878349304,4.409259825765914
2026-09-22T03:31:24,neutral,0.687484085559845,4.4384263247117985
2026-09-22T03:31:25,neutral,0.6743685603141785,4.430091172568802
2026-09-22T03:31:25,neutral,0.6455472707748413,4.513236360662582
2026-09-22T03:31:25,neutral,0.6158815622329712,4.355663925795001
2026-09-22T03:31:25,neutral,0.5786110162734985,4.524868250004046
2026-09-22T03:31:26,neutral,0.5954188108444214,4.308593758025381
2026-09-22T03:31:26,neutral,0.5987647175788879,4.403760038721721
2026-09-22T03:31:26,neutral,0.5979145765304565,4.25867385532321
2026-09-22T03:31:26,neutral,0.5555275082588196,4.360427569544506
2026-09-22T03:31:26,neutral,0.5991692543029785,4.17842598127117
2026-09-22T03:31:27,neutral,0.6044338941574097,4.398698314583764
2026-09-22T03:31:27,neutral,0.6330136060714722,4.417367822955799
2026-09-22T03:31:27,neutral,0.649178147315979,4.406573029399189
2026-09-22T03:31:27,neutral,0.645577073097229,4.401098411039514
2026-09-22T03:31:28,neutral,0.6261773109436035,4.356595910871796
2026-09-22T03:31:28,neutral,0.6399010419845581,4.376086638983369
2026-09-22T03:31:28,neutral,0.6482023000717163,4.47500781522566
2026-09-22T03:31:28,neutral,0.6175309419631958,4.521887627269944
2026-09-22T03:31:29,neutral,0.6390773057937622,4.391109119632824
2026-09-22T03:31:29,neutral,0.6241925358772278,4.5080459671282584
2026-09-22T03:31:29,neutral,0.6223018765449524,4.521546399087564
2026-09-22T03:31:29,neutral,0.6223437190055847,4.434850279140585
2026-09-22T03:31:29,neutral,0.6001650094985962,4.492676097674882
2026-09-22T03:31:30,neutral,0.6335984468460083,4.424712029512821
2026-09-22T03:31:30,neutral,0.6562029719352722,4.524360632501626
2026-09-22T03:31:30,neutral,0.6337219476699829,4.5149513283910006
2026-09-22T03:31:30,neutral,0.6227773427963257,4.503810351140743
2026-09-22T03:31:31,neutral,0.6480015516281128,4.484342290676366
2026-09-22T03:31:31,neutral,0.6475557088851929,4.6534403450885025
2026-09-22T03:31:31,neutral,0.6528875827789307,4.557138837068562
2026-09-22T03:31:31,neutral,0.6449881196022034,4.507188519860174
2026-09-22T03:31:31,neutral,0.6074209213256836,4.480969545717747
2026-09-22T03:31:32,neutral,0.6432823538780212,4.338668867910866
2026-09-22T03:31:32,neutral,0.643888533115387,4.456114069951883
2026-09-22T03:31:32,neutral,0.6692072153091431,4.565864958601035
2026-09-22T03:31:32,neutral,0.6837143301963806,4.517334039856068
2026-09-22T03:31:33,neutral,0.6494890451431274,4.418140238924639
2026-09-22T03:31:33,neutral,0.6591821908950806,134.217728
2026-09-22T03:31:33,neutral,0.6514682173728943,4.655702767023053
2026-09-22T03:31:34,neutral,0.6414907574653625,16.67436849512209
2026-09-22T03:31:34,neutral,0.6167453527450562,171.95408330600196
2026-09-22T03:31:34,neutral,0.6339377164840698,6.294351401644756
2026-09-22T03:31:34,neutral,0.6145598888397217,150.6033752244165
2026-09-22T03:31:35,neutral,0.5962327122688293,4.86702406646708
2026-09-22T03:31:35,neutral,0.599170982837677,4.552385541959446
2026-09-22T03:31:35,neutral,0.5643340349197388,4.494404368493016
2026-09-22T03:31:35,neutral,0.5978054404258728,4.531555991559859
2026-09-22T03:31:36,neutral,0.5936816334724426,4.431884005904524
2026-09-22T03:31:36,neutral,0.6109250783920288,4.5088795053277035
2026-09-22T03:31:36,neutral,0.6562982201576233,4.6311410065873595
2026-09-22T03:31:36,neutral,0.6908650994300842,4.506069969016299
2026-09-22T03:31:36,neutral,0.7049888372421265,4.51477151142389
2026-09-22T03:31:37,neutral,0.6775870323181152,4.444493423813298
2026-09-22T03:31:37,neutral,0.6400120258331299,4.529857742104103
2026-09-22T03:31:37,neutral,0.6089575886726379,4.482660074620086
2026-09-22T03:31:37,neutral,0.6113686561584473,125.03141954331366
2026-09-22T03:31:38,neutral,0.6203568577766418,136.68461187512221
2026-09-22T03:31:38,neutral,0.5794552564620972,16.561126422440005
2026-09-22T03:31:39,neutral,0.5551377534866333,16.650935306634484
2026-09-22T03:31:40,neutral,0.5113125443458557,16.67523029153696
2026-09-22T03:31:43,neutral,0.4737968444824219,16.705782075843693
2026-09-22T03:31:55,neutral,0.4436512589454651,16.670193358637547
2026-09-22T03:31:55,neutral,0.43329110741615295,4.914142307651751
2026-09-22T03:31:55,neutral,0.4725901484489441,5.999250505622638
2026-09-22T03:31:55,neutral,0.4759339392185211,5.861691437994815
2026-09-22T03:31:56,neutral,0.4846639037132263,6.185285573137102
2026-09-22T03:31:56,neutral,0.48906034231185913,5.96845797551032
2026-09-22T03:31:56,neutral,0.5065646171569824,6.268744339258865
2026-09-22T03:31:56,neutral,0.4723362922668457,6.519353023647651
2026-09-22T03:31:56,neutral,0.45509663224220276,6.25244698327137
2026-09-22T03:31:56,neutral,0.44021931290626526,6.16950947570325
2026-09-22T03:31:57,neutral,0.4631921648979187,6.216952046672675
2026-09-22T03:31:57,neutral,0.4566686749458313,162.67080359913123
2026-09-22T03:31:57,neutral,0.4629361629486084,5.927364661956963
2026-09-22T03:31:57,neutral,0.4830382466316223,5.826215234851411
2026-09-22T03:31:57,neutral,0.5121660232543945,6.005254574844761
2026-09-22T03:31:57,neutral,0.5141444206237793,5.9213062635086775
2026-09-22T03:31:58,neutral,0.553655743598938,6.161769242747885
2026-09-22T03:31:58,neutral,0.6015661358833313,4.77470251342432
2026-09-22T03:31:58,neutral,0.6646090149879456,5.406159533304633
2026-09-22T03:31:58,neutral,0.7297332882881165,6.0192418084544554
2026-09-22T03:31:58,neutral,0.7505913972854614,6.0478835383754666
2026-09-22T03:31:58,neutral,0.8263565301895142,5.993104285887791
2026-09-22T03:31:59,neutral,0.8426896333694458,5.914809785099539
2026-09-22T03:31:59,neutral,0.8584674596786499,4.7227356101559606
2026-09-22T03:31:59,neutral,0.8697167634963989,6.272353547271784
2026-09-22T03:31:59,neutral,0.8826233744621277,6.186918727717128
2026-09-22T03:31:59,neutral,0.8906431198120117,6.173087055706822
2026-09-22T03:31:59,neutral,0.9129965901374817,6.323513049403953
2026-09-22T03:32:00,neutral,0.9174638986587524,6.225672432244687
2026-09-22T03:32:00,neutral,0.9209944009780884,6.280073367022272
2026-09-22T03:32:00,neutral,0.9160028696060181,5.8528574917146345
2026-09-22T03:32:00,neutral,0.9111623764038086,6.5043902227212245
2026-09-22T03:32:00,neutral,0.9191478490829468,6.281361851504632
2026-09-22T03:32:00,neutral,0.9276710748672485,6.355073462900364
2026-09-22T03:32:01,neutral,0.9317538142204285,6.193487416052876
2026-09-22T03:32:01,neutral,0.9211995005607605,5.681760486585705
2026-09-22T03:32:01,neutral,0.9067498445510864,6.1145290448235095
2026-09-22T03:32:01,neutral,0.9127065539360046,6.280590578299542
2026-09-22T03:32:01,neutral,0.8619977831840515,6.331961558087083
2026-09-22T03:32:01,neutral,0.8518570065498352,6.191594862263975
2026-09-22T03:32:02,neutral,0.8550742268562317,6.27955624092345
2026-09-22T03:32:02,neutral,0.8604070544242859,6.078525260137387
2026-09-22T03:32:02,neutral,0.839156985282898,5.776307562640989
2026-09-22T03:32:02,neutral,0.8338115811347961,6.273150945540912
2026-09-22T03:32:02,neutral,0.8147657513618469,6.231147835672444
2026-09-22T03:32:02,neutral,0.816041111946106,5.846330975363278
2026-09-22T03:32:03,neutral,0.8194883465766907,4.885567885718146
2026-09-22T03:32:03,neutral,0.7921672463417053,4.521078512744119
2026-09-22T03:32:03,neutral,0.8370438814163208,4.576930841411129
2026-09-22T03:32:03,neutral,0.8485385179519653,4.327424223978012
2026-09-22T03:32:04,neutral,0.832770049571991,4.218577696063147
2026-09-22T03:32:04,neutral,0.7893902063369751,4.477343763343524
2026-09-22T03:32:04,neutral,0.8059520721435547,4.2066420812242304
2026-09-22T03:32:04,neutral,0.791385293006897,4.406540622544219
2026-09-22T03:32:05,neutral,0.7819843888282776,4.182455104688418
2026-09-22T03:32:05,neutral,0.7619951963424683,4.015567093118215
2026-09-22T03:32:05,neutral,0.7614119648933411,4.482693610754265
2026-09-22T03:32:05,neutral,0.7425668835639954,4.484701902278221
2026-09-22T03:32:05,neutral,0.7269948720932007,4.257562869109225
2026-09-22T03:32:06,neutral,0.7195344567298889,4.236396838992227
2026-09-22T03:32:06,neutral,0.7097830176353455,4.385397704995165
2026-09-22T03:32:06,neutral,0.723316490650177,4.453303689263899
2026-09-22T03:32:06,neutral,0.6954247951507568,4.531629431631808
2026-09-22T03:32:07,neutral,0.7078850865364075,4.508055657661957
2026-09-22T03:32:07,neutral,0.7058596611022949,4.474205843354408
2026-09-22T03:32:07,neutral,0.7244526743888855,4.525454104064953
2026-09-22T03:32:07,neutral,0.6854333281517029,4.581160061383533
2026-09-22T03:32:07,neutral,0.6601229906082153,4.349791652406938
2026-09-22T03:32:08,neutral,0.6757392883300781,4.443622317360124
2026-09-22T03:32:08,neutral,0.6554003953933716,4.21752993736507
2026-09-22T03:32:08,neutral,0.6562434434890747,4.126014336713062
2026-09-22T03:32:08,neutral,0.6325265765190125,4.204841332378941
2026-09-22T03:32:09,neutral,0.6170176863670349,4.390562127080498
2026-09-22T03:32:09,neutral,0.5960994362831116,4.523984873684914
2026-09-22T03:32:09,neutral,0.5776289105415344,4.296747042999186
2026-09-22T03:32:09,neutral,0.5633255839347839,4.31228377171022
2026-09-22T03:32:10,neutral,0.5880166888237,4.391624060669962
2026-09-22T03:32:10,neutral,0.5940755009651184,4.451002198809756
2026-09-22T03:32:10,neutral,0.5912469625473022,4.42912748077577
2026-09-22T03:32:10,neutral,0.6077765226364136,4.557401274328283
2026-09-22T03:32:10,neutral,0.6277098655700684,4.359820214628143
2026-09-22T03:32:11,neutral,0.6572486162185669,4.4228410423397815
2026-09-22T03:32:11,neutral,0.6922799944877625,4.384004247806851
2026-09-22T03:32:11,neutral,0.6980735063552856,4.254384416733105
2026-09-22T03:32:11,neutral,0.7000811100006104,4.504163418191034
2026-09-22T03:32:12,neutral,0.6914269328117371,4.430629338274208
2026-09-22T03:32:12,neutral,0.6845952272415161,4.488291587256915
2026-09-22T03:32:12,neutral,0.7319446802139282,4.496037577889759
2026-09-22T03:32:12,neutral,0.7249994874000549,4.468828610363223
2026-09-22T03:32:13,neutral,0.7289889454841614,4.263777998710997
2026-09-22T03:32:13,neutral,0.71656334400177,4.265447397136845
2026-09-22T03:32:13,neutral,0.734848141670227,4.449571465398443
2026-09-22T03:32:13,neutral,0.7184589505195618,4.4447383368515645
2026-09-22T03:32:13,neutral,0.7302988171577454,4.540233468426339
2026-09-22T03:32:14,neutral,0.7593708038330078,4.331106324361275
2026-09-22T03:32:14,neutral,0.7667322754859924,4.165760211033995
2026-09-22T03:32:14,neutral,0.7693576216697693,4.201539050244521
2026-09-22T03:32:14,neutral,0.7806507349014282,4.392465697475929
2026-09-22T03:32:15,neutral,0.7995426058769226,4.413463349548532
2026-09-22T03:32:15,neutral,0.7891591787338257,4.356528034417608
2026-09-22T03:32:15,neutral,0.8113043904304504,4.523496968376642
2026-09-22T03:32:15,neutral,0.7728339433670044,4.4813717089306815
2026-09-22T03:32:15,neutral,0.7866829037666321,4.3748633606194876
2026-09-22T03:32:16,neutral,0.765110969543457,4.338911233593194
2026-09-22T03:32:16,neutral,0.763973593711853,4.418689469974789
2026-09-22T03:32:16,neutral,0.7618740797042847,4.349922476600378
2026-09-22T03:32:16,neutral,0.7051000595092773,4.314368562732277
2026-09-22T03:32:17,neutral,0.7089841365814209,3.917969603841088
2026-09-22T03:32:17,neutral,0.6954026818275452,4.344128653117365
2026-09-22T03:32:17,neutral,0.7131654024124146,3.07693391160435
2026-09-22T03:32:17,neutral,0.6988145112991333,3.4913284982132584
2026-09-22T03:32:18,neutral,0.7054021954536438,4.358538073133753
2026-09-22T03:32:18,neutral,0.7197495698928833,4.268294891951988
2026-09-22T03:32:18,neutral,0.7274237275123596,4.220292561594298
2026-09-22T03:32:18,neutral,0.7350674867630005,4.2992706939938605
2026-09-22T03:32:19,neutral,0.7642345428466797,4.195344445422465
2026-09-22T03:32:19,neutral,0.8503446578979492,4.456450228225114
2026-09-22T03:32:19,neutral,0.8418736457824707,4.413639831422543
2026-09-22T03:32:19,neutral,0.844935417175293,4.297834536141103
2026-09-22T03:32:20,neutral,0.8384517431259155,4.2648878946565665
2026-09-22T03:32:20,neutral,0.8527906537055969,4.415851695410437
2026-09-22T03:32:20,neutral,0.8909077644348145,4.287291055707234
2026-09-22T03:32:20,neutral,0.8910905718803406,4.484356674033138
2026-09-22T03:32:20,neutral,0.9115665555000305,4.231942900153969
2026-09-22T03:32:21,neutral,0.9241258502006531,4.432595924294128
2026-09-22T03:32:21,neutral,0.9232276082038879,4.489271589808358
2026-09-22T03:32:21,neutral,0.8873695135116577,4.501915375706661
2026-09-22T03:32:21,neutral,0.88441401720047,4.542185440719247
2026-09-22T03:32:22,neutral,0.8558520078659058,4.3039028870179115
2026-09-22T03:32:22,neutral,0.844571590423584,4.434620520633659
2026-09-22T03:32:22,neutral,0.8292198181152344,4.494231000017144
2026-09-22T03:32:22,neutral,0.8228510618209839,4.475757536953803
2026-09-22T03:32:23,neutral,0.787144660949707,4.353276968329455
2026-09-22T03:32:23,neutral,0.7802953720092773,4.081066643833551
2026-09-22T03:32:23,neutral,0.7642496824264526,4.321004493766213
2026-09-22T03:32:23,neutral,0.7391370534896851,4.364547541399842
2026-09-22T03:32:23,neutral,0.7757919430732727,4.218721962720225
2026-09-22T03:32:24,neutral,0.7872399091720581,4.2762933728374115
2026-09-22T03:32:24,neutral,0.787813663482666,4.307735285538808
2026-09-22T03:32:24,neutral,0.7866143584251404,4.416042316811752
2026-09-22T03:32:24,neutral,0.8026694059371948,4.335094876297514
2026-09-22T03:32:25,neutral,0.797977864742279,4.17996254849611
2026-09-22T03:32:25,neutral,0.7961918711662292,4.265829157483526
2026-09-22T03:32:25,neutral,0.8068810701370239,4.371316073062597
2026-09-22T03:32:25,neutral,0.7958670854568481,4.428832843212308
2026-09-22T03:32:26,neutral,0.813878059387207,4.35086554580007
2026-09-22T03:32:26,neutral,0.8047930002212524,4.459819344685873
2026-09-22T03:32:26,neutral,0.7716390490531921,4.535353513508838
2026-09-22T03:32:26,neutral,0.7876859903335571,4.565164248016083
2026-09-22T03:32:26,neutral,0.7965025305747986,4.396720204788031
2026-09-22T03:32:27,neutral,0.7793498039245605,4.228248377978411
2026-09-22T03:32:27,neutral,0.75336092710495,4.316459812699393
2026-09-22T03:32:27,neutral,0.7387977838516235,4.436510874692989
2026-09-22T03:32:27,neutral,0.6957669258117676,4.431776301330493
2026-09-22T03:32:28,neutral,0.6756580471992493,4.146814678304062
2026-09-22T03:32:28,neutral,0.6695041656494141,4.311787267682546
2026-09-22T03:32:28,neutral,0.650812029838562,4.270946128271838
2026-09-22T03:32:28,neutral,0.6631636023521423,4.095112192473898
2026-09-22T03:32:29,neutral,0.6429258584976196,4.296795462158876
2026-09-22T03:32:29,neutral,0.5847018957138062,4.267921375811371
2026-09-22T03:32:29,neutral,0.5449828505516052,4.292877042653408
2026-09-22T03:32:29,neutral,0.5469843149185181,131.03105279600126
2026-09-22T03:32:36,neutral,0.5794692635536194,16.752355504431424
2026-09-22T03:32:40,neutral,0.5450806617736816,16.671584838463495
2026-09-22T03:32:41,neutral,0.5606710314750671,16.639111375582665
2026-09-22T03:32:41,neutral,0.5476181507110596,16.529211707540068
2026-09-22T03:32:42,neutral,0.5133225321769714,178.99897575964494
2026-09-22T03:32:45,neutral,0.5171524286270142,16.769032712036527
2026-09-22T03:32:48,neutral,0.5348061919212341,16.64769691797813
2026-09-22T03:32:49,neutral,0.5752698183059692,16.60235994505864
2026-09-22T03:32:49,neutral,0.6042370796203613,16.666881246150485
2026-09-22T03:32:50,neutral,0.6064995527267456,16.686508141741495
2026-09-22T03:32:53,neutral,0.5847482681274414,16.64630942269989
2026-09-22T03:32:55,neutral,0.6361042261123657,16.661716977909133
2026-09-22T03:32:56,neutral,0.6536210775375366,16.640035546950937
2026-09-22T03:32:57,neutral,0.6359764337539673,16.64895247016981
2026-09-22T03:32:58,neutral,0.6541464924812317,16.65477013000421
2026-09-22T03:32:58,neutral,0.6173246502876282,3.3883426518120343
2026-09-22T03:32:59,neutral,0.5741098523139954,16.66072421627977
2026-09-22T03:32:59,neutral,0.5291607975959778,175.75863224941335
2026-09-22T03:32:59,neutral,0.5010851621627808,5.8540991774986635
2026-09-22T03:32:59,neutral,0.45749253034591675,5.928160537764197
2026-09-22T03:32:59,neutral,0.43423953652381897,6.108553685547341
2026-09-22T03:32:59,neutral,0.3822343647480011,5.892556445166249
2026-09-22T03:33:00,neutral,0.36600345373153687,6.042673105570555
2026-09-22T03:33:00,neutral,0.4008486270904541,5.871447849531606
2026-09-22T03:33:00,neutral,0.40598630905151367,6.140551936168655
2026-09-22T03:33:00,neutral,0.403245747089386,5.874383577568036
2026-09-22T03:33:00,neutral,0.4415977895259857,5.999379222254167
2026-09-22T03:33:00,neutral,0.46040892601013184,5.990981327033308
2026-09-22T03:33:01,neutral,0.48318400979042053,6.3473123486682805
2026-09-22T03:33:01,neutral,0.5285962224006653,6.267685801597442
2026-09-22T03:33:01,neutral,0.5479423403739929,6.102652147849822
2026-09-22T03:33:01,neutral,0.5631222128868103,6.2468689727073015
2026-09-22T03:33:01,neutral,0.5234907865524292,6.505994418962498
2026-09-22T03:33:01,neutral,0.518145740032196,6.015607318601853
2026-09-22T03:33:02,neutral,0.5346851348876953,6.368205614060659
2026-09-22T03:33:02,neutral,0.5684369206428528,5.995451563149943
2026-09-22T03:33:02,neutral,0.5613431334495544,6.224988683333704
2026-09-22T03:33:02,neutral,0.5715270638465881,6.036168332704912
2026-09-22T03:33:02,neutral,0.5669301748275757,6.009599761582041
2026-09-22T03:33:02,neutral,0.5703887939453125,6.384442208546374
2026-09-22T03:33:03,neutral,0.5987076759338379,6.310678326181549
2026-09-22T03:33:03,neutral,0.632328987121582,6.432221961516815
2026-09-22T03:33:03,neutral,0.6703088283538818,6.2732823011735
2026-09-22T03:33:03,neutral,0.6799446940422058,6.310450455872175
2026-09-22T03:33:03,neutral,0.67821204662323,6.518937586551508
2026-09-22T03:33:03,neutral,0.6957256197929382,5.963281699852848
2026-09-22T03:33:03,neutral,0.7017945647239685,5.115616256577005
2026-09-22T03:33:04,neutral,0.7169653177261353,6.471862400340697
2026-09-22T03:33:04,neutral,0.7470036745071411,6.255598907064705
2026-09-22T03:33:04,neutral,0.7244371175765991,6.142080599812559
2026-09-22T03:33:04,neutral,0.7215934991836548,6.4361009323537175
2026-09-22T03:33:04,neutral,0.7071830630302429,6.290207393832325
2026-09-22T03:33:04,neutral,0.7081100940704346,6.1465090241915155
2026-09-22T03:33:05,neutral,0.6848973631858826,5.63440796658826
2026-09-22T03:33:05,neutral,0.6633966565132141,5.290347644237925
2026-09-22T03:33:05,neutral,0.634679913520813,6.017687332495452
2026-09-22T03:33:05,neutral,0.6389328241348267,5.591711961050163
2026-09-22T03:33:05,neutral,0.6483508944511414,4.860307009157897
2026-09-22T03:33:06,neutral,0.6314601302146912,4.662057559010657
2026-09-22T03:33:06,neutral,0.6444870233535767,4.573532137802291
2026-09-22T03:33:06,neutral,0.6468101143836975,4.483441117679127
2026-09-22T03:33:06,neutral,0.6780928373336792,4.293826306123327
2026-09-22T03:33:07,neutral,0.6468116044998169,4.275064238530072
2026-09-22T03:33:07,neutral,0.6716123819351196,4.472130644136325
2026-09-22T03:33:07,neutral,0.6915149092674255,4.461816680921318
2026-09-22T03:33:07,neutral,0.7267481088638306,4.429440868504565
2026-09-22T03:33:07,neutral,0.7396170496940613,4.325924581310968
2026-09-22T03:33:08,neutral,0.7468358278274536,4.53955534197886
2026-09-22T03:33:08,neutral,0.7720760703086853,4.484893718716819
2026-09-22T03:33:08,neutral,0.8110417127609253,4.427851001050404
2026-09-22T03:33:08,neutral,0.8321843147277832,4.438881956945754
2026-09-22T03:33:09,neutral,0.8398367762565613,4.417544617231809
2026-09-22T03:33:09,neutral,0.8827462196350098,4.549862071284684
2026-09-22T03:33:09,neutral,0.8812217712402344,4.44617538964818
2026-09-22T03:33:09,neutral,0.8996983766555786,4.471139045117495
2026-09-22T03:33:09,neutral,0.89544278383255,4.293246150791132
2026-09-22T03:33:10,neutral,0.9076679944992065,4.482813386758383
2026-09-22T03:33:10,neutral,0.9184462428092957,4.512245868377624
2026-09-22T03:33:10,neutral,0.9271009564399719,4.468295406000547
2026-09-22T03:33:10,neutral,0.9274522066116333,4.59874524973302
2026-09-22T03:33:11,neutral,0.9242604970932007,4.446594901522588
2026-09-22T03:33:11,neutral,0.9301549792289734,4.512483741066328
2026-09-22T03:33:11,neutral,0.9396976232528687,4.512954705872226
2026-09-22T03:33:11,neutral,0.9455897212028503,4.46309857476372
2026-09-22T03:33:11,neutral,0.9520128965377808,4.433481457678859
2026-09-22T03:33:12,neutral,0.9584881663322449,4.530851087962788
2026-09-22T03:33:12,neutral,0.9577797651290894,4.427692077074684
2026-09-22T03:33:12,neutral,0.9552406072616577,4.477740495633078
2026-09-22T03:33:12,neutral,0.9508857727050781,4.509340021953755
2026-09-22T03:33:13,neutral,0.9272907972335815,4.4183357122917535
2026-09-22T03:33:13,neutral,0.927428126335144,4.51422242934527
2026-09-22T03:33:13,neutral,0.9287278056144714,4.49487638378361
2026-09-22T03:33:13,neutral,0.9360930323600769,4.38925265674953
2026-09-22T03:33:13,neutral,0.9366413950920105,4.445477949632167
2026-09-22T03:33:14,neutral,0.9348761439323425,4.4788306763782835
2026-09-22T03:33:14,neutral,0.9264312982559204,4.512066266842374
2026-09-22T03:33:14,neutral,0.9285786747932434,4.4986126529058135
2026-09-22T03:33:14,neutral,0.9306972622871399,4.548875173119116
2026-09-22T03:33:15,neutral,0.9295671582221985,4.483556140872231
2026-09-22T03:33:15,neutral,0.9527829885482788,4.466544344331339
2026-09-22T03:33:15,neutral,0.9542614221572876,4.5338778492773235
2026-09-22T03:33:15,neutral,0.9536387324333191,4.508012050588396
2026-09-22T03:33:15,neutral,0.9555497169494629,4.4364592555454365
2026-09-22T03:33:16,neutral,0.9495459794998169,4.492454743994696
2026-09-22T03:33:16,neutral,0.9508149027824402,4.5242483863173515
2026-09-22T03:33:16,neutral,0.9508886337280273,4.550449478916911
2026-09-22T03:33:16,neutral,0.9483469724655151,4.553749677004688
2026-09-22T03:33:17,neutral,0.953025221824646,4.365478788787132
2026-09-22T03:33:17,neutral,0.9349176287651062,4.513406341769441
2026-09-22T03:33:17,neutral,0.9296299815177917,4.5326186565228666
2026-09-22T03:33:17,neutral,0.9256537556648254,4.519992025389436
2026-09-22T03:33:18,neutral,0.9244028329849243,4.41338904561329
2026-09-22T03:33:18,neutral,0.9209064245223999,4.508264014213868
2026-09-22T03:33:18,neutral,0.9189456701278687,4.557698409593727
2026-09-22T03:33:18,neutral,0.9086437225341797,3.8056863394473353
2026-09-22T03:33:18,neutral,0.9087742567062378,4.577130628649626
2026-09-22T03:33:19,neutral,0.9079100489616394,4.586665733507134
2026-09-22T03:33:19,neutral,0.9067017436027527,4.49023279216782
2026-09-22T03:33:19,neutral,0.9286835789680481,4.484721083183729
2026-09-22T03:33:19,neutral,0.918615460395813,4.503413821278753
2026-09-22T03:33:20,neutral,0.9148745536804199,4.428828166741637
2026-09-22T03:33:20,neutral,0.908588707447052,4.428458756763891
2026-09-22T03:33:20,neutral,0.9117185473442078,4.0406618729432076
2026-09-22T03:33:20,neutral,0.9184321165084839,4.393675828049398
2026-09-22T03:33:20,neutral,0.9133714437484741,4.488896832421314
2026-09-22T03:33:21,neutral,0.9119552373886108,4.503636256261308
2026-09-22T03:33:21,neutral,0.9124888181686401,4.561624229452427
2026-09-22T03:33:21,neutral,0.8991508483886719,4.5036701069893095
2026-09-22T03:33:21,neutral,0.894056499004364,4.581890717701049
2026-09-22T03:33:22,neutral,0.8964337110519409,4.427210700533676
2026-09-22T03:33:22,neutral,0.8964360952377319,4.533642616178332
2026-09-22T03:33:22,neutral,0.8908052444458008,4.636034653892152
2026-09-22T03:33:22,neutral,0.8853052854537964,4.511299480603571
2026-09-22T03:33:22,neutral,0.8769782781600952,4.458117565028103
2026-09-22T03:33:23,neutral,0.8618121147155762,4.4854117050708
2026-09-22T03:33:23,neutral,0.8619351387023926,4.521468411305223
2026-09-22T03:33:23,neutral,0.8510767221450806,4.530058333504341
2026-09-22T03:33:23,neutral,0.8573025465011597,4.512061412945257
2026-09-22T03:33:24,neutral,0.8518692255020142,4.424497322181117
2026-09-22T03:33:24,neutral,0.8587485551834106,4.553779341193842
2026-09-22T03:33:24,neutral,0.8642987012863159,4.4305450950110865
2026-09-22T03:33:24,neutral,0.8731595873832703,4.519509850826038
2026-09-22T03:33:24,neutral,0.8780192136764526,4.372560160044536
2026-09-22T03:33:25,neutral,0.8818042874336243,4.519193327507868
2026-09-22T03:33:25,neutral,0.9109793901443481,4.506791394951771
2026-09-22T03:33:25,neutral,0.9196969866752625,4.569565890020242
2026-09-22T03:33:25,neutral,0.9297558665275574,4.5099170123589
2026-09-22T03:33:26,neutral,0.9347856640815735,4.388683166110186
2026-09-22T03:33:26,neutral,0.9440994262695312,4.511974044582904
2026-09-22T03:33:26,neutral,0.944558322429657,4.539997575379713
2026-09-22T03:33:26,neutral,0.9409099817276001,4.514431356340841
2026-09-22T03:33:26,neutral,0.93364417552948,4.470805432796747
2026-09-22T03:33:27,neutral,0.908452033996582,4.495623141027359
2026-09-22T03:33:27,neutral,0.9129793047904968,4.464480996462949
2026-09-22T03:33:27,neutral,0.9083447456359863,4.481304676715572
2026-09-22T03:33:27,neutral,0.9019201993942261,4.595973719159679
2026-09-22T03:33:28,neutral,0.8943340182304382,4.3727151508706745
2026-09-22T03:33:28,neutral,0.8811780214309692,4.510343789317475
2026-09-22T03:33:28,neutral,0.872816264629364,4.554931599529553
2026-09-22T03:33:28,neutral,0.8639116287231445,4.43915913983502
2026-09-22T03:33:28,neutral,0.8504225015640259,4.365283421035103
2026-09-22T03:33:29,neutral,0.7986356019973755,4.495059436797229
2026-09-22T03:33:29,neutral,0.7989734411239624,4.515437391872586
2026-09-22T03:33:29,neutral,0.7448878884315491,127.5096978172311
2026-09-22T03:33:29,neutral,0.6841470003128052,4.583613185948539
2026-09-22T03:33:30,neutral,0.6576597094535828,4.355777009519913
2026-09-22T03:33:30,neutral,0.6107375621795654,4.4506338032652595
2026-09-22T03:33:30,neutral,0.5646038055419922,4.499703367237797
2026-09-22T03:33:31,neutral,0.5267369151115417,16.656026749371573
2026-09-22T03:33:32,neutral,0.5338248610496521,16.620583619965444
2026-09-22T03:33:32,neutral,0.5429099798202515,3.528951883022967
2026-09-22T03:33:32,neutral,0.5951346158981323,6.231036752132943
2026-09-22T03:33:32,neutral,0.5937745571136475,6.28551304741367
2026-09-22T03:33:32,neutral,0.639444887638092,6.240047369744361
2026-09-22T03:33:32,neutral,0.6810363531112671,143.09658489986694
2026-09-22T03:33:33,neutral,0.7125768661499023,4.828926326793533
2026-09-22T03:33:33,neutral,0.7487462162971497,4.673829565791028
2026-09-22T03:33:33,neutral,0.7970776557922363,4.511149065784435
2026-09-22T03:33:33,neutral,0.8270675539970398,4.628090273218496
2026-09-22T03:33:34,neutral,0.8045825958251953,4.406568399819295
2026-09-22T03:33:34,neutral,0.8062335252761841,4.502393803162826
2026-09-22T03:33:34,neutral,0.8173534274101257,4.481635069191046
2026-09-22T03:33:34,neutral,0.839862048625946,4.616902980515528
2026-09-22T03:33:34,neutral,0.8421832919120789,4.361474974289544
2026-09-22T03:33:35,neutral,0.8645803332328796,4.505295540574797
2026-09-22T03:33:35,neutral,0.8595938682556152,4.540646340248819
2026-09-22T03:33:35,neutral,0.8720602989196777,4.464414468593301
2026-09-22T03:33:35,neutral,0.8851564526557922,4.524653474852452
2026-09-22T03:33:36,neutral,0.8974273800849915,4.46635409423388
2026-09-22T03:33:36,neutral,0.9017853736877441,4.619435245035898
2026-09-22T03:33:36,neutral,0.9050911068916321,4.584349635705058
2026-09-22T03:33:36,neutral,0.8810180425643921,4.453100381787991
2026-09-22T03:33:36,neutral,0.8725652694702148,4.39572029985988
2026-09-22T03:33:37,neutral,0.8814861178398132,4.448368095400716
2026-09-22T03:33:37,neutral,0.8745042681694031,4.498207389437808
2026-09-22T03:33:37,neutral,0.871850848197937,4.476708182261609
2026-09-22T03:33:37,neutral,0.8757017254829407,4.500277894014013
2026-09-22T03:33:38,neutral,0.8643536567687988,4.465426857052819
2026-09-22T03:33:38,neutral,0.8700100779533386,4.469347654668287
2026-09-22T03:33:38,neutral,0.8962937593460083,4.50698510567652
2026-09-22T03:33:38,neutral,0.9030308723449707,4.649076680928418
2026-09-22T03:33:38,neutral,0.9213299751281738,4.437257140197218
2026-09-22T03:33:39,neutral,0.9346343874931335,4.491430064486007
2026-09-22T03:33:39,neutral,0.9305217862129211,4.536251147770055
2026-09-22T03:33:39,neutral,0.939311146736145,4.534686649267302
2026-09-22T03:33:39,neutral,0.9506139755249023,3.767394192310007
2026-09-22T03:33:40,neutral,0.8977602124214172,4.647994769445583
2026-09-22T03:33:40,neutral,0.8740676045417786,4.608239074903178
2026-09-22T03:33:40,neutral,0.8210219144821167,4.516798926557262
2026-09-22T03:33:40,neutral,0.815891444683075,4.56596933815661
2026-09-22T03:33:40,neutral,0.8130531311035156,4.278016221420762
2026-09-22T03:33:41,neutral,0.8115581274032593,4.599421001842267
2026-09-22T03:33:41,neutral,0.8056994676589966,4.521687758800427
2026-09-22T03:33:41,neutral,0.8025997281074524,4.496726868836746
2026-09-22T03:33:41,neutral,0.7978357076644897,4.283744297180839
2026-09-22T03:33:42,neutral,0.7841063737869263,4.125937220260287
2026-09-22T03:33:42,neutral,0.8331340551376343,4.44368351909141
2026-09-22T03:33:42,neutral,0.8658024668693542,4.580369613623483
2026-09-22T03:33:42,neutral,0.9088515043258667,4.501461205346842
2026-09-22T03:33:43,neutral,0.9100863337516785,4.445148155566789
2026-09-22T03:33:43,neutral,0.9075762033462524,4.577265494895966
2026-09-22T03:33:43,neutral,0.913918137550354,4.54609442488053
2026-09-22T03:33:43,neutral,0.9179266095161438,4.555841949593925
2026-09-22T03:33:43,neutral,0.9158471822738647,4.548184599102357
2026-09-22T03:33:44,neutral,0.9207271337509155,4.4746974943936975
2026-09-22T03:33:44,neutral,0.9301141500473022,4.521912002682332
2026-09-22T03:33:44,neutral,0.9322181940078735,4.488435678444122
2026-09-22T03:33:44,neutral,0.9313279390335083,4.520805623759132
2026-09-22T03:33:45,neutral,0.9382531046867371,4.425253557935074
2026-09-22T03:33:45,neutral,0.9377231597900391,4.454017776550669
2026-09-22T03:33:45,neutral,0.9435325860977173,4.533084035384458
2026-09-22T03:33:45,neutral,0.9444154500961304,4.519602381401363
2026-09-22T03:33:45,neutral,0.9429459571838379,4.53972239780412
2026-09-22T03:33:46,neutral,0.9504233598709106,4.469119069842772
2026-09-22T03:33:46,neutral,0.9514945149421692,4.578394687089295
2026-09-22T03:33:46,neutral,0.9558229446411133,4.532506000218288
2026-09-22T03:33:46,neutral,0.962983250617981,4.509868520087568
2026-09-22T03:33:47,neutral,0.964146614074707,4.397780508570542
2026-09-22T03:33:47,neutral,0.9632943868637085,4.4922526575093045
2026-09-22T03:33:47,neutral,0.9651474952697754,4.544887534647651
2026-09-22T03:33:47,neutral,0.9568364024162292,4.538297904570646
2026-09-22T03:33:47,neutral,0.9547861814498901,4.518063944175686
2026-09-22T03:33:48,neutral,0.9016305208206177,4.429955481857404
2026-09-22T03:33:48,neutral,0.8808315992355347,4.544715174066011
2026-09-22T03:33:48,neutral,0.837895393371582,129.84255332322076
2026-09-22T03:33:48,neutral,0.8121808767318726,138.54933439038086
2026-09-22T03:33:49,neutral,0.7581429481506348,4.459255101086134
2026-09-22T03:33:49,neutral,0.7266565561294556,4.5796794456740235
2026-09-22T03:33:49,neutral,0.693611741065979,4.587317871306295
2026-09-22T03:33:49,neutral,0.6659838557243347,4.51386292583445
2026-09-22T03:33:49,neutral,0.6606810688972473,4.501321107455081
2026-09-22T03:33:50,neutral,0.6518195867538452,4.455820564766724
2026-09-22T03:33:50,neutral,0.6911801099777222,4.362577332884002
2026-09-22T03:33:50,neutral,0.67901611328125,4.184357781553248
2026-09-22T03:33:50,neutral,0.7000879645347595,4.400812108176167
2026-09-22T03:33:51,neutral,0.7169294357299805,4.353272450058797
2026-09-22T03:33:51,neutral,0.7688436508178711,4.234185796012643
2026-09-22T03:33:51,neutral,0.8005079030990601,4.43637479044038
2026-09-22T03:33:51,neutral,0.8330886960029602,4.534554280432233
2026-09-22T03:33:51,neutral,0.8573063015937805,4.4099969508669
2026-09-22T03:33:52,neutral,0.8465615510940552,4.443316333989436
2026-09-22T03:33:52,neutral,0.8249252438545227,4.317481754454589
2026-09-22T03:33:52,neutral,0.8076536059379578,4.51839977937501
2026-09-22T03:33:52,neutral,0.8042352795600891,4.522950639356955
2026-09-22T03:33:53,neutral,0.8027508854866028,4.151526669200558
2026-09-22T03:33:53,neutral,0.7758657932281494,4.406142520080427
2026-09-22T03:33:53,neutral,0.7626374959945679,4.445831354724917
2026-09-22T03:33:53,neutral,0.7568097114562988,4.131004616264971
2026-09-22T03:33:54,neutral,0.7483726739883423,4.4250621405029475
2026-09-22T03:33:54,neutral,0.7451271414756775,4.580004498867639
2026-09-22T03:33:54,neutral,0.7614138126373291,4.372842798625062
2026-09-22T03:33:54,neutral,0.7925254106521606,4.525410159748132
2026-09-22T03:33:54,neutral,0.8148992657661438,4.503036699128982
2026-09-22T03:33:55,neutral,0.8437768816947937,4.5065880166110635
2026-09-22T03:33:55,neutral,0.8566056489944458,3.320090872390783
2026-09-22T03:33:55,neutral,0.8823296427726746,3.8886989285992426
2026-09-22T03:33:55,neutral,0.8906317949295044,4.504410114320387
2026-09-22T03:33:56,neutral,0.8802922368049622,4.41339833346837
2026-09-22T03:33:56,neutral,0.8849336504936218,4.405531619004805
2026-09-22T03:33:56,neutral,0.8913952708244324,4.285359314719153
2026-09-22T03:33:56,neutral,0.8900291323661804,4.258064254141515
2026-09-22T03:33:57,neutral,0.8892041444778442,4.324354641488114
2026-09-22T03:33:57,neutral,0.8905414342880249,4.38655347933899
2026-09-22T03:33:57,neutral,0.8963184356689453,4.535554591943216
2026-09-22T03:33:57,neutral,0.9046915173530579,4.324345724631106
2026-09-22T03:33:57,neutral,0.9032588005065918,4.1766077131195125
2026-09-22T03:33:58,neutral,0.9054523706436157,4.4188943029472965
2026-09-22T03:33:58,neutral,0.9205510020256042,4.504129560046949
2026-09-22T03:33:58,neutral,0.916113555431366,4.43261466207726
2026-09-22T03:33:58,neutral,0.9043652415275574,4.031794460673628
2026-09-22T03:33:59,neutral,0.885343074798584,4.4545333858690865
2026-09-22T03:33:59,neutral,0.8787556886672974,4.353615865361161
2026-09-22T03:33:59,neutral,0.8652640581130981,4.223330953644398
2026-09-22T03:33:59,neutral,0.8589019775390625,4.243558989187499
2026-09-22T03:34:00,neutral,0.8579988479614258,4.248398862719001
2026-09-22T03:34:00,neutral,0.8590391874313354,4.105457788009683
2026-09-22T03:34:00,neutral,0.8576424717903137,4.492916724243388
2026-09-22T03:34:00,neutral,0.8590267896652222,4.204773886978576
2026-09-22T03:34:01,neutral,0.8683231472969055,4.128463267805045
2026-09-22T03:34:01,neutral,0.8738546371459961,4.23178918863291
2026-09-22T03:34:01,neutral,0.8886170387268066,4.313095269924254
2026-09-22T03:34:01,neutral,0.8904685974121094,4.397554574897172
2026-09-22T03:34:01,neutral,0.9004024267196655,4.157538883651867
2026-09-22T03:34:02,neutral,0.9003068208694458,4.48833001066891
2026-09-22T03:34:02,neutral,0.9003790020942688,4.376570661780511
2026-09-22T03:34:02,neutral,0.9082945585250854,4.319046706991323
2026-09-22T03:34:02,neutral,0.9097884297370911,4.472402457190567
2026-09-22T03:34:03,neutral,0.8989009857177734,4.436942645512496
2026-09-22T03:34:03,neutral,0.8870929479598999,4.529525093089357
2026-09-22T03:34:03,neutral,0.896206259727478,4.497556226101092
2026-09-22T03:34:03,neutral,0.8753484487533569,4.484433386827584
2026-09-22T03:34:03,neutral,0.8663514852523804,4.3487588687410765
2026-09-22T03:34:04,neutral,0.8607999682426453,4.403108196914059
2026-09-22T03:34:04,neutral,0.8718405961990356,4.411059029658383
2026-09-22T03:34:04,neutral,0.8764217495918274,4.345803039769401
2026-09-22T03:34:04,neutral,0.8739007115364075,4.4279538402906145
2026-09-22T03:34:05,neutral,0.8766379356384277,4.282414682083876
2026-09-22T03:34:05,neutral,0.8888154029846191,4.215207212567121
2026-09-22T03:34:05,neutral,0.9022337794303894,4.344709141044685
2026-09-22T03:34:05,neutral,0.900139331817627,4.332649842108362
2026-09-22T03:34:06,neutral,0.9343109130859375,4.39611652113578
2026-09-22T03:34:06,neutral,0.9407800436019897,4.501248646450077
2026-09-22T03:34:06,neutral,0.9589910507202148,4.4500766028239065
2026-09-22T03:34:06,neutral,0.9571189880371094,4.416930550538807
2026-09-22T03:34:06,neutral,0.9549907445907593,4.311663159539505
2026-09-22T03:34:07,neutral,0.9592593312263489,4.332542431357318
2026-09-22T03:34:07,neutral,0.9543316960334778,4.378708948664038
2026-09-22T03:34:07,neutral,0.9553253054618835,4.296306918867758
2026-09-22T03:34:07,neutral,0.9544357061386108,4.434254831708227
2026-09-22T03:34:08,neutral,0.9522868394851685,4.42898717228504
2026-09-22T03:34:08,neutral,0.9464511871337891,4.479945313167564
2026-09-22T03:34:08,neutral,0.953227698802948,4.38925265674953
2026-09-22T03:34:08,neutral,0.9557571411132812,4.366910504605018
2026-09-22T03:34:09,neutral,0.953980565071106,4.310413611451674
2026-09-22T03:34:09,neutral,0.956619918346405,4.4371538683697445
2026-09-22T03:34:09,neutral,0.949438214302063,4.525615240528619
2026-09-22T03:34:09,neutral,0.9451319575309753,4.483628033365011
2026-09-22T03:34:09,neutral,0.9245783686637878,4.542229711436622
2026-09-22T03:34:10,neutral,0.9080377817153931,4.4701764707136205
2026-09-22T03:34:10,neutral,0.909107506275177,3.8334078207184605
2026-09-22T03:34:10,neutral,0.9123846292495728,4.60002127657241
2026-09-22T03:34:10,neutral,0.913149356842041,4.290207293846648
2026-09-22T03:34:11,neutral,0.8976806402206421,4.2666362849385635
2026-09-22T03:34:11,neutral,0.8891118168830872,4.394499834458596
2026-09-22T03:34:11,neutral,0.8850447535514832,4.490026098927568
2026-09-22T03:34:11,neutral,0.8726787567138672,4.544094784203644
2026-09-22T03:34:11,neutral,0.8698617219924927,4.45198015966102
2026-09-22T03:34:12,neutral,0.8694463968276978,4.3865901805650696
2026-09-22T03:34:12,neutral,0.8810760378837585,4.505010037259769
2026-09-22T03:34:12,neutral,0.8620486259460449,4.488118690043712
2026-09-22T03:34:12,neutral,0.8208221197128296,4.512177909358487
2026-09-22T03:34:13,neutral,0.7891135811805725,4.352143176585216
2026-09-22T03:34:13,neutral,0.8033143281936646,4.045416491448721
2026-09-22T03:34:13,neutral,0.8100973963737488,4.249182187957471
2026-09-22T03:34:13,neutral,0.8116911053657532,4.361216477008052
2026-09-22T03:34:14,neutral,0.8073835372924805,4.355008155963198
2026-09-22T03:34:14,neutral,0.8166936039924622,4.450194642116331
2026-09-22T03:34:14,neutral,0.831562340259552,120.4844306560956
2026-09-22T03:34:14,neutral,0.8406689763069153,4.496760615777832
2026-09-22T03:34:14,neutral,0.8606165051460266,4.369307888873031
2026-09-22T03:34:15,neutral,0.9050042033195496,4.453833321475711
2026-09-22T03:34:15,neutral,0.9385325312614441,4.353389928144172
2026-09-22T03:34:15,neutral,0.9403627514839172,4.265200157009817
2026-09-22T03:34:15,neutral,0.9442564845085144,4.2581031596409
2026-09-22T03:34:16,neutral,0.9377137422561646,4.231460454248758
2026-09-22T03:34:16,neutral,0.9622815847396851,4.273753069563179
2026-09-22T03:34:16,neutral,0.9635310173034668,4.325741660349727
2026-09-22T03:34:16,neutral,0.9704650640487671,4.336224284611035
2026-09-22T03:34:17,neutral,0.9695839881896973,4.27340036740021
2026-09-22T03:34:17,neutral,0.9648700952529907,4.411476580585651
2026-09-22T03:34:17,neutral,0.9646197557449341,4.541575576453519
2026-09-22T03:34:17,neutral,0.9636193513870239,4.543814187286042
2026-09-22T03:34:17,neutral,0.959973931312561,4.429043294614572
2026-09-22T03:34:18,neutral,0.9597409963607788,4.458250247662618
2026-09-22T03:34:18,neutral,0.9622308015823364,3.8911737801766764
2026-09-22T03:34:18,neutral,0.9589039087295532,4.07102126308985
2026-09-22T03:34:18,neutral,0.9625625610351562,4.26220085969494
2026-09-22T03:34:19,neutral,0.9576275944709778,4.160892036943345
2026-09-22T03:34:19,neutral,0.9533750414848328,4.27729201976753
2026-09-22T03:34:19,neutral,0.9592028856277466,4.32226019068504
2026-09-22T03:34:19,neutral,0.9584894180297852,4.383454442655006
2026-09-22T03:34:20,neutral,0.9578396081924438,4.366214982506217
2026-09-22T03:34:20,neutral,0.959742546081543,4.385526094289296
2026-09-22T03:34:20,neutral,0.961174488067627,4.361660929879475
2026-09-22T03:34:20,neutral,0.9669771194458008,4.326379720095062
2026-09-22T03:34:21,neutral,0.968785285949707,4.076267521383303
2026-09-22T03:34:21,neutral,0.9697861671447754,3.7922771181506167
2026-09-22T03:34:21,neutral,0.9735803604125977,4.6111673631289465
2026-09-22T03:34:21,neutral,0.9732658267021179,4.5311447711419195
2026-09-22T03:34:21,neutral,0.972070038318634,4.4825690504995235
2026-09-22T03:34:22,neutral,0.9710820317268372,4.340842149275233
2026-09-22T03:34:22,neutral,0.9716402292251587,4.423955978816335
2026-09-22T03:34:22,neutral,0.9685589075088501,4.442751552308178
2026-09-22T03:34:22,neutral,0.9696664810180664,4.475432785877693
2026-09-22T03:34:23,neutral,0.9684804081916809,4.353064619746785
2026-09-22T03:34:23,neutral,0.9690343737602234,4.547425209817997
2026-09-22T03:34:23,neutral,0.9681428670883179,4.42490341665559
2026-09-22T03:34:23,neutral,0.9668546915054321,4.478127735901433
2026-09-22T03:34:23,neutral,0.9721419215202332,4.462163194396423
2026-09-22T03:34:24,neutral,0.9731727838516235,4.490852986083005
2026-09-22T03:34:24,neutral,0.9734706878662109,4.475442336707278
2026-09-22T03:34:24,neutral,0.9723440408706665,4.52252634983961
2026-09-22T03:34:24,neutral,0.9678682088851929,4.447754863120032
2026-09-22T03:34:25,neutral,0.9672999382019043,4.399376537939513
2026-09-22T03:34:25,neutral,0.9691875576972961,4.546784364271413
2026-09-22T03:34:25,neutral,0.9352588653564453,4.4941635825552515
2026-09-22T03:34:25,neutral,0.8708728551864624,4.564324672554661
2026-09-22T03:34:25,neutral,0.8129094243049622,4.412868988112209
2026-09-22T03:34:26,neutral,0.756903350353241,4.488397253222926
2026-09-22T03:34:26,neutral,0.7215601205825806,4.460943515828076
2026-09-22T03:34:26,neutral,0.7006694674491882,4.528620339308793
2026-09-22T03:34:26,neutral,0.6816596388816833,4.536300209061344
2026-09-22T03:34:27,neutral,0.6497633457183838,4.461973317333521
2026-09-22T03:34:27,neutral,0.5821540951728821,4.415507688679791
2026-09-22T03:34:27,neutral,0.5044553279876709,4.461484458267827
2026-09-22T03:34:27,neutral,0.4999311566352844,4.500041306397986
2026-09-22T03:34:27,neutral,0.5613194704055786,4.544045554167619
2026-09-22T03:34:28,neutral,0.6209097504615784,4.396098090655353
2026-09-22T03:34:28,neutral,0.6771081686019897,4.285897924545461
2026-09-22T03:34:28,neutral,0.7143916487693787,4.294503352213853
2026-09-22T03:34:28,neutral,0.7368284463882446,4.149859010002869
2026-09-22T03:34:29,neutral,0.7560204863548279,4.140302040485942
2026-09-22T03:34:29,neutral,0.795667290687561,4.305922113013537
2026-09-22T03:34:29,neutral,0.861294150352478,4.3795593609689885
2026-09-22T03:34:29,neutral,0.9383901357650757,4.182471787313689
2026-09-22T03:34:30,neutral,0.9761432409286499,4.347469705183313
2026-09-22T03:34:30,neutral,0.978191077709198,4.345316794561392
2026-09-22T03:34:30,neutral,0.9762036204338074,3.9372562861053275
2026-09-22T03:34:30,neutral,0.9747463464736938,3.464102392568164
2026-09-22T03:34:31,neutral,0.9686333537101746,3.092034055615719
2026-09-22T03:34:31,neutral,0.962638258934021,4.329411959004658
2026-09-22T03:34:31,neutral,0.9608899354934692,4.416042316811752
2026-09-22T03:34:31,neutral,0.9604529142379761,4.245367277615155
2026-09-22T03:34:32,neutral,0.9597210884094238,4.003726613211149
2026-09-22T03:34:32,neutral,0.9521259069442749,4.437144480260158
2026-09-22T03:34:32,neutral,0.9527198076248169,4.431102096010818
2026-09-22T03:34:32,neutral,0.9540511965751648,4.284046199793269
2026-09-22T03:34:33,neutral,0.9571792483329773,4.029710475623172
2026-09-22T03:34:33,neutral,0.9576144218444824,4.30974039652081
2026-09-22T03:34:33,neutral,0.9606893658638,4.314191055233895
2026-09-22T03:34:33,neutral,0.9658465385437012,4.44621309534284
2026-09-22T03:34:33,neutral,0.9685169458389282,3.9677644866355437
2026-09-22T03:34:34,neutral,0.9683890342712402,4.464115117714675
2026-09-22T03:34:34,neutral,0.9625590443611145,4.511343151300816
2026-09-22T03:34:34,neutral,0.9697596430778503,4.5042166248744895
2026-09-22T03:34:34,neutral,0.9675610661506653,4.369926996044013
2026-09-22T03:34:35,neutral,0.9268377423286438,4.350513539136226
2026-09-22T03:34:35,neutral,0.8976840972900391,4.33650224511972
2026-09-22T03:34:35,neutral,0.8861801028251648,4.420426497029022
2026-09-22T03:34:35,neutral,0.8569781184196472,4.446590187466274
2026-09-22T03:34:36,neutral,0.8273165822029114,4.439365875033605
2026-09-22T03:34:36,neutral,0.8026387095451355,4.371193069962159
2026-09-22T03:34:36,neutral,0.794678270816803,4.483891658898287
2026-09-22T03:34:36,neutral,0.7992051243782043,4.419634653156533
2026-09-22T03:34:36,neutral,0.7890627980232239,4.390810325298405
2026-09-22T03:34:37,neutral,0.7667649984359741,4.432525659018278
2026-09-22T03:34:37,neutral,0.7667471766471863,4.467548181901457
2026-09-22T03:34:37,neutral,0.7426239848136902,4.434151699582095
2026-09-22T03:34:37,neutral,0.7540512681007385,4.580994945324753
2026-09-22T03:34:38,neutral,0.7760226726531982,4.43174820534603
2026-09-22T03:34:38,neutral,0.7989931106567383,4.519130028164401
2026-09-22T03:34:38,neutral,0.8223962783813477,4.416609629069589
2026-09-22T03:34:38,neutral,0.8043665885925293,4.381782965982528
2026-09-22T03:34:38,neutral,0.7775604128837585,4.3208130863553995
2026-09-22T03:34:39,neutral,0.7567936182022095,4.300262467191601
2026-09-22T03:34:39,neutral,0.7593745589256287,4.490530848481799
2026-09-22T03:34:39,neutral,0.7934260368347168,4.424464651152978
2026-09-22T03:34:39,neutral,0.8399946093559265,4.2533748701973
2026-09-22T03:34:40,neutral,0.8271006345748901,4.331804126586096
2026-09-22T03:34:40,neutral,0.7991779446601868,4.400608948095673
2026-09-22T03:34:40,neutral,0.7563052177429199,3.6710925478896685
2026-09-22T03:34:40,neutral,0.6897003054618835,4.647150198215287
2026-09-22T03:34:41,neutral,0.6691177487373352,4.477358101840238
2026-09-22T03:34:41,neutral,0.6748560070991516,4.507517896042291
2026-09-22T03:34:41,neutral,0.692008912563324,4.347663481651785
2026-09-22T03:34:41,neutral,0.706750214099884,4.470152649870882
2026-09-22T03:34:41,neutral,0.6924655437469482,4.086334860320608
2026-09-22T03:34:42,neutral,0.6942859292030334,3.9418112785523305
2026-09-22T03:34:42,neutral,0.6417988538742065,4.471544212733702
2026-09-22T03:34:42,neutral,0.630122721195221,4.4661923943934925
2026-09-22T03:34:42,neutral,0.6771043539047241,4.50724664157091
2026-09-22T03:34:43,neutral,0.7450019121170044,4.288645626491562
2026-09-22T03:34:43,neutral,0.7908081412315369,4.482147513304409
2026-09-22T03:34:43,neutral,0.8130353093147278,4.480600959509798
2026-09-22T03:34:43,neutral,0.8252769708633423,4.414225109163642
2026-09-22T03:34:43,neutral,0.8148051500320435,4.436759601968788
2026-09-22T03:34:44,neutral,0.8163708448410034,4.532158270427272
2026-09-22T03:34:44,neutral,0.8085556030273438,4.431027196970978
2026-09-22T03:34:44,neutral,0.8718827366828918,4.112062745098039
2026-09-22T03:34:44,neutral,0.9022170305252075,3.337721235328898
2026-09-22T03:34:45,neutral,0.9045607447624207,4.272342610116386
2026-09-22T03:34:45,neutral,0.9027811884880066,4.265703342547561
2026-09-22T03:34:45,neutral,0.9023793935775757,4.416456161373235
2026-09-22T03:34:45,neutral,0.8954358100891113,4.314239868339848
2026-09-22T03:34:46,neutral,0.891974151134491,4.3147369373966145
2026-09-22T03:34:46,neutral,0.9013842344284058,4.463454787118002
2026-09-22T03:34:46,neutral,0.9042484164237976,4.386814988976233
2026-09-22T03:34:46,neutral,0.9051691889762878,4.353299559823431
2026-09-22T03:34:47,neutral,0.9026516675949097,4.3463029052006785
2026-09-22T03:34:47,neutral,0.920913815498352,4.4691762138570645
2026-09-22T03:34:47,neutral,0.9165414571762085,4.353444150937521
2026-09-22T03:34:47,neutral,0.9000551104545593,4.377881713909361
2026-09-22T03:34:47,neutral,0.8959463238716125,4.255584415584416
2026-09-22T03:34:48,neutral,0.9006786346435547,4.388761232698401
2026-09-22T03:34:48,neutral,0.8961673974990845,4.4737524745716435
2026-09-22T03:34:48,neutral,0.9037922024726868,4.436783068245767
2026-09-22T03:34:48,neutral,0.9118162989616394,4.47925158989091
2026-09-22T03:34:49,neutral,0.910168468952179,4.512163346977855
2026-09-22T03:34:49,neutral,0.9133663177490234,4.2276176268999714
2026-09-22T03:34:49,neutral,0.9088071584701538,4.308292811198695
2026-09-22T03:34:49,neutral,0.9109422564506531,4.14253474331282
2026-09-22T03:34:50,neutral,0.9264237284660339,4.018918400981181
2026-09-22T03:34:50,neutral,0.928492546081543,3.838161037344778
2026-09-22T03:34:50,neutral,0.9218756556510925,4.317210670580764
2026-09-22T03:34:50,neutral,0.925796627998352,4.3956788389709365
2026-09-22T03:34:51,neutral,0.9213989973068237,4.333048203475278
2026-09-22T03:34:51,neutral,0.9284697771072388,2.7790853536119857
2026-09-22T03:34:51,neutral,0.9396723508834839,4.193670755715887
2026-09-22T03:34:51,neutral,0.9364374279975891,4.235584001680377
2026-09-22T03:34:52,neutral,0.9355103373527527,4.195961404754878
2026-09-22T03:34:52,neutral,0.934942364692688,4.399625733742285
2026-09-22T03:34:52,neutral,0.9328442811965942,3.3421121829247498
2026-09-22T03:34:52,neutral,0.9277036786079407,3.6679688149051812
2026-09-22T03:34:53,neutral,0.9324660301208496,4.170150488371353
2026-09-22T03:34:53,neutral,0.9326537251472473,4.350680509554933
2026-09-22T03:34:53,neutral,0.933332622051239,4.215770704426942
2026-09-22T03:34:53,neutral,0.9318616986274719,4.424105301685447
2026-09-22T03:34:54,neutral,0.9257795214653015,4.375191935376193
2026-09-22T03:34:54,neutral,0.9281339645385742,4.098902054677384
2026-09-22T03:34:54,neutral,0.9235200881958008,4.457293214225747
2026-09-22T03:34:54,neutral,0.9203566312789917,4.446114119258314
2026-09-22T03:34:54,neutral,0.9244762659072876,4.411272434700757
2026-09-22T03:34:55,neutral,0.9250891804695129,4.454211707334686
2026-09-22T03:34:55,neutral,0.9261557459831238,4.540390744076486
2026-09-22T03:34:55,neutral,0.9237207174301147,4.248885179009557
2026-09-22T03:34:55,neutral,0.9285885095596313,4.166269174723287
2026-09-22T03:34:56,neutral,0.9256049990653992,4.182467616644895
2026-09-22T03:34:56,neutral,0.9299163818359375,4.004040026042512
2026-09-22T03:34:56,neutral,0.9296408891677856,4.096
2026-09-22T03:34:56,neutral,0.9235192537307739,4.214296623180368
2026-09-22T03:34:57,neutral,0.9201606512069702,4.3604502353162555
2026-09-22T03:34:57,neutral,0.9180561900138855,3.9548236110561086
2026-09-22T03:34:57,neutral,0.9208123087882996,2.1574794401041935
2026-09-22T03:34:58,neutral,0.9157049059867859,4.155746979523976
2026-09-22T03:34:58,neutral,0.9178584814071655,4.250934955476863
2026-09-22T03:34:58,neutral,0.9082123041152954,4.275927173821071
2026-09-22T03:34:58,neutral,0.9126629829406738,4.4315562256527725
2026-09-22T03:34:58,neutral,0.9110360145568848,4.447221960092416
2026-09-22T03:34:59,neutral,0.8928041458129883,4.433279956029786
2026-09-22T03:34:59,neutral,0.8846825361251831,4.437595154336498
2026-09-22T03:34:59,neutral,0.8760004043579102,3.840575476855205
2026-09-22T03:34:59,neutral,0.8762249946594238,3.8743558218738365
2026-09-22T03:35:00,neutral,0.881767749786377,4.07401068646087
2026-09-22T03:35:00,neutral,0.8866268992424011,3.434941485746108
2026-09-22T03:35:00,neutral,0.8805956840515137,4.186863942773691
2026-09-22T03:35:00,neutral,0.888580322265625,4.283748672277147
2026-09-22T03:35:01,neutral,0.884347140789032,4.422612526453087
2026-09-22T03:35:01,neutral,0.8793023228645325,4.417642325403078
2026-09-22T03:35:01,neutral,0.8877459764480591,4.401638793740346
2026-09-22T03:35:01,neutral,0.9002765417098999,4.32121372591644
2026-09-22T03:35:02,neutral,0.9133666753768921,113.67601702035395
2026-09-22T03:35:02,neutral,0.9140032529830933,4.470652940888054
2026-09-22T03:35:02,neutral,0.9029243588447571,107.89206430868167
2026-09-22T03:35:02,neutral,0.9063262939453125,4.502915840010994
2026-09-22T03:35:02,neutral,0.9144213795661926,4.453549574267697
2026-09-22T03:35:03,neutral,0.9099815487861633,4.406341562320421
2026-09-22T03:35:03,neutral,0.9039983749389648,122.07648873624774
2026-09-22T03:35:03,neutral,0.89964759349823,4.384476273904326
2026-09-22T03:35:03,neutral,0.9029334187507629,4.4629988454929
2026-09-22T03:35:04,neutral,0.8672122955322266,4.34292767074835
2026-09-22T03:35:04,neutral,0.8465185165405273,113.22492171471764
2026-09-22T03:35:04,neutral,0.8334620594978333,4.510028548540584
2026-09-22T03:35:04,neutral,0.8077975511550903,4.31708180657911
2026-09-22T03:35:05,neutral,0.7585577368736267,4.288702633669704
2026-09-22T03:35:05,neutral,0.7121352553367615,4.420314690105072
2026-09-22T03:35:05,neutral,0.683451771736145,4.431724792297769
2026-09-22T03:35:05,neutral,0.6913237571716309,4.223628653742937
2026-09-22T03:35:06,neutral,0.6925721168518066,4.1810625748255275
2026-09-22T03:35:06,neutral,0.6263562440872192,119.08869960249858
2026-09-22T03:35:06,neutral,0.6156583428382874,106.77419683315513
2026-09-22T03:35:06,neutral,0.5656817555427551,25.17574324283768
2026-09-22T03:35:07,neutral,0.5064578056335449,120.75499510566016
2026-09-22T03:35:07,neutral,0.47027474641799927,60.96726553869411
2026-09-22T03:35:07,neutral,0.44167643785476685,67.20025634863414
2026-09-22T03:35:07,neutral,0.4332919120788574,114.9470799419003
2026-09-22T03:35:08,neutral,0.39568817615509033,3.9200421696430907
2026-09-22T03:35:08,neutral,0.34348830580711365,118.4162619988707
2026-09-22T03:35:08,sad,0.3539885878562927,4.315580441568971
2026-09-22T03:35:08,sad,0.36503589153289795,126.75059683901968
2026-09-22T03:35:09,sad,0.3671285808086395,4.23571660121003
2026-09-22T03:35:09,neutral,0.35996079444885254,120.1152381225121
2026-09-22T03:35:09,sad,0.3723112940788269,114.33605931741359
2026-09-22T03:35:09,sad,0.41417741775512695,4.356509934387033
2026-09-22T03:35:10,sad,0.4521002769470215,4.3298767715954245
2026-09-22T03:35:10,sad,0.46438509225845337,4.392014944753001
2026-09-22T03:35:10,sad,0.47668972611427307,4.328393295914124
2026-09-22T03:35:10,sad,0.5281980633735657,4.393841525183142
2026-09-22T03:35:10,sad,0.5459374189376831,4.279504658240919
2026-09-22T03:35:11,sad,0.536533772945404,4.357134472366821
2026-09-22T03:35:11,sad,0.5225135684013367,4.382057641717007
2026-09-22T03:35:11,sad,0.5017433762550354,4.353972893967579
2026-09-22T03:35:11,neutral,0.4755071997642517,4.432431975449023
2026-09-22T03:35:12,neutral,0.4768622815608978,4.071527100290733
2026-09-22T03:35:12,neutral,0.5294579863548279,4.410799260082636
2026-09-22T03:35:12,neutral,0.5462536811828613,4.358615070944464
2026-09-22T03:35:12,neutral,0.5584765076637268,4.354031651121388
2026-09-22T03:35:13,neutral,0.5923990607261658,4.308655722885378
2026-09-22T03:35:13,neutral,0.6231407523155212,4.32487188212124
2026-09-22T03:35:13,neutral,0.5865656137466431,4.352224464701702
2026-09-22T03:35:13,neutral,0.521741509437561,4.218688016736738
2026-09-22T03:35:13,neutral,0.4838325083255768,4.294072480000327
2026-09-22T03:35:14,neutral,0.4779718816280365,4.468657209369224
2026-09-22T03:35:14,neutral,0.4659046232700348,4.3899968914292415
2026-09-22T03:35:14,neutral,0.4217969477176666,3.82587248016054
2026-09-22T03:35:14,neutral,0.38770875334739685,4.343201993958893
2026-09-22T03:35:15,neutral,0.35174474120140076,4.4872832079288845
2026-09-22T03:35:15,neutral,0.3605366349220276,4.4017635162860795
2026-09-22T03:35:15,neutral,0.3637731969356537,4.5341229097143625
2026-09-22T03:35:15,neutral,0.3943081200122833,4.38486130248332
2026-09-22T03:35:16,neutral,0.4463559687137604,4.360726776706216
2026-09-22T03:35:16,neutral,0.4338466227054596,4.501847727504468
2026-09-22T03:35:16,neutral,0.41491684317588806,4.407309256359873
2026-09-22T03:35:16,neutral,0.4789896607398987,4.526171982069284
2026-09-22T03:35:16,neutral,0.5247565507888794,4.5090588532512
2026-09-22T03:35:17,neutral,0.5872247219085693,4.304843778545491
2026-09-22T03:35:17,neutral,0.6514660120010376,4.426664021133308
2026-09-22T03:35:17,neutral,0.6863076686859131,4.429955481857404
2026-09-22T03:35:17,neutral,0.6942382454872131,4.59337152469388
2026-09-22T03:35:18,neutral,0.6796637773513794,4.4342032650454914
2026-09-22T03:35:18,neutral,0.6692537069320679,4.320612794432438
2026-09-22T03:35:18,neutral,0.6562477946281433,4.515092276027179
2026-09-22T03:35:18,neutral,0.6252548098564148,4.435605367602969
2026-09-22T03:35:18,neutral,0.5991973876953125,4.350274387619315
2026-09-22T03:35:19,neutral,0.5924150943756104,4.434043884761272
2026-09-22T03:35:19,neutral,0.5394037961959839,4.37400564804425
2026-09-22T03:35:19,neutral,0.5290745496749878,4.488671047280666
2026-09-22T03:35:19,neutral,0.5005093812942505,4.4523818622642874
2026-09-22T03:35:20,neutral,0.47625932097435,4.3235700988143515
2026-09-22T03:35:20,neutral,0.5130764245986938,4.4563365915852104
2026-09-22T03:35:20,neutral,0.5409015417098999,2.9338983394667464
2026-09-22T03:35:20,neutral,0.6105644106864929,4.322255736569672
2026-09-22T03:35:21,neutral,0.67707359790802,4.395881544085589
2026-09-22T03:35:21,neutral,0.7141395211219788,4.255834860411834
2026-09-22T03:35:21,neutral,0.740753173828125,3.3823532020757145
2026-09-22T03:35:22,neutral,0.7520747184753418,3.2044666752744493
2026-09-22T03:35:22,neutral,0.7658619284629822,3.9744832788152844
2026-09-22T03:35:22,neutral,0.792660117149353,3.7251874226751016
2026-09-22T03:35:22,neutral,0.821182370185852,3.7912247733248727
2026-09-22T03:35:23,neutral,0.8308334350585938,3.8065843509354678
2026-09-22T03:35:23,neutral,0.8151785135269165,3.838459602545975
2026-09-22T03:35:23,neutral,0.7872463464736938,3.7404858176837066
2026-09-22T03:35:23,neutral,0.7578623294830322,3.537547663608155
2026-09-22T03:35:24,neutral,0.7203779816627502,121.9806310891377
2026-09-22T03:35:24,neutral,0.6693136096000671,3.912024078563121
2026-09-22T03:35:24,neutral,0.6688722372055054,3.922344333305902
2026-09-22T03:35:24,neutral,0.6287320852279663,110.72023652394277
2026-09-22T03:35:25,neutral,0.6069057583808899,122.30430979180032
2026-09-22T03:35:25,neutral,0.5817214846611023,4.105690873869279
2026-09-22T03:35:25,neutral,0.5607961416244507,4.198057063014335
2026-09-22T03:35:25,neutral,0.5708667635917664,4.306651620832661
2026-09-22T03:35:26,neutral,0.5944941639900208,4.330690433832693
2026-09-22T03:35:26,neutral,0.6221719980239868,4.3410173638459
2026-09-22T03:35:26,neutral,0.6315529942512512,4.432464764247799
2026-09-22T03:35:26,neutral,0.6182548403739929,3.8017228877222498
2026-09-22T03:35:27,neutral,0.6083506941795349,4.2056466289583
2026-09-22T03:35:27,neutral,0.6189337372779846,4.288386920652188
2026-09-22T03:35:27,neutral,0.5867462754249573,4.458662561961244
2026-09-22T03:35:27,neutral,0.5894381403923035,4.369271476267117
2026-09-22T03:35:28,neutral,0.5503892302513123,4.2618024268362324
2026-09-22T03:35:28,neutral,0.5175135135650635,4.325010131174216
2026-09-22T03:35:28,neutral,0.4494687616825104,4.2627336635001685
2026-09-22T03:35:28,neutral,0.40118423104286194,4.400830578204562
2026-09-22T03:35:28,sad,0.3816428780555725,4.4258512603898135
2026-09-22T03:35:29,neutral,0.37968096137046814,4.323035346549553
2026-09-22T03:35:29,sad,0.36984091997146606,4.43600881214748
2026-09-22T03:35:29,sad,0.3796643614768982,3.095214867171478
2026-09-22T03:35:29,sad,0.3904063105583191,4.0721832951614045
2026-09-22T03:35:30,neutral,0.3923492431640625,4.0198582321573015
2026-09-22T03:35:30,neutral,0.43805092573165894,4.106418432703284
2026-09-22T03:35:30,neutral,0.4778694212436676,4.264662400279817
2026-09-22T03:35:30,neutral,0.5433026552200317,4.2096270424344615
2026-09-22T03:35:31,neutral,0.6051732301712036,4.3324574016229525
2026-09-22T03:35:31,neutral,0.6622748374938965,4.412971132591018
2026-09-22T03:35:31,neutral,0.7144167423248291,4.3243724753124475
2026-09-22T03:35:31,neutral,0.7791079878807068,4.479208538286234
2026-09-22T03:35:32,neutral,0.8074895143508911,4.21503353492476
2026-09-22T03:35:32,neutral,0.8543251156806946,4.502156993026134
2026-09-22T03:35:32,neutral,0.8614094853401184,4.341601514585337
2026-09-22T03:35:32,neutral,0.8675950765609741,4.248342921967426
2026-09-22T03:35:33,neutral,0.8682162165641785,3.9965582922573963
2026-09-22T03:35:33,neutral,0.8750853538513184,3.867257746863267
2026-09-22T03:35:33,neutral,0.8354120254516602,3.975187679896429
2026-09-22T03:35:33,neutral,0.8334854245185852,4.1824342515939765
2026-09-22T03:35:34,neutral,0.8267792463302612,3.797441032568347
2026-09-22T03:35:34,neutral,0.8084325790405273,4.261681179447058
2026-09-22T03:35:34,neutral,0.7949298620223999,4.219969856668256
2026-09-22T03:35:34,neutral,0.7723006010055542,4.459605958469341
2026-09-22T03:35:34,neutral,0.7703826427459717,4.334606544636804
2026-09-22T03:35:35,neutral,0.7645594477653503,4.373877932392298
2026-09-22T03:35:35,neutral,0.7503598928451538,4.461161775060574
2026-09-22T03:35:35,neutral,0.6842072010040283,122.94603546826909
2026-09-22T03:35:36,neutral,0.6739556789398193,16.742124507033257
2026-09-22T03:35:36,neutral,0.6296380758285522,5.867817201503082
2026-09-22T03:35:40,neutral,0.5734536647796631,16.609986654363865
2026-09-22T03:35:40,neutral,0.5367969274520874,32.436288270731346
2026-09-22T03:35:42,neutral,0.49377718567848206,16.676357390502243
2026-09-22T03:35:42,neutral,0.48715025186538696,155.33883930224806
2026-09-22T03:35:42,neutral,0.4525490701198578,5.999439291905778
2026-09-22T03:35:42,neutral,0.40490254759788513,6.273807778718465
2026-09-22T03:35:43,neutral,0.3972456455230713,13.893346318066335
2026-09-22T03:35:43,neutral,0.4238245487213135,155.45974796145293
2026-09-22T03:35:43,neutral,0.43010997772216797,6.322416875439025
2026-09-22T03:35:43,neutral,0.42622774839401245,6.256541370879805
2026-09-22T03:35:43,neutral,0.46942129731178284,5.944342088107075
2026-09-22T03:35:43,neutral,0.49724167585372925,6.138565810637361
2026-09-22T03:35:44,neutral,0.5424615144729614,6.480181567892518
2026-09-22T03:35:44,neutral,0.4962177276611328,6.148157811801438
2026-09-22T03:35:44,neutral,0.5039051175117493,6.335280301485526
2026-09-22T03:35:44,neutral,0.5349146127700806,6.119846329160836
2026-09-22T03:35:46,neutral,0.5055557489395142,16.650340406105475
2026-09-22T03:35:46,neutral,0.4933428168296814,5.198774893497292
2026-09-22T03:35:46,neutral,0.46699604392051697,6.050291385378801
2026-09-22T03:35:46,neutral,0.4464203417301178,5.9814465951436
2026-09-22T03:35:46,neutral,0.3940398693084717,5.867636607817353
2026-09-22T03:35:47,neutral,0.38347071409225464,6.087444431059682
2026-09-22T03:35:47,neutral,0.3753345310688019,6.3083339474764735
2026-09-22T03:35:47,neutral,0.3596329391002655,6.343549226245932
2026-09-22T03:35:47,happy,0.39697566628456116,5.918741039274788
2026-09-22T03:35:47,happy,0.4328729510307312,6.152026472037737
2026-09-22T03:35:47,happy,0.48876532912254333,5.978036512694212
2026-09-22T03:35:48,happy,0.5747493505477905,6.16068317817684
2026-09-22T03:35:48,happy,0.5817536115646362,6.162538770196867
2026-09-22T03:35:48,happy,0.5222563147544861,5.857222056973206
2026-09-22T03:35:48,happy,0.4657457768917084,4.858989463684757
2026-09-22T03:35:48,happy,0.4601663053035736,4.295655700599955
2026-09-22T03:35:49,happy,0.46129411458969116,3.8246863145608403
2026-09-22T03:35:49,happy,0.3663351833820343,3.80772128846709
2026-09-22T03:35:50,neutral,0.39539021253585815,16.650538701558542
2026-09-22T03:35:51,neutral,0.4322017729282379,16.65629132498064
2026-09-22T03:35:52,neutral,0.5156787633895874,16.668404654415973
2026-09-22T03:35:53,neutral,0.5832785367965698,16.582799261458657
2026-09-22T03:35:57,neutral,0.5684303641319275,16.657680484840782
2026-09-22T03:35:57,neutral,0.5784939527511597,5.7950865538590355
2026-09-22T03:35:58,neutral,0.5398274660110474,128.72675935303687
2026-09-22T03:35:58,neutral,0.5246630907058716,5.504523776401819
2026-09-22T03:36:02,neutral,0.5208343267440796,16.65146414279362
2026-09-22T03:36:04,neutral,0.5374621748924255,16.634030267457725
2026-09-22T03:36:04,neutral,0.502833366394043,16.820343360376004
2026-09-22T03:36:05,neutral,0.45501407980918884,5.734451520462879
2026-09-22T03:36:05,neutral,0.41679829359054565,159.4428647456854
2026-09-22T03:36:05,neutral,0.3880299925804138,23.70721395425077
2026-09-22T03:36:05,neutral,0.3929483890533447,4.861788693277448
2026-09-22T03:36:05,neutral,0.3828904926776886,5.607073437445691
2026-09-22T03:36:06,neutral,0.379967600107193,5.977159045889968
2026-09-22T03:36:06,neutral,0.37390318512916565,5.849429254788751
2026-09-22T03:36:06,neutral,0.35988637804985046,6.320197096295403
2026-09-22T03:36:06,neutral,0.34782832860946655,6.0351608252347555
2026-09-22T03:36:06,neutral,0.35663652420043945,6.29173598225121
2026-09-22T03:36:06,neutral,0.3687079846858978,6.207052500103591
2026-09-22T03:36:07,sad,0.3443147838115692,6.148707604259511
2026-09-22T03:36:07,neutral,0.34202897548675537,16.66509325259653
2026-09-22T03:36:08,neutral,0.34883803129196167,4.999301531148612
2026-09-22T03:36:08,neutral,0.3594009280204773,161.05302768498254
2026-09-22T03:36:08,neutral,0.3959602415561676,5.8579337545600305
2026-09-22T03:36:08,neutral,0.4120956063270569,164.89636735335745
2026-09-22T03:36:08,neutral,0.43441644310951233,5.852440991466158
2026-09-22T03:36:08,neutral,0.4508432447910309,6.176532350814568
2026-09-22T03:36:09,neutral,0.44706350564956665,6.276521018237105
2026-09-22T03:36:09,neutral,0.451808363199234,6.269493962648841
2026-09-22T03:36:09,neutral,0.48270583152770996,135.7951241622689
2026-09-22T03:36:09,neutral,0.4655986428260803,168.2972474119252
2026-09-22T03:36:09,neutral,0.4550620913505554,150.50069970217805
2026-09-22T03:36:09,neutral,0.47777876257896423,5.558955246629282
2026-09-22T03:36:10,neutral,0.47140541672706604,159.00163008453694
2026-09-22T03:36:10,neutral,0.49507245421409607,6.081001654248926
2026-09-22T03:36:10,neutral,0.49950045347213745,154.5831275568496
2026-09-22T03:36:10,neutral,0.4897541403770447,143.80799561132827
2026-09-22T03:36:10,neutral,0.49354276061058044,5.691235535485552
2026-09-22T03:36:11,neutral,0.4869966506958008,156.4863634667761
2026-09-22T03:36:11,neutral,0.4797031283378601,138.81069631983056
2026-09-22T03:36:11,neutral,0.4720172882080078,5.077806846673212
2026-09-22T03:36:11,neutral,0.4719156324863434,121.87075778707577
2026-09-22T03:36:11,neutral,0.431988000869751,4.277113188441414
2026-09-22T03:36:12,neutral,0.3945383131504059,4.352775497538898
2026-09-22T03:36:12,neutral,0.36871927976608276,122.64764021287795
2026-09-22T03:36:13,neutral,0.329437255859375,16.659797745489787
2026-09-22T03:36:27,neutral,0.3047997057437897,16.67556177541706
2026-09-22T03:36:27,sad,0.3177606761455536,156.86091476868992
2026-09-22T03:36:27,sad,0.3440994620323181,162.8223602484472
2026-09-22T03:36:28,sad,0.36215025186538696,122.32927931869222
2026-09-22T03:36:35,sad,0.34188708662986755,16.66085657766161
2026-09-22T03:36:45,sad,0.3501444458961487,16.647762994951258
2026-09-22T03:36:45,sad,0.36695730686187744,5.585382645553657
2026-09-22T03:36:45,sad,0.3737018406391144,6.372859723680432
2026-09-22T03:36:45,neutral,0.39860036969184875,6.244832083663369
2026-09-22T03:36:46,neutral,0.47091761231422424,5.900257150413298
2026-09-22T03:36:46,neutral,0.5439500212669373,6.267601508658047
2026-09-22T03:36:46,neutral,0.5628592371940613,6.167486438836174
2026-09-22T03:36:46,neutral,0.5871593356132507,5.9688062114346865
2026-09-22T03:36:46,neutral,0.5773447155952454,6.066620960579947
2026-09-22T03:36:46,neutral,0.5445051789283752,5.823578089160654
2026-09-22T03:36:47,neutral,0.5669313073158264,6.261603803865073
2026-09-22T03:36:47,neutral,0.5367624759674072,6.402940803805459
2026-09-22T03:36:47,neutral,0.573880672454834,6.050204111071042
2026-09-22T03:36:47,neutral,0.5706828832626343,5.9674899232989835
2026-09-22T03:36:47,neutral,0.5697602033615112,5.713882474746443
2026-09-22T03:36:47,neutral,0.49364548921585083,5.995845811860736
2026-09-22T03:36:48,neutral,0.5172472596168518,5.953674289202118
2026-09-22T03:36:48,neutral,0.5389771461486816,4.352540614022799
2026-09-22T03:36:48,neutral,0.5762048959732056,6.179963282421828
2026-09-22T03:36:48,neutral,0.5826098918914795,6.126532800282788
2026-09-22T03:36:48,neutral,0.5555005669593811,6.119730249469633
2026-09-22T03:36:48,neutral,0.5679992437362671,5.903030678334886
2026-09-22T03:36:49,neutral,0.5413546562194824,6.142197528947804
2026-09-22T03:36:49,neutral,0.519864559173584,6.309871359562885
2026-09-22T03:36:49,neutral,0.5180419683456421,6.31642799809045
2026-09-22T03:36:49,neutral,0.5604849457740784,5.79241351023266
2026-09-22T03:36:49,neutral,0.5591446757316589,5.808722146052322
2026-09-22T03:36:49,neutral,0.5398091077804565,5.94720782240775
2026-09-22T03:36:50,neutral,0.521199107170105,6.119855258550251
2026-09-22T03:36:50,neutral,0.5264066457748413,5.905374430483828
2026-09-22T03:36:50,neutral,0.5294345617294312,6.169881568630912
2026-09-22T03:36:50,neutral,0.5562211275100708,6.301065124314579
2026-09-22T03:36:50,neutral,0.5780686140060425,6.249558956753922
2026-09-22T03:36:50,neutral,0.5991947054862976,5.879587925990409
2026-09-22T03:36:51,neutral,0.5384734869003296,6.2231876316804655
2026-09-22T03:36:51,neutral,0.5047578811645508,5.800103160785626
2026-09-22T03:36:51,neutral,0.47184181213378906,6.130598296594798
2026-09-22T03:36:51,neutral,0.4578302502632141,5.961061202330245
2026-09-22T03:36:51,neutral,0.4496825337409973,6.151945261336052
2026-09-22T03:36:51,neutral,0.4913185238838196,5.769093434933909
2026-09-22T03:36:52,neutral,0.5306953191757202,6.100379900748748
2026-09-22T03:36:52,neutral,0.5192598104476929,6.363152824449484
2026-09-22T03:36:52,neutral,0.5208167433738708,6.4321627768244225
2026-09-22T03:36:52,neutral,0.5286727547645569,6.031385665784217
2026-09-22T03:36:52,neutral,0.5971070528030396,4.370236615427255
2026-09-22T03:36:52,neutral,0.6434208750724792,6.019535521870542
2026-09-22T03:36:53,neutral,0.6994695067405701,6.082915410965858
2026-09-22T03:36:53,neutral,0.7056204080581665,6.337893747487843
2026-09-22T03:36:54,neutral,0.7044594287872314,16.663173242329496
2026-09-22T03:36:54,neutral,0.6274889707565308,158.86311643057343
2026-09-22T03:36:54,neutral,0.5552232265472412,143.243195246064
2026-09-22T03:36:54,neutral,0.5367805361747742,6.180710037547229
2026-09-22T03:36:54,neutral,0.4712754786014557,155.2698330433495
2026-09-22T03:36:55,sad,0.47556447982788086,139.88940399559752
2026-09-22T03:36:55,sad,0.5275602340698242,6.01056429863203
2026-09-22T03:36:55,sad,0.5732275247573853,6.186161347700785
2026-09-22T03:36:55,sad,0.6228138208389282,5.9314216703222735
2026-09-22T03:36:55,sad,0.6111892461776733,158.55084297270733
2026-09-22T03:36:55,sad,0.6046364307403564,5.948203046779495
2026-09-22T03:36:56,sad,0.5620427131652832,5.385245701681066
2026-09-22T03:36:56,sad,0.5083069205284119,152.80909355872924
2026-09-22T03:36:56,sad,0.4794436991214752,6.13659892609987
2026-09-22T03:36:56,neutral,0.4611437916755676,5.948262095979329
2026-09-22T03:36:56,neutral,0.5195605158805847,5.847170447860235
2026-09-22T03:36:56,neutral,0.5635148882865906,5.639097056965004
2026-09-22T03:36:57,neutral,0.6263746023178101,5.776665560264269
2026-09-22T03:36:57,neutral,0.6730417013168335,4.493171816549614
2026-09-22T03:36:57,neutral,0.6959739923477173,4.183994637213905
2026-09-22T03:36:57,neutral,0.7516096830368042,4.020447776788342
2026-09-22T03:36:58,neutral,0.7740868926048279,3.4867717610246407
2026-09-22T03:36:58,neutral,0.7175571322441101,3.6982698571410935
2026-09-22T03:36:58,neutral,0.6854726672172546,118.33274086613062
2026-09-22T03:36:58,neutral,0.6585259437561035,4.3379060416011646
2026-09-22T03:36:59,neutral,0.6527258157730103,4.187294469058796
2026-09-22T03:36:59,neutral,0.6669212579727173,4.304101632648873
2026-09-22T03:36:59,neutral,0.6494552493095398,4.479921388098201
2026-09-22T03:36:59,neutral,0.6741923093795776,4.479739565921842
2026-09-22T03:37:00,neutral,0.6879487633705139,4.365051728462258
2026-09-22T03:37:00,neutral,0.6899526715278625,4.408017933468346
2026-09-22T03:37:00,neutral,0.6918105483055115,4.495483406287647
2026-09-22T03:37:00,neutral,0.7554284334182739,3.925284618660128
2026-09-22T03:37:00,neutral,0.8092343211174011,4.045896471527886
2026-09-22T03:37:01,neutral,0.8436509370803833,4.220377492146481
2026-09-22T03:37:01,neutral,0.8551685214042664,4.338444479383021
2026-09-22T03:37:01,neutral,0.8637164235115051,4.395006360456612
2026-09-22T03:37:01,neutral,0.8869742155075073,4.378841518097169
2026-09-22T03:37:02,neutral,0.8830574154853821,3.6128827750165815
2026-09-22T03:37:02,neutral,0.8724875450134277,3.495096054010903
2026-09-22T03:37:02,neutral,0.8362350463867188,4.442520974402808
2026-09-22T03:37:02,neutral,0.8262385129928589,4.360958010366142
2026-09-22T03:37:03,neutral,0.8278013467788696,4.347415631112138
2026-09-22T03:37:03,neutral,0.82496178150177,4.484313524239625
2026-09-22T03:37:03,neutral,0.8233252763748169,4.465507677795558
2026-09-22T03:37:03,neutral,0.8238075971603394,4.458804756989366
2026-09-22T03:37:04,neutral,0.812596321105957,4.370259383290023
2026-09-22T03:37:04,neutral,0.8188300132751465,4.353963854546209
2026-09-22T03:37:04,neutral,0.8233660459518433,4.5202599446055025
2026-09-22T03:37:04,neutral,0.8385711908340454,4.4093757096120365
2026-09-22T03:37:05,neutral,0.8725517392158508,3.204804566171667
2026-09-22T03:37:05,neutral,0.8390342593193054,3.7765632343910664
2026-09-22T03:37:05,neutral,0.8437398672103882,4.047512851417636
2026-09-22T03:37:05,neutral,0.8476921319961548,3.9502905993853665
2026-09-22T03:37:06,neutral,0.8737621307373047,3.91569816020337
2026-09-22T03:37:06,neutral,0.8774083256721497,3.9394122116684183
2026-09-22T03:37:06,neutral,0.8315714001655579,4.056210319666939
2026-09-22T03:37:06,neutral,0.7826119661331177,3.8440390094939234
2026-09-22T03:37:07,neutral,0.7304173111915588,3.854977330442463
2026-09-22T03:37:07,neutral,0.7313219308853149,3.8768984472270724
2026-09-22T03:37:07,neutral,0.6845589876174927,4.046708404367504
2026-09-22T03:37:07,neutral,0.7308605909347534,3.9163233673831446
2026-09-22T03:37:08,neutral,0.7284379601478577,3.976940348322107
2026-09-22T03:37:08,neutral,0.7285780906677246,4.292912193074931
2026-09-22T03:37:08,neutral,0.7301443219184875,3.9110172849958924
2026-09-22T03:37:08,neutral,0.7257235646247864,4.31044904964262
2026-09-22T03:37:09,neutral,0.7222982048988342,4.260213767192231
2026-09-22T03:37:09,neutral,0.7644373178482056,4.475915153727044
2026-09-22T03:37:09,neutral,0.8120770454406738,4.410994084395951
2026-09-22T03:37:09,neutral,0.806985080242157,4.468980977841044
2026-09-22T03:37:09,neutral,0.8462191820144653,4.421712683302234
2026-09-22T03:37:10,neutral,0.8533133268356323,4.520157644429261
2026-09-22T03:37:10,neutral,0.8542083501815796,4.524760859879586
2026-09-22T03:37:10,neutral,0.8488410115242004,4.273261044315824
2026-09-22T03:37:10,neutral,0.8460103869438171,4.249160664174493
2026-09-22T03:37:11,neutral,0.8390549421310425,4.103666321947153
2026-09-22T03:37:11,neutral,0.8849449157714844,4.257874059711493
2026-09-22T03:37:11,neutral,0.8809102773666382,4.353502893821256
2026-09-22T03:37:11,neutral,0.8819621801376343,4.424291969447805
2026-09-22T03:37:12,neutral,0.8756954073905945,4.288970149131633
2026-09-22T03:37:12,neutral,0.8890450596809387,4.443316333989436
2026-09-22T03:37:12,neutral,0.8897198438644409,4.4750555607124145
2026-09-22T03:37:12,neutral,0.8893183469772339,4.480825933491158
2026-09-22T03:37:12,neutral,0.89605313539505,4.298587738536905
2026-09-22T03:37:13,neutral,0.8980501294136047,4.265694665928987
2026-09-22T03:37:13,neutral,0.9113287925720215,4.3224784535841305
2026-09-22T03:37:13,neutral,0.9217668771743774,4.453431356934597
2026-09-22T03:37:13,neutral,0.9248396158218384,4.327835021761427
2026-09-22T03:37:14,neutral,0.9302949905395508,4.358094256439776
2026-09-22T03:37:14,neutral,0.9427226781845093,4.395628165613252
2026-09-22T03:37:14,neutral,0.9383875131607056,4.474181979548689
2026-09-22T03:37:14,neutral,0.9423424005508423,4.529285420407952
2026-09-22T03:37:14,neutral,0.9476579427719116,4.374498335433163
2026-09-22T03:37:15,neutral,0.9331291913986206,4.450888839839041
2026-09-22T03:37:15,neutral,0.93097984790802,4.4820948267294725
2026-09-22T03:37:15,neutral,0.9290207028388977,4.369822281769556
2026-09-22T03:37:15,neutral,0.9302828907966614,4.4390980626657
2026-09-22T03:37:16,neutral,0.9348074793815613,4.287773167273393
2026-09-22T03:37:16,neutral,0.9355901479721069,4.579599439656631
2026-09-22T03:37:16,neutral,0.9321794509887695,4.440216511030396
2026-09-22T03:37:16,neutral,0.9347001314163208,4.449042846247599
2026-09-22T03:37:16,neutral,0.9334450960159302,4.325844272642514
2026-09-22T03:37:17,neutral,0.9352928400039673,4.4677718469819165
2026-09-22T03:37:17,neutral,0.9476079940795898,4.4571653250445
2026-09-22T03:37:17,neutral,0.9479255676269531,3.1128339059077956
2026-09-22T03:37:18,neutral,0.9491569399833679,4.299059174915158
2026-09-22T03:37:18,neutral,0.9533712267875671,4.4890025268876474
2026-09-22T03:37:18,neutral,0.9568072557449341,4.482559469228188
2026-09-22T03:37:18,neutral,0.9201119542121887,4.446467625510316
2026-09-22T03:37:18,neutral,0.9207867383956909,4.353597789520776
2026-09-22T03:37:19,neutral,0.9231562614440918,4.523126230720952
2026-09-22T03:37:19,neutral,0.9211565852165222,4.4830769164993916
2026-09-22T03:37:19,neutral,0.9221154451370239,4.469800131079058
2026-09-22T03:37:19,neutral,0.9143989682197571,4.543538546866334
2026-09-22T03:37:20,neutral,0.9169468879699707,4.297750863279129
2026-09-22T03:37:20,neutral,0.9225136637687683,4.545143637368472
2026-09-22T03:37:20,neutral,0.925092875957489,4.508482082393686
2026-09-22T03:37:20,neutral,0.9254087209701538,4.123989970994543
2026-09-22T03:37:20,neutral,0.9637227058410645,4.371812711526094
2026-09-22T03:37:21,neutral,0.9691945314407349,4.42649583924774
2026-09-22T03:37:21,neutral,0.9707358479499817,4.569854655596958
2026-09-22T03:37:21,neutral,0.964667022228241,4.517489732987671
2026-09-22T03:37:21,neutral,0.9664502143859863,4.5017994086047475
2026-09-22T03:37:22,neutral,0.9778282046318054,4.488762319389641
2026-09-22T03:37:22,neutral,0.9750500917434692,4.229450735612944
2026-09-22T03:37:22,neutral,0.9730485677719116,4.29914289872839
2026-09-22T03:37:22,neutral,0.9720903635025024,4.291076353933918
2026-09-22T03:37:22,neutral,0.972925066947937,4.152184243038616
2026-09-22T03:37:23,neutral,0.9672495722770691,4.499717849303635
2026-09-22T03:37:23,neutral,0.9645316004753113,4.543814187286042
2026-09-22T03:37:23,neutral,0.9625287055969238,4.464167382435615
2026-09-22T03:37:23,neutral,0.9635728597640991,4.446849475407333
2026-09-22T03:37:24,neutral,0.9516460299491882,4.321387359467212
2026-09-22T03:37:24,neutral,0.946919322013855,4.517523792290824
2026-09-22T03:37:24,neutral,0.9428256154060364,4.503191408267277
2026-09-22T03:37:24,neutral,0.9398829340934753,4.52037199296882
2026-09-22T03:37:25,neutral,0.9346035718917847,4.156092882042501
2026-09-22T03:37:25,neutral,0.8856557607650757,4.432811418365136
2026-09-22T03:37:25,neutral,0.8408424258232117,4.37151198118114
2026-09-22T03:37:25,neutral,0.7918453216552734,4.307996331176067
2026-09-22T03:37:25,neutral,0.7850302457809448,4.410905947455762
2026-09-22T03:37:26,neutral,0.7865437865257263,4.440418643748399
2026-09-22T03:37:26,neutral,0.7814967632293701,4.503176903833972
2026-09-22T03:37:26,neutral,0.7780054211616516,4.45369144335228
2026-09-22T03:37:26,neutral,0.7780680060386658,4.502572635488736
2026-09-22T03:37:27,neutral,0.773872435092926,4.429716873526703
2026-09-22T03:37:27,neutral,0.7708096504211426,4.494842665117769
2026-09-22T03:37:27,neutral,0.8063791990280151,4.5051648820245775
2026-09-22T03:37:27,neutral,0.8477479815483093,4.505266504686469
2026-09-22T03:37:27,neutral,0.8890897631645203,4.49161764690134
2026-09-22T03:37:28,neutral,0.8881697654724121,4.510135240485477
2026-09-22T03:37:28,neutral,0.8908891677856445,4.5030125267863665
2026-09-22T03:37:28,neutral,0.8947097659111023,4.499717849303635
2026-09-22T03:37:28,neutral,0.898801326751709,4.50117618777795
2026-09-22T03:37:29,neutral,0.8925835490226746,4.474535189871257
2026-09-22T03:37:29,neutral,0.880347728729248,4.557178448303025
2026-09-22T03:37:29,neutral,0.8754158020019531,4.46591658051004
2026-09-22T03:37:29,neutral,0.857032299041748,4.544345873981009
2026-09-22T03:37:29,neutral,0.8463754653930664,4.497016144768979
2026-09-22T03:37:30,neutral,0.8175193071365356,4.4290760332969725
2026-09-22T03:37:30,neutral,0.7986904382705688,4.570068763980792
2026-09-22T03:37:30,neutral,0.7781861424446106,4.289347358775753
2026-09-22T03:37:30,neutral,0.7207789421081543,4.468647687477294
2026-09-22T03:37:31,neutral,0.677364706993103,4.41361660931696
2026-09-22T03:37:31,neutral,0.6664004921913147,4.386567242226801
2026-09-22T03:37:31,neutral,0.6436617970466614,4.493735047414361
2026-09-22T03:37:31,neutral,0.6351064443588257,4.463682792866713
2026-09-22T03:37:31,neutral,0.6497684717178345,4.43998149612509
2026-09-22T03:37:32,neutral,0.6384342312812805,4.385237228948414
2026-09-22T03:37:32,neutral,0.6429482102394104,4.323908843680479
2026-09-22T03:37:32,neutral,0.5926125645637512,4.495362952276939
2026-09-22T03:37:32,neutral,0.5674466490745544,4.48064882442236
2026-09-22T03:37:33,neutral,0.6280728578567505,4.379609664515307
2026-09-22T03:37:33,neutral,0.6435835957527161,4.358230109093327
2026-09-22T03:37:33,neutral,0.6437655687332153,4.5988662653640775
2026-09-22T03:37:33,neutral,0.6498645544052124,4.520040735611869
2026-09-22T03:37:33,neutral,0.6654779314994812,4.443904800955254
2026-09-22T03:37:34,neutral,0.6701141595840454,4.316770787233824
2026-09-22T03:37:34,neutral,0.6986554265022278,4.444761887604633
2026-09-22T03:37:34,neutral,0.7313764691352844,4.517261062394858
2026-09-22T03:37:34,neutral,0.8076955080032349,4.536000951690873
2026-09-22T03:37:35,neutral,0.8569023013114929,4.387801665653661
2026-09-22T03:37:35,neutral,0.8554151654243469,4.608654280386729
2026-09-22T03:37:35,neutral,0.8832120895385742,4.362781534518501
2026-09-22T03:37:35,neutral,0.902073860168457,4.489415743927045
2026-09-22T03:37:36,neutral,0.9372787475585938,4.433898577428504
2026-09-22T03:37:36,neutral,0.9371312856674194,4.519042385846963
2026-09-22T03:37:36,neutral,0.948513388633728,4.502935177033904
2026-09-22T03:37:36,neutral,0.9490113258361816,4.530993030079119
2026-09-22T03:37:36,neutral,0.9414990544319153,4.154717848341007
2026-09-22T03:37:37,neutral,0.9126883745193481,3.9927385783491975
2026-09-22T03:37:37,neutral,0.862980842590332,4.026750895248702
2026-09-22T03:37:37,neutral,0.8322027325630188,3.872889063713364
2026-09-22T03:37:38,neutral,0.8165785670280457,3.606644550268372
2026-09-22T03:37:38,neutral,0.8140276074409485,3.6383654045501426
2026-09-22T03:37:38,neutral,0.8137655258178711,4.183393709206389
2026-09-22T03:37:38,neutral,0.8171493411064148,4.46400584088899
2026-09-22T03:37:38,neutral,0.8163269758224487,4.484567640533533
2026-09-22T03:37:39,neutral,0.8165789842605591,4.447509617546137
2026-09-22T03:37:39,neutral,0.8251640200614929,4.372049679729399
2026-09-22T03:37:39,neutral,0.8527695536613464,4.5016592896608865
2026-09-22T03:37:39,neutral,0.8986489176750183,4.5512691412896285
2026-09-22T03:37:40,neutral,0.939008355140686,4.304534519987849
2026-09-22T03:37:40,neutral,0.9377104043960571,4.387301388060794
2026-09-22T03:37:40,neutral,0.9406057596206665,4.321400716472163
2026-09-22T03:37:40,neutral,0.9385251998901367,4.404652589042304
2026-09-22T03:37:40,neutral,0.9339925050735474,4.504782628308262
2026-09-22T03:37:41,neutral,0.9309424161911011,4.499317213200044
2026-09-22T03:37:41,neutral,0.9304965734481812,4.394140732219896
2026-09-22T03:37:41,neutral,0.9290884733200073,4.375018514771137
2026-09-22T03:37:41,neutral,0.9300217628479004,4.536962640377123
2026-09-22T03:37:42,neutral,0.9327378273010254,3.1218280647929615
2026-09-22T03:37:42,neutral,0.8598197102546692,4.312190668495325
2026-09-22T03:37:42,neutral,0.8216538429260254,4.3809591453466386
2026-09-22T03:37:42,neutral,0.7810623645782471,4.561822682601073
2026-09-22T03:37:43,neutral,0.763609766960144,4.446038711865844
2026-09-22T03:37:43,neutral,0.7662402391433716,4.4371538683697445
2026-09-22T03:37:43,neutral,0.7668095827102661,4.509538800295884
2026-09-22T03:37:43,neutral,0.7556437253952026,4.092646747440329
2026-09-22T03:37:44,neutral,0.7397646307945251,3.8500233609901757
2026-09-22T03:37:44,neutral,0.7197803854942322,4.386530541384554
2026-09-22T03:37:44,neutral,0.7144970297813416,4.374502897872043
2026-09-22T03:37:44,neutral,0.7779282331466675,4.340280659418212
2026-09-22T03:37:44,neutral,0.8066601753234863,4.3905805111714065
2026-09-22T03:37:45,neutral,0.7934585809707642,4.370641918858255
2026-09-22T03:37:45,neutral,0.7895013689994812,4.486990382660975
2026-09-22T03:37:45,neutral,0.7835800051689148,4.380446702161658
2026-09-22T03:37:45,neutral,0.7797130346298218,4.384705449436323
2026-09-22T03:37:46,neutral,0.776841938495636,4.400553544056378
2026-09-22T03:37:46,neutral,0.7877331376075745,3.9972819690285517
2026-09-22T03:37:46,neutral,0.7955132126808167,4.524755978631409
2026-09-22T03:37:46,neutral,0.783589243888855,4.502765983714352
2026-09-22T03:37:47,neutral,0.7930960059165955,4.368370457624983
2026-09-22T03:37:47,neutral,0.7894152998924255,4.254108253832375
2026-09-22T03:37:47,neutral,0.8347755670547485,4.564871106699665
2026-09-22T03:37:47,neutral,0.783307671546936,4.32184599722408
2026-09-22T03:37:47,neutral,0.7282643914222717,4.439661915775323
2026-09-22T03:37:48,neutral,0.6490827202796936,4.416349205346407
2026-09-22T03:37:48,neutral,0.6005363464355469,4.482808595595324
2026-09-22T03:37:48,neutral,0.5901641845703125,4.468681014276582
2026-09-22T03:37:48,neutral,0.5834247469902039,4.487508853467885
2026-09-22T03:37:49,neutral,0.5824903845787048,4.341988039176511
2026-09-22T03:37:49,neutral,0.5602968335151672,4.518725928000819
2026-09-22T03:37:49,neutral,0.5780549645423889,4.543799419987152
2026-09-22T03:37:49,neutral,0.5817623138427734,4.506830135764596
2026-09-22T03:37:49,neutral,0.6475789546966553,4.494428448505877
2026-09-22T03:37:50,neutral,0.6891743540763855,4.520956683233683
2026-09-22T03:37:50,neutral,0.7489914298057556,4.491430064486007
2026-09-22T03:37:50,neutral,0.7521646022796631,4.442360995635278
2026-09-22T03:37:50,neutral,0.6890704035758972,4.371698793648676
2026-09-22T03:37:51,neutral,0.683417558670044,4.320359117985462
2026-09-22T03:37:51,neutral,0.6924826502799988,4.4255103634268735
2026-09-22T03:37:51,neutral,0.6737732291221619,4.493759120255592
2026-09-22T03:37:51,neutral,0.6737499237060547,4.523926319490734
2026-09-22T03:37:51,neutral,0.640385091304779,4.379074676917873
2026-09-22T03:37:52,neutral,0.6070445775985718,4.460018523579283
2026-09-22T03:37:52,neutral,0.5767632126808167,4.569685374798171
2026-09-22T03:37:52,neutral,0.5824166536331177,4.53353970937296
2026-09-22T03:37:52,neutral,0.624787449836731,4.513095528873002
2026-09-22T03:37:53,neutral,0.6702614426612854,4.358705660087168
2026-09-22T03:37:53,neutral,0.6820907592773438,4.488901636607261
2026-09-22T03:37:53,neutral,0.6670888066291809,4.492921537037672
2026-09-22T03:37:53,neutral,0.6936153173446655,4.518083411519739
2026-09-22T03:37:53,neutral,0.6951542496681213,4.29989215167657
2026-09-22T03:37:54,neutral,0.7060536742210388,4.619994955163742
2026-09-22T03:37:54,neutral,0.7326018214225769,4.468766714043099
2026-09-22T03:37:54,neutral,0.7746387720108032,4.388311239916718
2026-09-22T03:37:54,neutral,0.7226004004478455,4.559283785605273
2026-09-22T03:37:55,neutral,0.709821343421936,4.2433357445280215
2026-09-22T03:37:55,neutral,0.7188543081283569,4.609236706821483
2026-09-22T03:37:55,neutral,0.694585382938385,4.540410404298896
2026-09-22T03:37:55,neutral,0.6883915662765503,4.490910687250121
2026-09-22T03:37:55,neutral,0.6840784549713135,4.456805380081415
2026-09-22T03:37:56,neutral,0.6698794960975647,4.426182868093693
2026-09-22T03:37:56,neutral,0.6630534529685974,4.480088868950342
2026-09-22T03:37:56,neutral,0.6605714559555054,4.402599801823892
2026-09-22T03:37:56,neutral,0.6636491417884827,4.479012424781218
2026-09-22T03:37:57,neutral,0.7278255224227905,4.408008668245195
2026-09-22T03:37:57,neutral,0.7171448469161987,4.519266367415369
2026-09-22T03:37:57,neutral,0.685900866985321,4.596452199375568
2026-09-22T03:37:57,neutral,0.7231461405754089,4.5537991175346555
2026-09-22T03:37:57,neutral,0.7316722869873047,4.422244152601702
2026-09-22T03:37:58,neutral,0.7298062443733215,4.5123332472674065
2026-09-22T03:37:58,neutral,0.7521003484725952,4.588376735968669
2026-09-22T03:37:58,neutral,0.7691090703010559,4.509446681324352
2026-09-22T03:37:58,neutral,0.7617163062095642,4.5645829705728715
2026-09-22T03:37:59,neutral,0.7713270783424377,4.359584570226424
2026-09-22T03:37:59,neutral,0.776415228843689,4.495748427834748
2026-09-22T03:37:59,neutral,0.8152614831924438,4.540941294669923
2026-09-22T03:37:59,neutral,0.8677036166191101,4.622678358087227
2026-09-22T03:37:59,neutral,0.8424586057662964,4.47108661702706
2026-09-22T03:38:00,neutral,0.8647544980049133,4.556386354427272
2026-09-22T03:38:00,neutral,0.8850685954093933,4.510726987442074
2026-09-22T03:38:00,neutral,0.8438800573348999,4.516229899711215
2026-09-22T03:38:00,neutral,0.8163205981254578,4.33236342527318
2026-09-22T03:38:01,neutral,0.8296777009963989,4.439699511075687
2026-09-22T03:38:01,neutral,0.8064817190170288,122.13336439345407
2026-09-22T03:38:01,neutral,0.773114800453186,4.509689107750534
2026-09-22T03:38:01,neutral,0.7326244711875916,4.416479413368938
2026-09-22T03:38:01,neutral,0.7275903224945068,4.440846473679251
2026-09-22T03:38:02,neutral,0.7442761063575745,4.393754072360744
2026-09-22T03:38:02,neutral,0.7233535051345825,4.397900401171849
2026-09-22T03:38:02,neutral,0.6892604827880859,4.5252490378878525
2026-09-22T03:38:02,neutral,0.7362616062164307,4.576561280995117
2026-09-22T03:38:03,neutral,0.7795884609222412,4.2210018366166
2026-09-22T03:38:03,neutral,0.7867469787597656,4.336771273092357
2026-09-22T03:38:03,neutral,0.7836720943450928,3.837416582952273
2026-09-22T03:38:03,neutral,0.7669761776924133,4.58855744415964
2026-09-22T03:38:04,neutral,0.7627413868904114,4.476196981080527
2026-09-22T03:38:04,neutral,0.7144290208816528,4.543627141925517
2026-09-22T03:38:04,neutral,0.709217369556427,4.524819435679186
2026-09-22T03:38:04,neutral,0.7277077436447144,4.345316794561392
2026-09-22T03:38:05,neutral,0.7391883134841919,4.261685509592161
2026-09-22T03:38:05,neutral,0.7122384905815125,3.798372994203237
2026-09-22T03:38:05,neutral,0.6705254316329956,4.2989402045794645
2026-09-22T03:38:05,neutral,0.6531790494918823,4.49650993630942
2026-09-22T03:38:05,neutral,0.6223009824752808,4.396181029034284
2026-09-22T03:38:06,neutral,0.6653875112533569,4.397517689971262
2026-09-22T03:38:06,neutral,0.6798609495162964,4.3426893524850625
2026-09-22T03:38:06,neutral,0.6978943943977356,4.5517432976802334
2026-09-22T03:38:06,neutral,0.6622621417045593,4.432277406217208
2026-09-22T03:38:07,neutral,0.6577141284942627,4.297306130645441
2026-09-22T03:38:07,neutral,0.6773251891136169,4.44277037605103
2026-09-22T03:38:07,neutral,0.6949078440666199,4.511721666096557
2026-09-22T03:38:07,neutral,0.7391793727874756,4.401615697748245
2026-09-22T03:38:07,neutral,0.7004913091659546,4.221864330348515
2026-09-22T03:38:08,neutral,0.7160245776176453,4.3821721001035385
2026-09-22T03:38:08,neutral,0.6870339512825012,4.544148938475339
2026-09-22T03:38:08,neutral,0.7022090554237366,4.40622583789962
2026-09-22T03:38:08,neutral,0.696487545967102,4.065315601286772
2026-09-22T03:38:09,neutral,0.6884551644325256,4.437360416831972
2026-09-22T03:38:09,neutral,0.6914520263671875,4.407073081291681
2026-09-22T03:38:09,neutral,0.6933302879333496,4.504884233725755
2026-09-22T03:38:09,neutral,0.689130425453186,4.524516810371331
2026-09-22T03:38:10,neutral,0.6906769871711731,4.37659349568894
2026-09-22T03:38:10,neutral,0.7483684420585632,4.341979049450874
2026-09-22T03:38:10,neutral,0.7480958104133606,4.49528586509761
2026-09-22T03:38:10,neutral,0.7387734055519104,4.524258146634019
2026-09-22T03:38:10,neutral,0.7002578973770142,103.85025255026245
2026-09-22T03:38:11,neutral,0.7227851152420044,4.530591699486052
2026-09-22T03:38:11,neutral,0.7750390768051147,4.565651243924608
2026-09-22T03:38:11,neutral,0.7806280851364136,4.523218909437572
2026-09-22T03:38:11,neutral,0.7799893617630005,4.545710120895854
2026-09-22T03:38:12,neutral,0.7947956323623657,4.334642381751589
2026-09-22T03:38:12,neutral,0.7854153513908386,3.2149745327165484
2026-09-22T03:38:12,neutral,0.7587689757347107,4.314448445872204
2026-09-22T03:38:12,neutral,0.768738865852356,4.444545230089743
2026-09-22T03:38:13,neutral,0.7434403896331787,4.272682080076931
2026-09-22T03:38:13,neutral,0.7593327760696411,4.403760038721721
2026-09-22T03:38:13,neutral,0.7085866928100586,4.524311829128459
2026-09-22T03:38:13,neutral,0.6512218713760376,4.334830536326637
2026-09-22T03:38:13,neutral,0.608751654624939,4.408541481852084
2026-09-22T03:38:14,neutral,0.608408510684967,4.160025390779973
2026-09-22T03:38:14,neutral,0.6005914807319641,4.407749257809421
2026-09-22T03:38:14,neutral,0.6020005345344543,4.373513071622816
2026-09-22T03:38:14,neutral,0.6055885553359985,4.454727361556599
2026-09-22T03:38:15,neutral,0.6107726097106934,4.39945498542537
2026-09-22T03:38:15,neutral,0.6526786088943481,4.486294475968403
2026-09-22T03:38:15,neutral,0.6774142384529114,4.543809264842413
2026-09-22T03:38:15,neutral,0.7188544273376465,4.376643731126179
2026-09-22T03:38:15,neutral,0.7605381011962891,4.373130033322629
2026-09-22T03:38:16,neutral,0.7861273884773254,4.412669355738053
2026-09-22T03:38:16,neutral,0.7174028158187866,4.541221536865788
2026-09-22T03:38:16,neutral,0.6732186675071716,4.42509015177571
2026-09-22T03:38:16,neutral,0.6331554651260376,4.473623639158116
2026-09-22T03:38:17,neutral,0.5890199542045593,4.384013412394549
2026-09-22T03:38:17,neutral,0.5954504013061523,4.493142936721336
2026-09-22T03:38:17,neutral,0.6195138692855835,4.385434386883546
2026-09-22T03:38:17,neutral,0.6258400678634644,4.405212351765476
2026-09-22T03:38:18,neutral,0.6059873104095459,4.343210988749268
2026-09-22T03:38:18,neutral,0.5470775961875916,4.582541498275389
2026-09-22T03:38:18,neutral,0.4911649227142334,4.459387851441062
2026-09-22T03:38:18,neutral,0.49323979020118713,4.51152269527271
2026-09-22T03:38:18,neutral,0.4779605269432068,4.420095751261702
2026-09-22T03:38:19,neutral,0.5089364647865295,4.432057280769604
2026-09-22T03:38:19,neutral,0.5686501264572144,4.409060519798337
2026-09-22T03:38:19,neutral,0.5709206461906433,4.5077262028867136
2026-09-22T03:38:19,neutral,0.5456579923629761,4.509490316157513
2026-09-22T03:38:20,neutral,0.5381661057472229,4.277348725505693
2026-09-22T03:38:20,neutral,0.5715439915657043,4.4865536159921104
2026-09-22T03:38:20,neutral,0.6314929127693176,4.340365996514713
2026-09-22T03:38:20,neutral,0.6621935963630676,4.358497310688247
2026-09-22T03:38:20,neutral,0.6770672798156738,4.3110382949506745
2026-09-22T03:38:21,neutral,0.704272449016571,4.478481569511802
2026-09-22T03:38:21,neutral,0.6474326848983765,4.484145727380707
2026-09-22T03:38:21,neutral,0.5884682536125183,4.422645170134019
2026-09-22T03:38:21,neutral,0.580947756767273,4.506665491909757
2026-09-22T03:38:22,neutral,0.5962358117103577,4.428959111653633
2026-09-22T03:38:22,neutral,0.5875982046127319,4.329921470373571
2026-09-22T03:38:22,neutral,0.540533185005188,4.271128793610675
2026-09-22T03:38:22,neutral,0.5118874311447144,4.560528086967773
2026-09-22T03:38:22,neutral,0.48703375458717346,4.362963063131473
2026-09-22T03:38:23,neutral,0.5344877243041992,4.35224252913996
2026-09-22T03:38:23,neutral,0.5549723505973816,4.385315172989922
2026-09-22T03:38:23,neutral,0.5549022555351257,4.407568615005664
2026-09-22T03:38:23,neutral,0.5771797895431519,4.465041810158991
2026-09-22T03:38:24,neutral,0.5387621521949768,4.404217830224143
2026-09-22T03:38:24,neutral,0.5152005553245544,4.54685336972865
2026-09-22T03:38:24,neutral,0.5384982228279114,4.489555101708776
2026-09-22T03:38:24,neutral,0.6003204584121704,4.432108797531556
2026-09-22T03:38:25,neutral,0.6467251181602478,4.3546961693079504
2026-09-22T03:38:25,neutral,0.7138604521751404,4.489569518524822
2026-09-22T03:38:25,neutral,0.7153259515762329,4.588974131177817
2026-09-22T03:38:25,neutral,0.7323026061058044,4.40195754318465
2026-09-22T03:38:25,neutral,0.8079309463500977,4.361611037798929
2026-09-22T03:38:26,neutral,0.839381992816925,4.393353674951006
2026-09-22T03:38:26,neutral,0.8395801782608032,4.516623826102126
2026-09-22T03:38:26,neutral,0.8352721333503723,4.326013816662094
2026-09-22T03:38:26,neutral,0.7783624529838562,4.416777060539368
2026-09-22T03:38:27,neutral,0.7747448682785034,4.345424839648454
2026-09-22T03:38:27,neutral,0.7734742164611816,4.49834246914719
2026-09-22T03:38:27,neutral,0.7723866701126099,4.345591419684911
2026-09-22T03:38:27,neutral,0.7501711845397949,4.4681859244234605
2026-09-22T03:38:27,neutral,0.7377194166183472,4.3315357145070115
2026-09-22T03:38:28,neutral,0.6865021586418152,4.331799652778853
2026-09-22T03:38:28,neutral,0.6968306303024292,4.525273449553439
2026-09-22T03:38:28,neutral,0.7128675580024719,3.1523961058629264
2026-09-22T03:38:28,neutral,0.7191500663757324,4.361570217854728
2026-09-22T03:38:29,neutral,0.7486312985420227,4.332470827148596
2026-09-22T03:38:29,neutral,0.6963545083999634,4.38542521635392
2026-09-22T03:38:29,neutral,0.6419973373413086,4.427790234653762
2026-09-22T03:38:29,neutral,0.6209012269973755,4.416288754231443
2026-09-22T03:38:30,neutral,0.6308380961418152,4.4707911362383905
2026-09-22T03:38:30,neutral,0.6256389617919922,4.397918846767649
2026-09-22T03:38:30,neutral,0.6600185632705688,4.409079059128255
2026-09-22T03:38:30,neutral,0.6108112335205078,4.437275917409598
2026-09-22T03:38:31,neutral,0.5937799215316772,4.328987457786659
2026-09-22T03:38:31,neutral,0.579421877861023,4.422071644176604
2026-09-22T03:38:31,neutral,0.5466097593307495,4.448221847734212
2026-09-22T03:38:31,neutral,0.5563758611679077,4.396287010406097
2026-09-22T03:38:31,neutral,0.5703264474868774,4.386957226606421
2026-09-22T03:38:32,neutral,0.5547597408294678,4.304150217706077
2026-09-22T03:38:32,neutral,0.5254163146018982,4.379312433046482
2026-09-22T03:38:32,neutral,0.5122097730636597,4.406762850550753
2026-09-22T03:38:32,neutral,0.4450101852416992,4.548850506150372
2026-09-22T03:38:33,neutral,0.4543200433254242,4.381128460960749
2026-09-22T03:38:33,neutral,0.5033763647079468,4.483930007012982
2026-09-22T03:38:33,neutral,0.5388387441635132,4.534328780955037
2026-09-22T03:38:33,neutral,0.5863519906997681,4.422150903133026
2026-09-22T03:38:33,neutral,0.6211288571357727,4.342873709605608
2026-09-22T03:38:34,neutral,0.6194992065429688,4.459928416638134
2026-09-22T03:38:34,neutral,0.5798482894897461,4.510804605118112
2026-09-22T03:38:34,neutral,0.5450888276100159,4.529657168467491
2026-09-22T03:38:34,neutral,0.5199272632598877,4.530924505188472
2026-09-22T03:38:35,neutral,0.5891305208206177,4.338996516847307
2026-09-22T03:38:35,neutral,0.6250343918800354,4.387636423739221
2026-09-22T03:38:35,neutral,0.632387638092041,4.430886768095702
2026-09-22T03:38:35,neutral,0.6126425266265869,4.521604891689862
2026-09-22T03:38:35,neutral,0.5649019479751587,4.343399887953789
2026-09-22T03:38:36,neutral,0.5775324106216431,4.5339072551310835
2026-09-22T03:38:36,neutral,0.6221439838409424,4.608158067922008
2026-09-22T03:38:36,neutral,0.6947233080863953,4.568346506949505
2026-09-22T03:38:36,neutral,0.7161153554916382,4.543095623390156
2026-09-22T03:38:37,neutral,0.7267962098121643,4.395365604198454
2026-09-22T03:38:37,neutral,0.7402547001838684,4.559303609784943
2026-09-22T03:38:37,neutral,0.7502032518386841,4.434090760126099
2026-09-22T03:38:37,neutral,0.7548171281814575,4.513853210318046
2026-09-22T03:38:37,neutral,0.7872642278671265,4.394601130317616
2026-09-22T03:38:38,neutral,0.8425084352493286,4.488834378939753
2026-09-22T03:38:38,neutral,0.8175320625305176,4.256383351176916
2026-09-22T03:38:38,neutral,0.7834508419036865,4.334122801578936
2026-09-22T03:38:38,neutral,0.7840813398361206,4.478381151588728
2026-09-22T03:38:39,neutral,0.8235529661178589,4.3350052659158305
2026-09-22T03:38:39,neutral,0.8470041155815125,4.467852752632689
2026-09-22T03:38:39,neutral,0.8292881846427917,4.547745700338942
2026-09-22T03:38:39,neutral,0.8192449808120728,4.357433227747171
2026-09-22T03:38:40,neutral,0.7975330352783203,4.201917875189844
2026-09-22T03:38:40,neutral,0.7987014055252075,4.455148488875151
2026-09-22T03:38:40,neutral,0.7898873090744019,4.459923674268404
2026-09-22T03:38:40,neutral,0.8125582933425903,4.512503160352238
2026-09-22T03:38:40,neutral,0.8134495615959167,4.509073395600049
2026-09-22T03:38:41,neutral,0.749517560005188,4.278443877290801
2026-09-22T03:38:41,neutral,0.709386944770813,4.375643806262955
2026-09-22T03:38:41,neutral,0.6833009719848633,4.388729087296314
2026-09-22T03:38:41,neutral,0.6448410749435425,4.485215048014201
2026-09-22T03:38:42,neutral,0.6501495838165283,4.38352774204067
2026-09-22T03:38:42,neutral,0.6510699987411499,4.422127591380323
2026-09-22T03:38:42,neutral,0.6472703218460083,4.40586018867984
2026-09-22T03:38:42,neutral,0.6431950926780701,4.4317294748876295
2026-09-22T03:38:43,neutral,0.6005264520645142,3.227047995974561
2026-09-22T03:38:43,neutral,0.5700274705886841,4.444013095856158
2026-09-22T03:38:43,neutral,0.6292839646339417,4.450699921051961
2026-09-22T03:38:43,neutral,0.6909714937210083,4.408485877891479
2026-09-22T03:38:43,neutral,0.7369396686553955,4.3470686878276386
2026-09-22T03:38:44,neutral,0.7574772238731384,4.405540873817817
2026-09-22T03:38:44,neutral,0.7571703195571899,4.113728401794059
2026-09-22T03:38:44,neutral,0.778481662273407,4.251387378328821
2026-09-22T03:38:44,neutral,0.7762539386749268,4.374261101724965
2026-09-22T03:38:45,neutral,0.7822436690330505,4.321632251011553
2026-09-22T03:38:45,neutral,0.7597475051879883,4.590591392553581
2026-09-22T03:38:45,neutral,0.7989044189453125,4.436046345603672
2026-09-22T03:38:45,neutral,0.7358300089836121,4.369053013376
2026-09-22T03:38:46,neutral,0.6522768139839172,4.1990405177039705
2026-09-22T03:38:46,neutral,0.6141149997711182,4.350969353511903
2026-09-22T03:38:46,neutral,0.6035209894180298,4.548519994577742
2026-09-22T03:38:46,neutral,0.5430013537406921,4.45944000552871
2026-09-22T03:38:46,neutral,0.5384290814399719,4.247409359218307
2026-09-22T03:38:47,neutral,0.5272269248962402,4.376054678982166
2026-09-22T03:38:47,neutral,0.5342305898666382,4.54609442488053
2026-09-22T03:38:47,neutral,0.5908647179603577,4.580174545073339
2026-09-22T03:38:47,neutral,0.6165152788162231,3.9520995773990966
2026-09-22T03:38:48,neutral,0.6826319694519043,4.341983544309039
2026-09-22T03:38:48,neutral,0.7093144059181213,4.417893594834578
2026-09-22T03:38:48,neutral,0.7029398679733276,4.567207345331638
2026-09-22T03:38:48,neutral,0.7007790803909302,4.390125550165115
2026-09-22T03:38:48,neutral,0.7112158536911011,4.35150201011542
2026-09-22T03:38:49,neutral,0.6459084749221802,4.43053105477869
2026-09-22T03:38:49,neutral,0.5931218862533569,4.451658849763689
2026-09-22T03:38:49,neutral,0.5922503471374512,4.522394689967783
2026-09-22T03:38:49,neutral,0.5857720375061035,4.500442071469651
2026-09-22T03:38:50,neutral,0.5685006976127625,4.240757254970952
2026-09-22T03:38:50,neutral,0.5620768666267395,4.156080527389598
2026-09-22T03:38:50,neutral,0.5639928579330444,4.319842956148635
2026-09-22T03:38:50,neutral,0.5409063100814819,4.37342642613522
2026-09-22T03:38:51,neutral,0.5830756425857544,4.313986939667187
2026-09-22T03:38:51,neutral,0.6344486474990845,4.173627847642778
2026-09-22T03:38:51,neutral,0.6988579630851746,4.268859633499061
2026-09-22T03:38:51,neutral,0.7614023089408875,4.303147820983969
2026-09-22T03:38:51,neutral,0.7645258903503418,4.389431801294757
2026-09-22T03:38:52,neutral,0.7849951982498169,4.5132994950076455
2026-09-22T03:38:52,neutral,0.803813636302948,4.407124018871295
2026-09-22T03:38:52,neutral,0.8152891397476196,4.5602206665006815
2026-09-22T03:38:52,neutral,0.8514416813850403,4.506752654804974
2026-09-22T03:38:53,neutral,0.8702720403671265,4.4759915779768145
2026-09-22T03:38:53,neutral,0.8556720614433289,4.562696081630877
2026-09-22T03:38:53,neutral,0.8405066728591919,4.519300453513518
2026-09-22T03:38:53,neutral,0.833079993724823,4.527720834534269
2026-09-22T03:38:53,neutral,0.842791736125946,4.398666023449462
2026-09-22T03:38:54,neutral,0.8463490605354309,4.4646473248120175
2026-09-22T03:38:54,neutral,0.8419874906539917,4.571064880658517
2026-09-22T03:38:54,neutral,0.8394915461540222,4.543858489758643
2026-09-22T03:38:54,neutral,0.8403212428092957,4.531629431631808
2026-09-22T03:38:55,neutral,0.8572109341621399,4.410451402325151
2026-09-22T03:38:55,neutral,0.9090992212295532,4.537394551626702
2026-09-22T03:38:55,neutral,0.8894428014755249,4.5087050183388016
2026-09-22T03:38:55,neutral,0.8726008534431458,123.21330160688582
2026-09-22T03:38:55,neutral,0.8129458427429199,4.533495607886457
2026-09-22T03:38:56,neutral,0.7457360625267029,4.506926990710644
2026-09-22T03:38:56,neutral,0.6991773843765259,119.85780419500486
2026-09-22T03:38:56,neutral,0.6429120898246765,4.4509077325998465
2026-09-22T03:38:56,neutral,0.5919605493545532,123.21692126909518
2026-09-22T03:38:57,neutral,0.5467671155929565,4.462813645814048
2026-09-22T03:38:57,neutral,0.47910046577453613,4.552924178790816
2026-09-22T03:38:57,neutral,0.41815027594566345,4.415619252557431
2026-09-22T03:38:57,neutral,0.37357327342033386,4.530136617894363
2026-09-22T03:38:58,sad,0.36800676584243774,121.09316626728643
2026-09-22T03:38:58,sad,0.34470465779304504,4.588773308709942
2026-09-22T03:38:58,neutral,0.33122047781944275,4.586219376848597
2026-09-22T03:38:58,sad,0.34000128507614136,127.23120791118122
2026-09-22T03:38:58,sad,0.36430761218070984,4.6119228367097405
2026-09-22T03:38:59,sad,0.3916478157043457,4.399607273825808
2026-09-22T03:38:59,sad,0.40043386816978455,4.508360930800493
2026-09-22T03:38:59,sad,0.3867242932319641,125.08362161517357
2026-09-22T03:38:59,sad,0.41778334975242615,4.459819344685873
2026-09-22T03:39:00,sad,0.3980554938316345,122.37210795040117
2026-09-22T03:39:00,sad,0.39475303888320923,36.805700345741414
2026-09-22T03:39:00,sad,0.39123791456222534,4.027377267035896
2026-09-22T03:39:00,sad,0.40816226601600647,4.957770985075756
2026-09-22T03:39:00,sad,0.4047510027885437,126.658734712366
2026-09-22T03:39:01,sad,0.4250633716583252,4.557163594009405
2026-09-22T03:39:01,sad,0.4292905330657959,124.4637526336093
2026-09-22T03:39:01,sad,0.44526737928390503,4.08639059711148
2026-09-22T03:39:02,sad,0.4775218963623047,3.834950009371814
2026-09-22T03:39:02,sad,0.46885746717453003,16.642148324200786
2026-09-22T03:39:02,sad,0.4716913104057312,132.56752741869212
2026-09-22T03:39:03,sad,0.4605161249637604,4.009341068487467
2026-09-22T03:39:03,sad,0.45329636335372925,3.5624742537734946
2026-09-22T03:39:03,sad,0.4559785723686218,95.0658204895739
2026-09-22T03:39:04,sad,0.450003445148468,34.298573858432555
2026-09-22T03:39:04,sad,0.43778377771377563,16.66204792474417
2026-09-22T03:39:04,sad,0.413966566324234,4.459942643807839
2026-09-22T03:39:05,sad,0.39688605070114136,16.70684676144081
2026-09-22T03:39:06,sad,0.3736085295677185,15.644258779209638
2026-09-22T03:39:06,sad,0.38645800948143005,5.07744417516276
2026-09-22T03:39:06,sad,0.3930264711380005,23.546308875540337
2026-09-22T03:39:06,sad,0.3721920847892761,4.325224211662822
2026-09-22T03:39:07,sad,0.37846848368644714,6.164830383914398
2026-09-22T03:39:07,sad,0.3609648644924164,5.98482641123365
2026-09-22T03:39:07,sad,0.3627535104751587,5.639468578443302
2026-09-22T03:39:07,neutral,0.4008939266204834,4.90428222484399
2026-09-22T03:39:07,neutral,0.4139537215232849,4.633320371875994
2026-09-22T03:39:08,neutral,0.4197174906730652,123.35825416899503
2026-09-22T03:39:08,neutral,0.43828338384628296,4.591817654335855
2026-09-22T03:39:08,neutral,0.488272100687027,4.547292096264639
2026-09-22T03:39:08,neutral,0.5188358426094055,4.471935149911986
2026-09-22T03:39:09,neutral,0.565045952796936,3.9765708402148747
2026-09-22T03:39:09,neutral,0.5950265526771545,4.599451264044636
2026-09-22T03:39:09,neutral,0.5713924765586853,125.36027258054875
2026-09-22T03:39:09,neutral,0.5294774174690247,4.587719279056184
2026-09-22T03:39:09,neutral,0.5011091232299805,99.80259839147195
2026-09-22T03:39:10,neutral,0.49300438165664673,4.177506247379288
2026-09-22T03:39:10,neutral,0.5015752911567688,4.262924292333696
2026-09-22T03:39:10,neutral,0.5004317760467529,4.180187506789571
2026-09-22T03:39:10,neutral,0.4588494300842285,4.366328614764491
2026-09-22T03:39:11,neutral,0.4482944905757904,4.331401520940819
2026-09-22T03:39:11,neutral,0.3744184970855713,4.490747204460871
2026-09-22T03:39:11,neutral,0.31920239329338074,4.574849097639881
2026-09-22T03:39:11,neutral,0.32854047417640686,4.564463752470334
2026-09-22T03:39:11,neutral,0.40431275963783264,4.3758766246638
2026-09-22T03:39:12,neutral,0.386802613735199,4.43350488929197
2026-09-22T03:39:12,neutral,0.39071136713027954,4.488392450116535
2026-09-22T03:39:12,neutral,0.3823580741882324,118.24600377773392
2026-09-22T03:39:12,neutral,0.37514281272888184,4.5514173045495685
2026-09-22T03:39:13,neutral,0.37827402353286743,4.48771051336372
2026-09-22T03:39:13,neutral,0.3603147864341736,4.541472309204856
2026-09-22T03:39:13,neutral,0.376587837934494,4.516949718384182
2026-09-22T03:39:13,neutral,0.3948500454425812,4.472268930859724
2026-09-22T03:39:13,neutral,0.3733443021774292,122.20097310841128
2026-09-22T03:39:14,neutral,0.3332086503505707,4.587638991886352
2026-09-22T03:39:14,neutral,0.3662630021572113,123.60910055404928
2026-09-22T03:39:14,neutral,0.38655534386634827,4.518891454268664
2026-09-22T03:39:14,neutral,0.3831636309623718,124.34198980196845
2026-09-22T03:39:15,neutral,0.36775845289230347,4.475714552487662
2026-09-22T03:39:15,neutral,0.36806386709213257,126.28500888206425
2026-09-22T03:39:15,neutral,0.407600462436676,119.7688178183895
2026-09-22T03:39:15,neutral,0.41615208983421326,4.460924537773656
2026-09-22T03:39:16,neutral,0.4417085647583008,4.4893196401526305
2026-09-22T03:39:16,neutral,0.46692267060279846,4.405244739086414
2026-09-22T03:39:16,neutral,0.49278736114501953,125.44650815014207
2026-09-22T03:39:16,neutral,0.47196680307388306,4.65723295580724
2026-09-22T03:39:16,neutral,0.49212175607681274,4.266714410256462
2026-09-22T03:39:17,neutral,0.49662724137306213,4.434029822345087
2026-09-22T03:39:17,neutral,0.5132309198379517,17.603377723310405
2026-09-22T03:39:17,neutral,0.522444486618042,3.5332594272390008
2026-09-22T03:39:17,neutral,0.5020149946212769,5.0677695576474395
2026-09-22T03:39:18,neutral,0.4854819178581238,4.723581282729883
2026-09-22T03:39:18,neutral,0.46829137206077576,4.602631012944373
2026-09-22T03:39:18,neutral,0.46493467688560486,4.499259295810758
2026-09-22T03:39:18,neutral,0.42627692222595215,4.536226617522366
2026-09-22T03:39:19,neutral,0.41134652495384216,119.3496286600461
2026-09-22T03:39:19,neutral,0.35228613018989563,4.501050598272254
2026-09-22T03:39:19,neutral,0.33694788813591003,4.56107361239339
2026-09-22T03:39:19,neutral,0.315030038356781,4.519091075603633
2026-09-22T03:39:19,neutral,0.31650108098983765,4.457984890290928
2026-09-22T03:39:20,neutral,0.28875041007995605,4.512697362404445
2026-09-22T03:39:20,sad,0.29319480061531067,4.516166683356106
2026-09-22T03:39:20,sad,0.3179691731929779,4.004934669105992
2026-09-22T03:39:20,sad,0.2945820987224579,3.6011017164522534
2026-09-22T03:39:21,sad,0.29450443387031555,4.466748881263804
2026-09-22T03:39:21,sad,0.295266330242157,124.96064352748398
2026-09-22T03:39:21,happy,0.2893807888031006,125.30409583843695
2026-09-22T03:39:21,sad,0.2900654375553131,125.56668562703949
2026-09-22T03:39:22,sad,0.2783764600753784,4.5108676714467935
2026-09-22T03:39:22,sad,0.2796371877193451,129.11907400566432
2026-09-22T03:39:22,happy,0.28655701875686646,16.648555959544638
2026-09-22T03:39:24,sad,0.2872067987918854,16.645318496235827
2026-09-22T03:39:24,sad,0.2847833037376404,162.10497024039577
2026-09-22T03:39:25,sad,0.32238662242889404,16.539575380926845
2026-09-22T03:39:25,sad,0.36498743295669556,17.8668813604086
2026-09-22T03:39:27,sad,0.38774722814559937,16.60321431398939
2026-09-22T03:39:27,sad,0.3867495059967041,161.26356261294168
2026-09-22T03:39:27,sad,0.38958802819252014,16.656026749371573
2026-09-22T03:39:28,sad,0.37959587574005127,16.66893460083299
2026-09-22T03:39:28,sad,0.3885281980037689,5.041951913795362
2026-09-22T03:39:29,sad,0.4218323826789856,16.705382853728967
2026-09-22T03:39:29,sad,0.44670814275741577,14.92029568075585
2026-09-22T03:39:29,sad,0.41948604583740234,160.8307066988765
2026-09-22T03:39:31,sad,0.40456026792526245,16.680137599172813
2026-09-22T03:39:31,sad,0.3923599123954773,136.40900221152594
2026-09-22T03:39:34,sad,0.40945035219192505,16.68153073967721
2026-09-22T03:39:36,sad,0.43890029191970825,16.826078933222078
2026-09-22T03:39:37,sad,0.45461779832839966,5.9080445846145615
2026-09-22T03:39:37,sad,0.5022720098495483,6.213406296802713
2026-09-22T03:39:37,sad,0.4905165135860443,6.302760000060108
2026-09-22T03:39:37,sad,0.4626818597316742,159.11623672230652
2026-09-22T03:39:37,sad,0.469069242477417,6.123169861121857
2026-09-22T03:39:37,sad,0.5112491846084595,152.4093023255814
2026-09-22T03:39:39,sad,0.5218724012374878,16.670988461523173
2026-09-22T03:39:42,sad,0.5071237087249756,16.661518416118472
2026-09-22T03:39:44,sad,0.4969520568847656,16.66363665257604
2026-09-22T03:39:44,sad,0.4871426224708557,5.206014906940229
2026-09-22T03:39:45,sad,0.4777403771877289,16.557334596557713
2026-09-22T03:39:45,sad,0.45134299993515015,169.4805236786811
2026-09-22T03:39:45,sad,0.4364164471626282,170.38934026649335
2026-09-22T03:39:48,sad,0.4730147421360016,16.679142641269337
2026-09-22T03:39:51,sad,0.45826512575149536,16.64670582632164
2026-09-22T03:39:52,sad,0.447349488735199,16.685446046742914
2026-09-22T03:39:53,sad,0.4479793608188629,16.68126536163985
2026-09-22T03:39:56,sad,0.43394479155540466,16.65503466569248
2026-09-22T03:39:58,sad,0.4218057096004486,16.5457737172432
2026-09-22T03:40:01,sad,0.4283486306667328,16.672578894855885
2026-09-22T03:40:01,sad,0.4474960267543793,16.611368100880807
2026-09-22T03:40:06,sad,0.45124515891075134,16.66847089587531
2026-09-22T03:40:08,sad,0.4760562479496002,16.646970105891505
2026-09-22T03:40:30,sad,0.4708671569824219,16.661783166224396
2026-09-22T03:40:32,sad,0.4680221676826477,16.657018951247796
2026-09-22T03:40:32,sad,0.4684496521949768,159.0739940076611
2026-09-22T03:40:32,sad,0.47233057022094727,158.93535430087155
2026-09-22T03:40:33,sad,0.49262529611587524,16.676556306136163
2026-09-22T03:40:33,sad,0.5163291096687317,17.35600402212999
2026-09-22T03:40:33,sad,0.5163301229476929,156.13103037522336
2026-09-22T03:40:34,sad,0.5092046856880188,16.64637548865914
2026-09-22T03:40:35,sad,0.5059133768081665,16.65172857347033
2026-09-22T03:40:36,sad,0.5166402459144592,16.671319776777906
2026-09-22T03:40:37,sad,0.5146601796150208,16.6629084480464
2026-09-22T03:40:37,sad,0.5177034735679626,150.7766194550291
2026-09-22T03:40:37,sad,0.5194553732872009,16.66449733999229
2026-09-22T03:40:38,sad,0.5147442817687988,16.680535615572143
2026-09-22T03:40:39,sad,0.5369294881820679,16.630996280700085
2026-09-22T03:40:39,sad,0.5555144548416138,148.24529035450465
2026-09-22T03:40:40,sad,0.5736211538314819,16.78628059151942
2026-09-22T03:40:41,sad,0.5764632821083069,16.650208211760688
2026-09-22T03:40:42,sad,0.595789909362793,16.695142678592042
2026-09-22T03:40:43,sad,0.5788310170173645,16.589751804607932
2026-09-22T03:40:43,sad,0.56717449426651,20.062296712968276
2026-09-22T03:40:44,sad,0.5800092220306396,16.71796752309814
2026-09-22T03:40:45,sad,0.5750936269760132,16.675296587258675
2026-09-22T03:40:45,sad,0.5625413656234741,143.98077649239642
2026-09-22T03:40:45,sad,0.5436955690383911,16.676025874990557
2026-09-22T03:40:46,sad,0.5249117612838745,16.681331705357604
2026-09-22T03:40:46,sad,0.5217401385307312,16.681199018449803
2026-09-22T03:40:47,sad,0.5209909677505493,165.16259106123252
2026-09-22T03:40:47,sad,0.5095007419586182,16.667477329264123
2026-09-22T03:40:47,sad,0.5249074697494507,153.80088738953467
2026-09-22T03:40:48,sad,0.5347343683242798,147.50497626164938
2026-09-22T03:40:48,sad,0.5191899538040161,16.6912228200312
2026-09-22T03:40:48,sad,0.5429415702819824,152.61448895680965
2026-09-22T03:40:49,sad,0.5441718697547913,16.668868355688026
2026-09-22T03:40:49,sad,0.5435547232627869,156.72024810372528
2026-09-22T03:40:49,sad,0.5297691226005554,16.54192367760968
2026-09-22T03:40:50,sad,0.5039139986038208,164.26349181483513
2026-09-22T03:40:50,sad,0.49894195795059204,147.24605932947165
2026-09-22T03:40:50,sad,0.5118919610977173,5.234138987890224
2026-09-22T03:40:50,sad,0.5018304586410522,159.606682141634
2026-09-22T03:40:50,sad,0.47990864515304565,5.834035527452336
2026-09-22T03:40:51,sad,0.44240278005599976,5.941403367117835
2026-09-22T03:40:51,sad,0.390267550945282,4.656488414022186
2026-09-22T03:40:51,sad,0.374474436044693,6.17942609461763
2026-09-22T03:40:51,neutral,0.39240318536758423,161.81728395061728
2026-09-22T03:40:51,neutral,0.4497760236263275,6.1058503607343955
2026-09-22T03:40:51,neutral,0.4896799921989441,21.08400315684175
2026-09-22T03:40:52,neutral,0.5384515523910522,4.372209192023433
2026-09-22T03:40:52,neutral,0.6139858961105347,6.251384624556592
2026-09-22T03:40:52,neutral,0.663098156452179,156.49220207447206
2026-09-22T03:40:52,neutral,0.6812542080879211,151.32058590085865
2026-09-22T03:40:52,neutral,0.7151893377304077,160.05128596504616
2026-09-22T03:40:52,neutral,0.6767040491104126,5.994680356910605
2026-09-22T03:40:53,neutral,0.6310170888900757,16.63013905023968
2026-09-22T03:40:54,neutral,0.5730209350585938,16.68159708550588
2026-09-22T03:40:55,neutral,0.5179880857467651,16.6648946103264
2026-09-22T03:40:55,neutral,0.49452081322669983,5.279433477540119
2026-09-22T03:40:56,neutral,0.44453176856040955,16.71750108612038
2026-09-22T03:40:56,sad,0.37401145696640015,16.667543563353135
2026-09-22T03:40:56,sad,0.42060771584510803,162.5447217485661
2026-09-22T03:40:56,sad,0.4760213792324066,161.43735806935837
2026-09-22T03:40:57,sad,0.5372822880744934,16.58430733705537
2026-09-22T03:40:57,sad,0.576106071472168,150.48450057405282
2026-09-22T03:40:57,sad,0.5327062606811523,19.55231520112625
2026-09-22T03:40:59,sad,0.5200211405754089,16.67675522651547
2026-09-22T03:41:00,sad,0.5054425001144409,16.660393322025953
2026-09-22T03:41:01,sad,0.5416380167007446,16.64479005035934
2026-09-22T03:41:01,sad,0.5474130511283875,157.75176771475853
2026-09-22T03:41:01,sad,0.56714928150177,6.225330539014587
2026-09-22T03:41:01,sad,0.5916776061058044,6.311143612499191
2026-09-22T03:41:01,sad,0.5954631567001343,6.044867711446945
2026-09-22T03:41:01,sad,0.5838433504104614,6.051574608313747
2026-09-22T03:41:02,sad,0.5923843383789062,16.58791471724678
2026-09-22T03:41:02,sad,0.6473613977432251,156.32888557584792
2026-09-22T03:41:02,sad,0.6519335508346558,152.18257682957804
2026-09-22T03:41:02,sad,0.7023472785949707,157.568052894549
2026-09-22T03:41:02,sad,0.697048544883728,158.94137708893857
2026-09-22T03:41:03,sad,0.6714072823524475,6.359650532661732
2026-09-22T03:41:03,sad,0.6716131567955017,6.195545852431435
2026-09-22T03:41:03,sad,0.6503239870071411,160.5598131914405
2026-09-22T03:41:03,sad,0.6271485090255737,5.954477246431335
2026-09-22T03:41:03,sad,0.6254239678382874,144.3573911547066
2026-09-22T03:41:03,sad,0.6400067210197449,156.15428145941922
2026-09-22T03:41:04,sad,0.6154743432998657,16.560603308721916
2026-09-22T03:41:04,sad,0.6304985284805298,3.931384780063681
2026-09-22T03:41:04,sad,0.631883442401886,163.5333749220212
2026-09-22T03:41:04,sad,0.6474757790565491,157.44384384384384
2026-09-22T03:41:05,sad,0.6550592184066772,160.73825400475204
2026-09-22T03:41:05,sad,0.6431041955947876,6.388798934972712
2026-09-22T03:41:05,sad,0.6539738178253174,161.84850472699208
2026-09-22T03:41:05,sad,0.6697378754615784,151.18967630307836
2026-09-22T03:41:05,sad,0.6624915599822998,6.0472731571859875
2026-09-22T03:41:05,sad,0.649213433265686,6.25409715067047
2026-09-22T03:41:06,sad,0.6663652658462524,159.4186240973014
2026-09-22T03:41:06,sad,0.670322597026825,6.264643326562314
2026-09-22T03:41:06,sad,0.6695787906646729,6.197037930097041
2026-09-22T03:41:06,sad,0.664230465888977,153.18860482103725
2026-09-22T03:41:06,sad,0.677045464515686,5.969961626490247
2026-09-22T03:41:06,sad,0.6966723203659058,165.12357781189718
2026-09-22T03:41:07,sad,0.6623198986053467,6.020114393977451
2026-09-22T03:41:07,sad,0.6529768705368042,6.171070751774385
2026-09-22T03:41:07,sad,0.6737203001976013,166.3086439333862
2026-09-22T03:41:07,sad,0.6797770261764526,6.116901053098261
2026-09-22T03:41:07,sad,0.6897538900375366,6.234472917533742
2026-09-22T03:41:07,sad,0.6761428713798523,6.0312989360432425
2026-09-22T03:41:08,sad,0.680608868598938,145.02624390581238
2026-09-22T03:41:08,sad,0.6488045454025269,157.62726896914577
2026-09-22T03:41:08,sad,0.6288217902183533,6.1013205477698484
2026-09-22T03:41:08,sad,0.5934823155403137,6.379596505317466
2026-09-22T03:41:08,sad,0.6295812129974365,6.240901576777316
2026-09-22T03:41:08,sad,0.6190029978752136,6.31005172242599
2026-09-22T03:41:09,sad,0.6105865240097046,159.82562969172733
2026-09-22T03:41:09,sad,0.5747334361076355,6.09537982188946
2026-09-22T03:41:09,sad,0.5270522832870483,6.29888868865261
2026-09-22T03:41:09,sad,0.540096640586853,6.375746557361599
2026-09-22T03:41:09,sad,0.5346077680587769,6.3036788332576865
2026-09-22T03:41:09,sad,0.5614235401153564,5.6280420958844735
2026-09-22T03:41:10,sad,0.5861762166023254,4.77315935438424
2026-09-22T03:41:10,sad,0.5908409357070923,4.613464973645539
2026-09-22T03:41:10,sad,0.597510814666748,4.447500185564168
2026-09-22T03:41:10,sad,0.6089897751808167,117.19861406057896
2026-09-22T03:41:10,sad,0.6146878600120544,4.460288866249949
2026-09-22T03:41:11,sad,0.6458305716514587,4.522102139918405
2026-09-22T03:41:11,sad,0.6901400685310364,4.541585411674515
2026-09-22T03:41:11,sad,0.6844455003738403,4.479615169778353
2026-09-22T03:41:11,sad,0.6802845001220703,123.98179130948861
2026-09-22T03:41:12,sad,0.6848815679550171,4.442379816068726
2026-09-22T03:41:12,sad,0.6622191667556763,4.524795028911711
2026-09-22T03:41:12,sad,0.6730506420135498,4.411592580983775
2026-09-22T03:41:12,sad,0.6635141372680664,123.91219829241632
2026-09-22T03:41:13,sad,0.6717594861984253,4.476736851205717
2026-09-22T03:41:13,sad,0.6488944888114929,4.5070674377771045
2026-09-22T03:41:13,sad,0.6355048418045044,4.467586250971954
2026-09-22T03:41:13,sad,0.6292312741279602,4.4282530361529995
2026-09-22T03:41:13,sad,0.6291175484657288,4.41367698729976
2026-09-22T03:41:14,sad,0.6258960962295532,4.432352347528726
2026-09-22T03:41:14,sad,0.6237468719482422,4.52630874656019
2026-09-22T03:41:14,sad,0.6512177586555481,4.50751305192614
2026-09-22T03:41:14,sad,0.6487513780593872,118.1860294739215
2026-09-22T03:41:15,sad,0.6005389094352722,116.99592747559275
2026-09-22T03:41:15,sad,0.5379761457443237,4.546666074074716
2026-09-22T03:41:15,sad,0.5009161233901978,4.581970803796839
2026-09-22T03:41:15,sad,0.47652357816696167,4.522219155396081
2026-09-22T03:41:15,sad,0.4408666491508484,126.04970698722765
2026-09-22T03:41:16,neutral,0.4434344172477722,4.545409620744812
2026-09-22T03:41:16,neutral,0.5062884092330933,4.508021740976281
2026-09-22T03:41:16,neutral,0.568771243095398,4.457918555883622
2026-09-22T03:41:16,neutral,0.6054649949073792,4.500939505705176
2026-09-22T03:41:17,neutral,0.6429451107978821,119.82013998000285
2026-09-22T03:41:17,neutral,0.629920482635498,120.77585809721262
2026-09-22T03:41:17,neutral,0.5740481019020081,4.613840518331922
2026-09-22T03:41:17,neutral,0.5267709493637085,120.97441665945603
2026-09-22T03:41:17,neutral,0.49588847160339355,119.76197818514076
2026-09-22T03:41:18,neutral,0.49157804250717163,16.678346760404324
2026-09-22T03:41:18,neutral,0.4671176075935364,146.62322589666505
2026-09-22T03:41:18,neutral,0.4465809464454651,126.65108554518827
2026-09-22T03:41:19,neutral,0.39545366168022156,122.94963944421644
2026-09-22T03:41:19,neutral,0.40675124526023865,4.661549780720765
2026-09-22T03:41:19,neutral,0.43928295373916626,4.609829413503821
2026-09-22T03:41:19,neutral,0.48260751366615295,4.5204158394926806
2026-09-22T03:41:19,neutral,0.5349077582359314,4.364256891883737
2026-09-22T03:41:20,neutral,0.5733465552330017,4.549398175817048
2026-09-22T03:41:20,neutral,0.5847128629684448,123.9561426840441
2026-09-22T03:41:20,neutral,0.5728743076324463,4.427103222980426
2026-09-22T03:41:20,neutral,0.5744181871414185,4.530934294331665
2026-09-22T03:41:21,neutral,0.5615254640579224,4.392617502379948
2026-09-22T03:41:21,neutral,0.5894365906715393,4.553314646628034
2026-09-22T03:41:21,neutral,0.5813413858413696,4.498192917092966
2026-09-22T03:41:21,neutral,0.5376659631729126,4.5676500087665515
2026-09-22T03:41:21,neutral,0.49549704790115356,4.475141505156069
2026-09-22T03:41:22,neutral,0.5006235837936401,4.516176408834009
2026-09-22T03:41:22,neutral,0.5186673402786255,4.5360647245411005
2026-09-22T03:41:22,neutral,0.5692166090011597,4.529940911992241
2026-09-22T03:41:22,neutral,0.6188290119171143,4.543041494220877
2026-09-22T03:41:23,neutral,0.6331126689910889,4.446043424752936
2026-09-22T03:41:23,neutral,0.6136849522590637,4.53602547949798
2026-09-22T03:41:23,neutral,0.6156614422798157,4.520903080329138
2026-09-22T03:41:23,neutral,0.6597224473953247,4.524956118442984
2026-09-22T03:41:24,neutral,0.7145791053771973,4.413402977410571
2026-09-22T03:41:24,neutral,0.7499700784683228,4.242262780736223
2026-09-22T03:41:24,neutral,0.7683180570602417,3.0758463097652875
2026-09-22T03:41:24,neutral,0.7635132074356079,4.322224558019134
2026-09-22T03:41:25,neutral,0.7692538499832153,4.025730558589618
2026-09-22T03:41:25,neutral,0.7640973329544067,4.434086072545017
2026-09-22T03:41:25,neutral,0.7461751699447632,4.206962750917511
2026-09-22T03:41:25,neutral,0.7638782858848572,4.304711233722515
2026-09-22T03:41:25,neutral,0.7582590579986572,4.235318827525759
2026-09-22T03:41:26,neutral,0.7344865798950195,4.37283368068117
2026-09-22T03:41:26,neutral,0.6893916726112366,4.519675434531956
2026-09-22T03:41:26,neutral,0.6485663652420044,4.588406853012058
2026-09-22T03:41:26,neutral,0.5989595651626587,4.492902285922403
2026-09-22T03:41:27,neutral,0.5591999888420105,4.412855059686009
2026-09-22T03:41:27,neutral,0.5469008684158325,124.17633300766794
2026-09-22T03:41:27,neutral,0.5057257413864136,4.593431890387675
2026-09-22T03:41:27,neutral,0.5145052075386047,4.5032639318353604
2026-09-22T03:41:27,neutral,0.5300520658493042,120.66120077097897
2026-09-22T03:41:28,neutral,0.533496618270874,4.553502490457228
2026-09-22T03:41:28,neutral,0.4992038309574127,16.624338582396284
2026-09-22T03:41:28,neutral,0.4794534742832184,3.9470898674235295
2026-09-22T03:41:29,neutral,0.4766865670681,139.7682028724716
2026-09-22T03:41:29,neutral,0.4598237872123718,133.26250238291922
2026-09-22T03:41:29,neutral,0.46739643812179565,4.547681598620832
2026-09-22T03:41:29,neutral,0.437929630279541,3.981863612543575
2026-09-22T03:41:30,neutral,0.44217735528945923,121.75754760798885
2026-09-22T03:41:30,neutral,0.41884851455688477,4.462509761697546
2026-09-22T03:41:30,neutral,0.4211761951446533,3.9735494848212696
2026-09-22T03:41:30,sad,0.4250844419002533,114.11519521153585
2026-09-22T03:41:31,sad,0.4306824803352356,125.28163923653634
2026-09-22T03:41:31,neutral,0.44518858194351196,4.592179627265541
2026-09-22T03:41:31,neutral,0.48925700783729553,4.530244263348616
2026-09-22T03:41:31,neutral,0.5334154367446899,4.4330691018242545
2026-09-22T03:41:32,neutral,0.5462111234664917,4.260365223150166
2026-09-22T03:41:32,neutral,0.5626181364059448,4.249828002857331
2026-09-22T03:41:32,neutral,0.5655958652496338,4.4361683337229065
2026-09-22T03:41:32,neutral,0.5610927939414978,4.264432594008469
2026-09-22T03:41:33,neutral,0.5310153961181641,3.2711189863229717
2026-09-22T03:41:33,neutral,0.5570073127746582,4.380368931085728
2026-09-22T03:41:33,neutral,0.55321204662323,4.539260567572072
2026-09-22T03:41:33,neutral,0.5310236215591431,4.557742983225374
2026-09-22T03:41:34,neutral,0.4930099546909332,16.658540557071422
2026-09-22T03:41:35,neutral,0.45832476019859314,16.564789144017123
2026-09-22T03:41:35,neutral,0.4362301230430603,156.46301339202446
2026-09-22T03:41:35,neutral,0.4159453511238098,16.682791400672194
2026-09-22T03:41:36,neutral,0.413475900888443,159.00163008453694
2026-09-22T03:41:36,neutral,0.42716020345687866,133.19902188065674
2026-09-22T03:41:36,neutral,0.4739394783973694,4.341336380535993
2026-09-22T03:41:36,neutral,0.4786418378353119,6.171352228603042
2026-09-22T03:41:36,neutral,0.47724324464797974,5.877470488660696
2026-09-22T03:41:37,neutral,0.5070009231567383,5.238728307816055
2026-09-22T03:41:37,neutral,0.5442821383476257,4.561058732696093
2026-09-22T03:41:37,neutral,0.5905657410621643,4.424600005696497
2026-09-22T03:41:37,neutral,0.6262443661689758,4.4493354591850265
2026-09-22T03:41:38,neutral,0.6542037725448608,4.426337012534047
2026-09-22T03:41:38,neutral,0.6897061467170715,4.370696572263406
2026-09-22T03:41:38,neutral,0.7081303000450134,4.363112835609741
2026-09-22T03:41:38,neutral,0.6773693561553955,4.349426288582287
2026-09-22T03:41:38,neutral,0.6788520812988281,4.187645643426952
2026-09-22T03:41:39,neutral,0.6729424595832825,4.288163318720146
2026-09-22T03:41:39,neutral,0.6456483602523804,4.45485037928273
2026-09-22T03:41:39,neutral,0.6095576882362366,4.468566753034229
2026-09-22T03:41:39,neutral,0.5809382200241089,4.3661013561622735
2026-09-22T03:41:40,neutral,0.5537177324295044,4.2934658881527765
2026-09-22T03:41:40,neutral,0.5131458044052124,4.51221188861217
2026-09-22T03:41:40,neutral,0.4707547724246979,4.3659377446163585
2026-09-22T03:41:40,neutral,0.44645652174949646,4.405170711624018
2026-09-22T03:41:40,neutral,0.4487447142601013,4.343107550909253
2026-09-22T03:41:41,sad,0.4343491494655609,4.427617293268799
2026-09-22T03:41:41,neutral,0.4270927906036377,4.487331215717573
2026-09-22T03:41:41,neutral,0.4520285129547119,4.510814307515435
2026-09-22T03:41:41,neutral,0.4945562779903412,4.4058833292366
2026-09-22T03:41:42,neutral,0.5141775012016296,4.3352068944845366
2026-09-22T03:41:42,neutral,0.4858810007572174,108.40235707639822
2026-09-22T03:41:42,neutral,0.508681058883667,4.575313207341351
2026-09-22T03:41:42,neutral,0.5061690211296082,3.5547329016095146
2026-09-22T03:41:43,neutral,0.5002383589744568,16.665159467738924
2026-09-22T03:41:45,neutral,0.5012895464897156,16.600454361953915
2026-09-22T03:41:47,neutral,0.5097752809524536,16.62269146018611
2026-09-22T03:41:47,neutral,0.4784362316131592,5.109135602758782
2026-09-22T03:41:47,neutral,0.46934524178504944,6.218067261150274
2026-09-22T03:41:47,neutral,0.43415766954421997,5.990921426632958
2026-09-22T03:41:47,neutral,0.43589386343955994,6.2664497323430846
2026-09-22T03:41:47,neutral,0.49404388666152954,6.161886922732248
2026-09-22T03:41:47,neutral,0.5202420949935913,5.891728719182691
2026-09-22T03:41:48,neutral,0.5325554609298706,6.027814464843891
2026-09-22T03:41:48,neutral,0.527223527431488,157.3611465446087
2026-09-22T03:41:48,neutral,0.5143696069717407,5.880593624911496
2026-09-22T03:41:48,neutral,0.5328761339187622,5.995237319291144
2026-09-22T03:41:48,neutral,0.5698921084403992,5.902739916883512
2026-09-22T03:41:48,neutral,0.5508464574813843,6.056301909459506
2026-09-22T03:41:49,neutral,0.5308130383491516,6.169101132684895
2026-09-22T03:41:49,neutral,0.5151153802871704,5.676247289971066
2026-09-22T03:41:49,neutral,0.5144516229629517,4.795139813810237
2026-09-22T03:41:49,neutral,0.5153589844703674,4.6148202672088745
2026-09-22T03:41:50,neutral,0.5528643131256104,4.393049973867751
2026-09-22T03:41:50,neutral,0.5977100133895874,4.53476999657268
2026-09-22T03:41:50,neutral,0.6099315881729126,4.379184407307717
2026-09-22T03:41:50,neutral,0.6334476470947266,4.447151230352947
2026-09-22T03:41:50,neutral,0.631570041179657,4.439394067688973
2026-09-22T03:41:51,neutral,0.6424989104270935,4.309997256352264
2026-09-22T03:41:51,neutral,0.6939581632614136,4.3998703422607655
2026-09-22T03:41:51,neutral,0.6878914833068848,4.5016641212034045
2026-09-22T03:41:51,neutral,0.6417268514633179,4.485877035557143
2026-09-22T03:41:52,neutral,0.6058348417282104,4.259755137690616
2026-09-22T03:41:52,neutral,0.5597425699234009,4.437463698274339
2026-09-22T03:41:52,neutral,0.5316768288612366,4.48972330365735
2026-09-22T03:41:52,neutral,0.5543138980865479,4.466373118514299
2026-09-22T03:41:52,neutral,0.5474144220352173,4.386626882405295
2026-09-22T03:41:53,neutral,0.5711249113082886,4.388311239916718
2026-09-22T03:41:53,neutral,0.5847691297531128,4.339144648362335
2026-09-22T03:41:53,neutral,0.5788354873657227,4.3671105650594
2026-09-22T03:41:53,neutral,0.5589555501937866,4.190988927758143
2026-09-22T03:41:54,neutral,0.5500227808952332,4.320755222336912
2026-09-22T03:41:54,neutral,0.5438164472579956,4.3180907062768386
2026-09-22T03:41:54,neutral,0.5410488843917847,4.311064881243602
2026-09-22T03:41:54,neutral,0.5243301391601562,4.35347126284072
2026-09-22T03:41:55,neutral,0.5055059194564819,4.132824108561046
2026-09-22T03:41:55,neutral,0.4685117304325104,4.397974184483427
2026-09-22T03:41:55,neutral,0.4507678151130676,4.332685646875558
2026-09-22T03:41:55,neutral,0.42382341623306274,3.5187409290346396
2026-09-22T03:41:56,sad,0.40805062651634216,3.9195329795356146
2026-09-22T03:41:56,neutral,0.4087351858615875,4.355786056471571
2026-09-22T03:41:56,neutral,0.4483969807624817,4.341875670281529
2026-09-22T03:41:56,neutral,0.46167683601379395,4.405804652335359
2026-09-22T03:41:56,neutral,0.49011653661727905,4.325077029050367
2026-09-22T03:41:57,neutral,0.5114320516586304,4.360608902316549
2026-09-22T03:41:57,neutral,0.5247527956962585,4.418331057962954
2026-09-22T03:41:57,neutral,0.5723267197608948,4.377703510885017
2026-09-22T03:41:57,neutral,0.6037638783454895,4.440649003467351
2026-09-22T03:41:58,neutral,0.6139563322067261,4.409283002047845
2026-09-22T03:41:58,neutral,0.6098639965057373,4.315895730412923
2026-09-22T03:41:58,neutral,0.6047688722610474,4.460644630226175
2026-09-22T03:41:58,neutral,0.576915979385376,4.493893932932905
2026-09-22T03:41:59,neutral,0.5433548092842102,4.404259452353126
2026-09-22T03:41:59,neutral,0.5363458395004272,4.228674667699058
2026-09-22T03:41:59,neutral,0.5460847616195679,4.432642769048996
2026-09-22T03:41:59,neutral,0.5082060098648071,4.502335806540258
2026-09-22T03:41:59,neutral,0.47464531660079956,4.420594218020468
2026-09-22T03:42:00,neutral,0.4213932156562805,4.456658577117769
2026-09-22T03:42:00,sad,0.41221150755882263,4.362509269920317
2026-09-22T03:42:00,sad,0.4028145670890808,122.3792489714936
2026-09-22T03:42:00,neutral,0.4288361966609955,4.509931560243652
2026-09-22T03:42:01,neutral,0.45630916953086853,4.393685033117855
2026-09-22T03:42:01,neutral,0.5125309824943542,3.995572228498921
2026-09-22T03:42:01,neutral,0.5140562653541565,4.215919016799129
2026-09-22T03:42:01,neutral,0.49224919080734253,4.526318515768663
2026-09-22T03:42:02,neutral,0.5142520666122437,4.329483462138346
2026-09-22T03:42:02,neutral,0.5243374705314636,4.4915406881175555
2026-09-22T03:42:02,neutral,0.5129162073135376,4.4724549161448826
2026-09-22T03:42:02,neutral,0.5187286138534546,4.616089990722266
2026-09-22T03:42:02,neutral,0.5513827204704285,4.437773571450488
2026-09-22T03:42:03,neutral,0.5642159581184387,4.524370393302605
2026-09-22T03:42:03,neutral,0.5238050818443298,4.4311582719524
2026-09-22T03:42:03,neutral,0.53217613697052,4.588155889730342
2026-09-22T03:42:03,neutral,0.5580474138259888,4.405661189925485
2026-09-22T03:42:04,neutral,0.5652101635932922,4.373617962859267
2026-09-22T03:42:04,neutral,0.59553062915802,4.473490039900127
2026-09-22T03:42:04,neutral,0.5702536106109619,4.459335698573307
2026-09-22T03:42:04,neutral,0.5968762636184692,4.48011279580861
2026-09-22T03:42:04,neutral,0.6162959337234497,4.316704146061576
2026-09-22T03:42:05,neutral,0.5992345809936523,4.306266940451746
2026-09-22T03:42:05,neutral,0.6010266542434692,4.460165547984245
2026-09-22T03:42:05,neutral,0.6655470728874207,4.430119247546923
2026-09-22T03:42:05,neutral,0.6423134207725525,4.480869016192563
2026-09-22T03:42:06,neutral,0.589961051940918,4.44060669070674
2026-09-22T03:42:06,neutral,0.582391619682312,4.389119456182098
2026-09-22T03:42:06,neutral,0.5466502904891968,4.4728412427071
2026-09-22T03:42:06,neutral,0.5718050599098206,4.44277037605103
2026-09-22T03:42:07,neutral,0.6000047326087952,128.8651837286469
2026-09-22T03:42:07,neutral,0.6283049583435059,3.9221976180501525
2026-09-22T03:42:07,neutral,0.6224684715270996,4.057069564897768
2026-09-22T03:42:07,neutral,0.6148638725280762,3.939108834177792
2026-09-22T03:42:08,neutral,0.5817208886146545,3.997998286151667
2026-09-22T03:42:08,neutral,0.5947054624557495,3.918397852044024
2026-09-22T03:42:08,neutral,0.6351208686828613,4.003092293508283
2026-09-22T03:42:08,neutral,0.6731529831886292,3.8743987681154737
2026-09-22T03:42:09,neutral,0.6822813153266907,3.7704252522873514
2026-09-22T03:42:09,neutral,0.6501938700675964,2.987500276006784
2026-09-22T03:42:09,neutral,0.6327027082443237,3.9470638664682927
2026-09-22T03:42:09,neutral,0.5877295732498169,4.029571103709261
2026-09-22T03:42:10,neutral,0.5745636820793152,3.8782857628961684
2026-09-22T03:42:10,neutral,0.5393280982971191,3.8454205314437067
2026-09-22T03:42:10,neutral,0.5514487028121948,3.8471170726606654
2026-09-22T03:42:10,neutral,0.5298903584480286,3.922945980628
2026-09-22T03:42:11,neutral,0.5142820477485657,3.8111534945762693
2026-09-22T03:42:11,neutral,0.46300679445266724,3.2620621053474808
2026-09-22T03:42:11,neutral,0.45652785897254944,3.9350436491741605
2026-09-22T03:42:11,neutral,0.46873849630355835,4.218183134725682
2026-09-22T03:42:12,neutral,0.42829403281211853,4.2527452248803055
2026-09-22T03:42:12,neutral,0.4373961389064789,4.246145186582992
2026-09-22T03:42:12,neutral,0.4182678163051605,4.415405426744217
2026-09-22T03:42:12,neutral,0.4144381582736969,4.424875407746874
2026-09-22T03:42:13,sad,0.43051332235336304,4.326995648558701
2026-09-22T03:42:13,sad,0.43496379256248474,4.460075435102311
2026-09-22T03:42:13,sad,0.4444260597229004,4.387829207182797
2026-09-22T03:42:13,sad,0.432354211807251,4.381627331684161
2026-09-22T03:42:14,sad,0.4289724826812744,4.351226637453109
2026-09-22T03:42:14,sad,0.4230336546897888,4.245947458943125
2026-09-22T03:42:14,neutral,0.4568139910697937,4.439751205653339
2026-09-22T03:42:14,neutral,0.4537837505340576,4.438496777190701
2026-09-22T03:42:14,neutral,0.48173007369041443,4.484682721536785
2026-09-22T03:42:15,neutral,0.48352813720703125,4.469352417100801
2026-09-22T03:42:15,neutral,0.5033814907073975,4.462049266219501
2026-09-22T03:42:15,neutral,0.5198966264724731,4.493041860245889
2026-09-22T03:42:15,neutral,0.5076213479042053,4.5347209683749385
2026-09-22T03:42:16,neutral,0.5396621823310852,4.361388805124313
2026-09-22T03:42:16,neutral,0.561547577381134,4.372701474767567
2026-09-22T03:42:16,neutral,0.5722442865371704,4.414843070756574
2026-09-22T03:42:16,neutral,0.5565822720527649,4.378695235042891
2026-09-22T03:42:16,neutral,0.5511257648468018,4.2823447252055
2026-09-22T03:42:17,neutral,0.5335709452629089,4.3522786584663535
2026-09-22T03:42:17,neutral,0.5364975333213806,4.528610560161696
2026-09-22T03:42:17,neutral,0.49701395630836487,4.559700129584374
2026-09-22T03:42:17,neutral,0.509003758430481,4.491141506746931
2026-09-22T03:42:18,neutral,0.525194525718689,4.428421351594761
2026-09-22T03:42:18,neutral,0.4958556294441223,4.360926270960873
2026-09-22T03:42:18,neutral,0.4816778600215912,4.4500671599510255
2026-09-22T03:42:18,neutral,0.4667268395423889,4.556297261096886
2026-09-22T03:42:19,neutral,0.48033571243286133,4.468604839465766
2026-09-22T03:42:19,neutral,0.5146182179450989,4.317246220624731
2026-09-22T03:42:19,neutral,0.5343166589736938,4.418661539677105
2026-09-22T03:42:19,neutral,0.5222370624542236,4.42920231560584
2026-09-22T03:42:19,neutral,0.5369965434074402,4.463345542617923
2026-09-22T03:42:20,neutral,0.5107192993164062,4.375086968630793
2026-09-22T03:42:20,neutral,0.4865036904811859,4.399339622443606
2026-09-22T03:42:20,neutral,0.47400203347206116,4.341197085791942
2026-09-22T03:42:20,neutral,0.44248461723327637,4.039957426519811
2026-09-22T03:42:21,neutral,0.4453516900539398,4.314896733919585
2026-09-22T03:42:21,neutral,0.45579996705055237,4.523033555802144
2026-09-22T03:42:21,neutral,0.42085736989974976,4.450973858525746
2026-09-22T03:42:21,neutral,0.4104887843132019,4.358900439495801
2026-09-22T03:42:21,neutral,0.41050776839256287,4.230043638703405
2026-09-22T03:42:22,neutral,0.40929824113845825,4.402803145771138
2026-09-22T03:42:22,neutral,0.4142124652862549,4.409945946855276
2026-09-22T03:42:22,neutral,0.4339842200279236,4.515252675421646
2026-09-22T03:42:22,neutral,0.4603632986545563,4.346158788054629
2026-09-22T03:42:23,neutral,0.49512332677841187,4.363076526185924
2026-09-22T03:42:23,neutral,0.5257440805435181,4.382309458060242
2026-09-22T03:42:23,neutral,0.5190612077713013,4.461251931845861
2026-09-22T03:42:23,neutral,0.5233415365219116,4.423480079435472
2026-09-22T03:42:24,neutral,0.5276581048965454,4.44060669070674
2026-09-22T03:42:24,neutral,0.569728434085846,4.364620209827905
2026-09-22T03:42:24,neutral,0.5924109220504761,4.447278545503898
2026-09-22T03:42:24,neutral,0.6036156415939331,3.3176380508825827
2026-09-22T03:42:25,neutral,0.6066522002220154,4.174487706855556
2026-09-22T03:42:25,neutral,0.6141229867935181,4.479356830630856
2026-09-22T03:42:25,neutral,0.6365710496902466,4.450695198287764
2026-09-22T03:42:25,neutral,0.6170684099197388,4.506200680071123
2026-09-22T03:42:30,neutral,0.58838951587677,16.705050183208538
2026-09-22T03:42:30,neutral,0.5632967352867126,147.77001127395715
2026-09-22T03:42:30,neutral,0.547234058380127,6.146500016852558
2026-09-22T03:42:30,neutral,0.488363116979599,6.069790293380877
2026-09-22T03:42:30,neutral,0.458329975605011,151.0426734848212
2026-09-22T03:42:31,neutral,0.4180871844291687,6.038132201613507
2026-09-22T03:42:31,neutral,0.3852923512458801,6.353186738948998
2026-09-22T03:42:31,neutral,0.3251022696495056,16.661452229906608
2026-09-22T03:42:31,sad,0.2993854880332947,3.440780050500493
2026-09-22T03:42:32,sad,0.3030468225479126,140.61633364623844
2026-09-22T03:42:32,sad,0.28940340876579285,153.1103161276192
2026-09-22T03:42:32,sad,0.27854424715042114,6.1910008206835885
2026-09-22T03:42:32,angry,0.27269020676612854,6.283112027227841
2026-09-22T03:42:32,sad,0.26715272665023804,5.822721126588499
2026-09-22T03:42:33,sad,0.25891244411468506,16.66462976133244
2026-09-22T03:42:33,neutral,0.2676342725753784,3.446273175821964
2026-09-22T03:42:33,neutral,0.27299782633781433,162.77812706174564
2026-09-22T03:42:33,neutral,0.3128353953361511,166.28227085315572
2026-09-22T03:42:34,neutral,0.3156914710998535,152.9762929462397
2026-09-22T03:42:34,neutral,0.3348182439804077,157.745834743691
2026-09-22T03:42:34,neutral,0.36362335085868835,160.73825400475204
2026-09-22T03:42:34,neutral,0.4097009599208832,6.156550585299622
2026-09-22T03:42:34,neutral,0.4041306972503662,6.340921528846532
2026-09-22T03:42:34,neutral,0.4046243131160736,136.8094461478244
2026-09-22T03:42:35,neutral,0.3947385847568512,4.92008549114003
2026-09-22T03:42:35,neutral,0.3881594240665436,4.664328369827519
2026-09-22T03:42:35,neutral,0.3836838901042938,4.489141859016485
2026-09-22T03:42:35,neutral,0.3742488622665405,4.330632304960146
2026-09-22T03:42:36,neutral,0.37695401906967163,4.305767400701972
2026-09-22T03:42:36,neutral,0.3939622640609741,4.306748907218569
2026-09-22T03:42:36,neutral,0.4079863429069519,120.76890296573568
2026-09-22T03:42:36,neutral,0.4143342077732086,121.4086317191073
2026-09-22T03:42:37,neutral,0.46266093850135803,4.359797555405643
2026-09-22T03:42:37,neutral,0.5046988725662231,4.216156338301416
2026-09-22T03:42:37,neutral,0.5353230237960815,4.47199713403504
2026-09-22T03:42:37,neutral,0.5700996518135071,4.467319781102285
2026-09-22T03:42:37,neutral,0.6147626638412476,3.9827597175996923
2026-09-22T03:42:38,neutral,0.6246179342269897,4.589672125945307
2026-09-22T03:42:38,neutral,0.6398559808731079,4.341057799986338
2026-09-22T03:42:38,neutral,0.646330714225769,4.410460677819956
2026-09-22T03:42:38,neutral,0.6575566530227661,4.383005537401758
2026-09-22T03:42:39,neutral,0.6606110334396362,4.392792321025539
2026-09-22T03:42:39,neutral,0.6611587405204773,4.37889637676242
2026-09-22T03:42:39,neutral,0.6578159928321838,122.08004191285619
2026-09-22T03:42:39,neutral,0.682640016078949,111.7527443248428
2026-09-22T03:42:40,neutral,0.6810442805290222,125.60052704078576
2026-09-22T03:42:40,neutral,0.697035551071167,4.57997449202439
2026-09-22T03:42:40,neutral,0.7234437465667725,4.478534171173528
2026-09-22T03:42:40,neutral,0.728947639465332,4.57393113646426
2026-09-22T03:42:40,neutral,0.726334273815155,4.459345180822165
2026-09-22T03:42:41,neutral,0.6972419023513794,4.334947021154331
2026-09-22T03:42:41,neutral,0.6629775166511536,4.410892031418755
2026-09-22T03:42:41,neutral,0.6372658610343933,4.428533568997866
2026-09-22T03:42:41,neutral,0.6119483709335327,4.367410690113332
2026-09-22T03:42:42,neutral,0.5780865550041199,16.686176222529877
2026-09-22T03:42:42,neutral,0.541967511177063,146.5310229178312
2026-09-22T03:42:42,neutral,0.5047329664230347,5.221426464015974
2026-09-22T03:42:42,neutral,0.4516068398952484,4.6808085136775945
2026-09-22T03:42:43,neutral,0.4383140206336975,117.07757152826238
2026-09-22T03:42:43,neutral,0.42652836441993713,4.455262064929092
2026-09-22T03:42:43,neutral,0.42209434509277344,114.25196807496391
2026-09-22T03:42:43,neutral,0.4334981441497803,4.259110627305074
2026-09-22T03:42:44,neutral,0.43002399802207947,120.47058823529412
2026-09-22T03:42:44,neutral,0.42675289511680603,122.31144290213462
2026-09-22T03:42:44,neutral,0.40238848328590393,125.52159209935658
2026-09-22T03:42:45,neutral,0.4048442244529724,16.64406349206349
2026-09-22T03:42:45,neutral,0.386035293340683,145.24722097170758
2026-09-22T03:42:45,neutral,0.410555362701416,5.385840401147972
2026-09-22T03:42:45,neutral,0.42363327741622925,4.838011045645183
2026-09-22T03:42:46,neutral,0.4210140109062195,124.95692069355896
2026-09-22T03:42:46,neutral,0.4328794479370117,124.3272468579559
2026-09-22T03:42:46,neutral,0.4634711742401123,4.535044574072973
2026-09-22T03:42:46,neutral,0.4626860022544861,4.189540492460073
2026-09-22T03:42:46,neutral,0.4579516053199768,3.9681924273000178
2026-09-22T03:42:47,neutral,0.4809487760066986,3.95490192195811
2026-09-22T03:42:47,neutral,0.4877910017967224,4.247082494154863
2026-09-22T03:42:47,neutral,0.4854467809200287,4.406036063007842
2026-09-22T03:42:47,neutral,0.4876176714897156,4.526015689913781
2026-09-22T03:42:48,neutral,0.5034936666488647,4.372560160044536
2026-09-22T03:42:48,neutral,0.5216002464294434,4.38644337934547
2026-09-22T03:42:48,neutral,0.5301657915115356,4.502514634258926
2026-09-22T03:42:48,neutral,0.5137265920639038,4.492218978196003
2026-09-22T03:42:49,neutral,0.5533737540245056,4.33479021611404
2026-09-22T03:42:49,neutral,0.579980731010437,4.43201044838889
2026-09-22T03:42:49,neutral,0.6178205013275146,4.483465080357668
2026-09-22T03:42:49,neutral,0.6429247260093689,4.432773939630291
2026-09-22T03:42:49,neutral,0.70244300365448,4.51230897501412
2026-09-22T03:42:50,neutral,0.7241106033325195,4.397411649255829
2026-09-22T03:42:50,neutral,0.7179186940193176,4.410947696093639
2026-09-22T03:42:50,neutral,0.746630847454071,4.393068378798749
2026-09-22T03:42:50,neutral,0.764080822467804,4.451408449209438
2026-09-22T03:42:51,neutral,0.7812417149543762,4.456729609602207
2026-09-22T03:42:51,neutral,0.7834590673446655,4.406313787905051
2026-09-22T03:42:51,neutral,0.8098753094673157,4.463065331178221
2026-09-22T03:42:51,neutral,0.8072651624679565,4.4593214752756305
2026-09-22T03:42:51,neutral,0.7917746901512146,4.436323174459462
2026-09-22T03:42:52,neutral,0.7509675621986389,4.313933695304489
2026-09-22T03:42:52,neutral,0.7171804308891296,4.454542847705822
2026-09-22T03:42:52,neutral,0.7348414659500122,4.532236627413182
2026-09-22T03:42:52,neutral,0.7184007167816162,4.499645439906623
2026-09-22T03:42:53,neutral,0.7178786993026733,4.253698390628344
2026-09-22T03:42:53,neutral,0.7098451256752014,4.541226453704285
2026-09-22T03:42:53,neutral,0.6684306263923645,4.497237948190084
2026-09-22T03:42:54,neutral,0.6014916896820068,16.631721698580815
2026-09-22T03:42:54,neutral,0.548132598400116,16.75041533546326
2026-09-22T03:42:55,neutral,0.5332246422767639,137.6716339526029
2026-09-22T03:42:55,neutral,0.5407723784446716,5.891141174884265
2026-09-22T03:42:55,neutral,0.5603563785552979,6.127705330454271
2026-09-22T03:42:55,neutral,0.5089849233627319,6.066041883605229
2026-09-22T03:42:55,neutral,0.4943239092826843,5.775504218401235
2026-09-22T03:42:56,neutral,0.4620009958744049,4.93626977336467
2026-09-22T03:42:56,neutral,0.4306522309780121,124.51178531140533
2026-09-22T03:42:56,neutral,0.4471627175807953,4.575527827534521
2026-09-22T03:42:56,neutral,0.4952802062034607,4.510188588350922
2026-09-22T03:42:56,neutral,0.5341525077819824,4.499061422647282
2026-09-22T03:42:57,neutral,0.5504142642021179,120.10148039973656
2026-09-22T03:42:57,neutral,0.552916407585144,4.3239489617192275
2026-09-22T03:42:57,neutral,0.5465761423110962,4.309979540898166
2026-09-22T03:42:57,neutral,0.5479048490524292,4.406086976618127
2026-09-22T03:42:58,neutral,0.5333225131034851,4.298830052732183
2026-09-22T03:42:58,neutral,0.5324484705924988,4.346883974384884
2026-09-22T03:42:58,neutral,0.5364194512367249,4.389032191228223
2026-09-22T03:42:58,neutral,0.5311364531517029,4.5092091287127865
2026-09-22T03:42:59,neutral,0.5108832120895386,4.293720811673488
2026-09-22T03:42:59,neutral,0.4787074029445648,4.461902117601002
2026-09-22T03:42:59,neutral,0.4867338240146637,4.4246746876104375
2026-09-22T03:42:59,neutral,0.4672624170780182,4.551372854558693
2026-09-22T03:42:59,neutral,0.4821707606315613,4.466539587881369
2026-09-22T03:43:00,neutral,0.5112287402153015,4.309457000510645
2026-09-22T03:43:00,neutral,0.5239083170890808,4.466159104703289
2026-09-22T03:43:00,neutral,0.5578222274780273,4.43915913983502
2026-09-22T03:43:00,neutral,0.5861179232597351,123.13010803193988
2026-09-22T03:43:01,neutral,0.6009728312492371,4.331262862990626
2026-09-22T03:43:01,neutral,0.6429027318954468,3.9651275574353515
2026-09-22T03:43:01,neutral,0.6910096406936646,4.179787597673281
2026-09-22T03:43:01,neutral,0.7018753290176392,4.416428259301573
2026-09-22T03:43:01,neutral,0.7607465982437134,4.38727385315727
2026-09-22T03:43:02,neutral,0.7625298500061035,4.482228940447528
2026-09-22T03:43:02,neutral,0.7686325311660767,4.284593233203293
2026-09-22T03:43:02,neutral,0.7973421812057495,4.324136189077038
2026-09-22T03:43:02,neutral,0.7646486759185791,4.485661148583975
2026-09-22T03:43:03,neutral,0.7387086749076843,4.429997591878292
2026-09-22T03:43:03,neutral,0.7243224382400513,4.405244739086414
2026-09-22T03:43:03,neutral,0.690325915813446,4.4006274164187955
2026-09-22T03:43:03,neutral,0.6482155323028564,4.438618900119264
2026-09-22T03:43:04,neutral,0.602615237236023,4.246231160866233
2026-09-22T03:43:04,neutral,0.5522414445877075,4.294450587705287
2026-09-22T03:43:04,neutral,0.5211920738220215,3.3557116569325545
2026-09-22T03:43:04,neutral,0.5130054354667664,3.9940465024153946
2026-09-22T03:43:05,neutral,0.47541046142578125,4.2131917385639825
2026-09-22T03:43:05,neutral,0.504899263381958,4.366610448289504
2026-09-22T03:43:05,neutral,0.5179997682571411,4.292885830204823
2026-09-22T03:43:05,neutral,0.5270968675613403,4.428360569542605
2026-09-22T03:43:05,neutral,0.5327908396720886,4.344682138166209
2026-09-22T03:43:06,neutral,0.5371670126914978,4.3122438698401275
2026-09-22T03:43:06,neutral,0.5554356575012207,4.075578327734759
2026-09-22T03:43:06,neutral,0.5622724890708923,4.28661628162479
2026-09-22T03:43:06,neutral,0.553674578666687,4.474105617081013
2026-09-22T03:43:07,neutral,0.5258354544639587,4.252740912883938
2026-09-22T03:43:07,neutral,0.5462369918823242,3.8041848442247517
2026-09-22T03:43:07,neutral,0.5092499852180481,4.6894593201559465
2026-09-22T03:43:07,neutral,0.4930539131164551,4.444540520378341
2026-09-22T03:43:08,neutral,0.4902384877204895,4.393749469677051
2026-09-22T03:43:08,neutral,0.48990368843078613,4.375045896057946
2026-09-22T03:43:08,neutral,0.48470085859298706,4.420668764768749
2026-09-22T03:43:08,neutral,0.4565143585205078,4.4702574634779575
2026-09-22T03:43:08,neutral,0.43923941254615784,4.446561903338284
2026-09-22T03:43:09,neutral,0.46559619903564453,4.367506193099757
2026-09-22T03:43:09,neutral,0.46519917249679565,4.465474398311888
2026-09-22T03:43:09,neutral,0.43225225806236267,4.542987366341438
2026-09-22T03:43:09,neutral,0.426247775554657,4.4208504830014075
2026-09-22T03:43:10,neutral,0.42834609746932983,4.353159496340456
2026-09-22T03:43:10,sad,0.4337783753871918,4.454997063143997
2026-09-22T03:43:10,sad,0.437957763671875,4.484725878435742
2026-09-22T03:43:10,neutral,0.42282477021217346,4.5681574364408855
2026-09-22T03:43:11,neutral,0.44785723090171814,4.330793281045428
2026-09-22T03:43:11,neutral,0.5050709843635559,4.441241466795285
2026-09-22T03:43:11,neutral,0.49221286177635193,4.378526107444626
2026-09-22T03:43:11,neutral,0.4951781630516052,4.5120322897818586
2026-09-22T03:43:11,neutral,0.4998295307159424,4.444290919956641
2026-09-22T03:43:12,neutral,0.510858952999115,4.386255304641732
2026-09-22T03:43:12,neutral,0.520063042640686,4.4263043143313645
2026-09-22T03:43:12,neutral,0.5330371856689453,4.442718611142006
2026-09-22T03:43:12,neutral,0.5338977575302124,4.486577611953071
2026-09-22T03:43:13,neutral,0.5149990320205688,4.427131260099914
2026-09-22T03:43:13,neutral,0.5175032615661621,4.429015233272017
2026-09-22T03:43:13,neutral,0.5067691802978516,4.433350245222392
2026-09-22T03:43:13,neutral,0.5327417850494385,4.256664129497133
2026-09-22T03:43:13,neutral,0.5602877736091614,4.362436671766555
2026-09-22T03:43:14,neutral,0.5987090468406677,4.523267689234993
2026-09-22T03:43:14,neutral,0.5869694948196411,4.389395052503573
2026-09-22T03:43:14,neutral,0.6011396646499634,4.544232633979599
2026-09-22T03:43:14,neutral,0.5874556303024292,4.292226863667715
2026-09-22T03:43:15,neutral,0.6070972084999084,4.315975670116247
2026-09-22T03:43:15,neutral,0.5938063263893127,4.479021990895237
2026-09-22T03:43:15,neutral,0.6016082167625427,4.508230094392959
2026-09-22T03:43:15,neutral,0.6123688817024231,4.600096952574398
2026-09-22T03:43:15,neutral,0.6111835241317749,4.213200202910052
2026-09-22T03:43:16,neutral,0.6366594433784485,4.463445287383966
2026-09-22T03:43:16,neutral,0.5875119566917419,4.535319184826272
2026-09-22T03:43:16,neutral,0.5857740640640259,4.522896989159421
2026-09-22T03:43:16,neutral,0.5602110028266907,4.466872563845875
2026-09-22T03:43:17,neutral,0.5955838561058044,4.380172228337264
2026-09-22T03:43:17,neutral,0.6237032413482666,4.414824482921952
2026-09-22T03:43:17,neutral,0.6295271515846252,4.54936363419433
2026-09-22T03:43:21,neutral,0.5795008540153503,16.643270955351333
2026-09-22T03:43:22,neutral,0.5018075704574585,16.662378884726465
2026-09-22T03:43:23,neutral,0.4943319857120514,16.670193358637547
2026-09-22T03:43:24,neutral,0.44740432500839233,5.5677143759806516
2026-09-22T03:43:24,neutral,0.45330601930618286,16.679938598095905
2026-09-22T03:43:24,neutral,0.45758718252182007,152.42037938803693
2026-09-22T03:43:24,neutral,0.44616585969924927,5.951959221959066
2026-09-22T03:43:25,neutral,0.44620609283447266,6.123929777019845
2026-09-22T03:43:25,neutral,0.41684427857398987,6.075047616288754
2026-09-22T03:43:25,neutral,0.4479028582572937,5.9116585411918585
2026-09-22T03:43:25,neutral,0.49004286527633667,6.100725954132964
2026-09-22T03:43:25,neutral,0.5301359295845032,6.103033980405938
2026-09-22T03:43:25,neutral,0.5283327698707581,6.099563725205049
2026-09-22T03:43:26,neutral,0.5462313890457153,6.370333469013323
2026-09-22T03:43:26,neutral,0.5836862325668335,6.106961635510412
2026-09-22T03:43:26,neutral,0.6340578198432922,5.897477935273051
2026-09-22T03:43:26,neutral,0.688839316368103,6.192161592778993
2026-09-22T03:43:26,neutral,0.7059599161148071,6.264549758786014
2026-09-22T03:43:26,neutral,0.7274023294448853,6.006492957847328
2026-09-22T03:43:27,neutral,0.7099815011024475,6.258679296524103
2026-09-22T03:43:27,neutral,0.7381775975227356,6.281587625839806
2026-09-22T03:43:27,neutral,0.7453011274337769,6.1774511392255915
2026-09-22T03:43:27,neutral,0.6991016268730164,6.183015188123103
2026-09-22T03:43:27,neutral,0.657701313495636,6.316884619033921
2026-09-22T03:43:27,neutral,0.6152545213699341,6.214759651145217
2026-09-22T03:43:28,neutral,0.5685935616493225,6.033528682357883
2026-09-22T03:43:28,neutral,0.5339493155479431,5.339070020252372
2026-09-22T03:43:28,neutral,0.5038990378379822,4.778586556898541
2026-09-22T03:43:28,neutral,0.44741183519363403,4.546321096154117
2026-09-22T03:43:28,neutral,0.4201529920101166,4.338565646305297
2026-09-22T03:43:29,neutral,0.4067794382572174,4.4206035362265075
2026-09-22T03:43:29,neutral,0.4257240891456604,4.475576052601814
2026-09-22T03:43:29,neutral,0.4921262860298157,4.394177560517709
2026-09-22T03:43:29,neutral,0.5562494993209839,4.3387900473673815
2026-09-22T03:43:30,neutral,0.6121633648872375,4.390323147907787
2026-09-22T03:43:30,neutral,0.6646285057067871,4.3860718326679065
2026-09-22T03:43:30,neutral,0.6665979623794556,4.321249341917511
2026-09-22T03:43:30,neutral,0.6698317527770996,4.427855675457692
2026-09-22T03:43:31,neutral,0.6895147562026978,4.295035466802929
2026-09-22T03:43:31,neutral,0.6904016733169556,4.491862970626159
2026-09-22T03:43:31,neutral,0.6910938620567322,4.375045896057946
2026-09-22T03:43:31,neutral,0.6662577986717224,4.400355024371206
2026-09-22T03:43:31,neutral,0.6022747755050659,4.265434383783981
2026-09-22T03:43:32,neutral,0.546692967414856,4.276694519926382
2026-09-22T03:43:32,neutral,0.49452733993530273,4.336910283957077
2026-09-22T03:43:32,neutral,0.44022029638290405,4.421694037576404
2026-09-22T03:43:32,neutral,0.4251853823661804,4.447198383262612
2026-09-22T03:43:33,neutral,0.4039899706840515,4.441589495142033
2026-09-22T03:43:33,neutral,0.43894830346107483,4.467757569818299
2026-09-22T03:43:33,neutral,0.4855049252510071,4.462167941530049
2026-09-22T03:43:33,neutral,0.4938644766807556,4.383468186103093
2026-09-22T03:43:34,neutral,0.5164743661880493,4.2767424882025935
2026-09-22T03:43:34,neutral,0.5561268329620361,4.475733656592905
2026-09-22T03:43:34,neutral,0.6080114841461182,4.3834452804041595
2026-09-22T03:43:34,neutral,0.6408294439315796,4.50818163839136
2026-09-22T03:43:34,neutral,0.6787716746330261,4.45708006966738
2026-09-22T03:43:35,neutral,0.7193581461906433,4.395195186384056
2026-09-22T03:43:35,neutral,0.7548320889472961,4.462172688673776
2026-09-22T03:43:35,neutral,0.7595610618591309,4.402743064922632
2026-09-22T03:43:35,neutral,0.7108348608016968,4.388063324140759
2026-09-22T03:43:36,neutral,0.65327388048172,4.3135477129775515
2026-09-22T03:43:36,neutral,0.6236345171928406,4.402752308023366
2026-09-22T03:43:36,neutral,0.6037493944168091,4.437637409724853
2026-09-22T03:43:36,neutral,0.5893951058387756,4.48208045787855
2026-09-22T03:43:36,neutral,0.5967003703117371,4.358379556795109
2026-09-22T03:43:37,neutral,0.6088609099388123,4.449080600592955
2026-09-22T03:43:37,neutral,0.6036881804466248,4.4530956539280275
2026-09-22T03:43:37,neutral,0.607460081577301,4.442742140496568
2026-09-22T03:43:37,neutral,0.5851157903671265,4.518954746928864
2026-09-22T03:43:38,neutral,0.6453580856323242,4.3995518950058115
2026-09-22T03:43:38,neutral,0.6985310316085815,4.434264207593946
2026-09-22T03:43:38,neutral,0.6688150763511658,16.660062440915482
2026-09-22T03:43:38,neutral,0.6488051414489746,156.74953284998878
2026-09-22T03:43:39,neutral,0.6188048124313354,16.670524642289347
2026-09-22T03:43:39,neutral,0.5563688278198242,158.74887400174103
2026-09-22T03:43:40,neutral,0.49443086981773376,159.1947470300224
2026-09-22T03:43:40,neutral,0.42916426062583923,142.6585490289446
2026-09-22T03:43:40,neutral,0.3705369830131531,5.032780295585417
2026-09-22T03:43:41,neutral,0.34629687666893005,16.666020312475165
2026-09-22T03:43:42,neutral,0.2641519606113434,16.647168321075757
2026-09-22T03:43:42,fear,0.2654482424259186,4.9232676201822905
2026-09-22T03:43:42,fear,0.2698914408683777,166.6655010728761
2026-09-22T03:43:42,fear,0.2709527909755707,161.18299900084543
2026-09-22T03:43:42,fear,0.2999644875526428,153.42956432673665
2026-09-22T03:43:43,fear,0.29101628065109253,16.62473394029957
2026-09-22T03:43:43,fear,0.290153443813324,166.51993012545657
2026-09-22T03:43:43,fear,0.31536751985549927,5.601225396257306
2026-09-22T03:43:44,fear,0.3544710576534271,156.60906579045627
2026-09-22T03:43:44,fear,0.38646507263183594,137.6174289651552
2026-09-22T03:43:44,fear,0.3842790722846985,131.53236327145007
2026-09-22T03:43:44,fear,0.39469045400619507,4.726652715374482
2026-09-22T03:43:44,fear,0.39788079261779785,113.88590512911021
2026-09-22T03:43:45,fear,0.3926505446434021,16.658275910002583
2026-09-22T03:43:45,fear,0.36932429671287537,159.01971489232636
2026-09-22T03:43:45,fear,0.3523246645927429,5.7913897637632195
2026-09-22T03:43:46,fear,0.3384418189525604,5.408634360779025
2026-09-22T03:43:46,fear,0.2983446717262268,4.869527258204396
2026-09-22T03:43:46,neutral,0.3694635331630707,4.466796450677106
2026-09-22T03:43:46,neutral,0.43620261549949646,4.078935391389927
2026-09-22T03:43:47,neutral,0.48887428641319275,4.358062558705934
2026-09-22T03:43:47,neutral,0.5623992681503296,4.417465523306392
2026-09-22T03:43:47,neutral,0.6369736194610596,4.3109762615423834
2026-09-22T03:43:47,neutral,0.6866111159324646,4.475848284649294
2026-09-22T03:43:48,neutral,0.7309341430664062,4.219698143427145
2026-09-22T03:43:48,neutral,0.7288172841072083,4.352251561415324
2026-09-22T03:43:48,neutral,0.725998044013977,4.410595176878967
2026-09-22T03:43:48,neutral,0.7300651669502258,4.497802198980615
2026-09-22T03:43:48,neutral,0.7285053730010986,4.2636176318408365
2026-09-22T03:43:49,neutral,0.7283247113227844,4.5608653054655734
2026-09-22T03:43:49,neutral,0.7202554941177368,4.442968034981865
2026-09-22T03:43:49,neutral,0.7074441313743591,4.458212337532578
2026-09-22T03:43:49,neutral,0.6608177423477173,4.471849328578206
2026-09-22T03:43:50,neutral,0.6262224912643433,4.230871421697733
2026-09-22T03:43:50,neutral,0.5978031158447266,4.456298713993081
2026-09-22T03:43:50,neutral,0.584567666053772,4.51327035585967
2026-09-22T03:43:50,neutral,0.6377291083335876,4.440700720158727
2026-09-22T03:43:50,neutral,0.6410741806030273,4.338597061056621
2026-09-22T03:43:51,neutral,0.6402314901351929,4.465702610447326
2026-09-22T03:43:51,neutral,0.6503925919532776,4.432722407404667
2026-09-22T03:43:51,neutral,0.6695908308029175,4.540857720360168
2026-09-22T03:43:51,neutral,0.6342836618423462,4.32870152494654
2026-09-22T03:43:52,neutral,0.6182900667190552,4.358243694824519
2026-09-22T03:43:52,neutral,0.6323190927505493,4.406989731428469
2026-09-22T03:43:52,neutral,0.6079345941543579,4.325946889803614
2026-09-22T03:43:52,neutral,0.5947203040122986,4.453199669166323
2026-09-22T03:43:53,neutral,0.5542727708816528,4.3232447754271135
2026-09-22T03:43:53,neutral,0.5349091291427612,4.457392688662954
2026-09-22T03:43:53,neutral,0.5019764304161072,4.418317095035389
2026-09-22T03:43:53,neutral,0.4598086476325989,4.389854456624809
2026-09-22T03:43:53,neutral,0.44733160734176636,4.372017778667267
2026-09-22T03:43:54,neutral,0.49584537744522095,4.409834669470364
2026-09-22T03:43:54,neutral,0.5703686475753784,4.4924932387200425
2026-09-22T03:43:54,neutral,0.5935401916503906,4.340518713378881
2026-09-22T03:43:54,neutral,0.6481901407241821,4.481721266544784
2026-09-22T03:43:55,neutral,0.6475140452384949,4.192832315857134
2026-09-22T03:43:55,neutral,0.6306873559951782,4.321850450495009
2026-09-22T03:43:55,neutral,0.6188918352127075,4.5054116878708586
2026-09-22T03:43:55,neutral,0.5996994376182556,3.8412015477253476
2026-09-22T03:43:56,neutral,0.5931945443153381,3.621708296599347
2026-09-22T03:43:56,neutral,0.5905849933624268,4.378539820006409
2026-09-22T03:43:56,neutral,0.5308954119682312,4.450936072041785
2026-09-22T03:43:56,neutral,0.5019908547401428,4.305307749710793
2026-09-22T03:43:56,neutral,0.4832969307899475,4.34525827238257
2026-09-22T03:43:57,neutral,0.4416062831878662,4.4119220553817025
2026-09-22T03:43:57,neutral,0.4685923457145691,4.343831719272518
2026-09-22T03:43:57,neutral,0.4769665598869324,3.7146333903093534
2026-09-22T03:43:57,neutral,0.4769698977470398,4.405508482142388
2026-09-22T03:43:58,neutral,0.5093823671340942,4.396130344097517
2026-09-22T03:43:58,neutral,0.5518335103988647,4.359493944546766
2026-09-22T03:43:58,neutral,0.5740005970001221,4.4913963975058175
2026-09-22T03:43:58,neutral,0.6249210834503174,4.549452456569654
2026-09-22T03:43:59,neutral,0.6295489072799683,4.356871963576946
2026-09-22T03:43:59,neutral,0.653424859046936,4.432492869318572
2026-09-22T03:43:59,neutral,0.6803802251815796,4.507459767335644
2026-09-22T03:43:59,neutral,0.6728457808494568,4.477893471439751
2026-09-22T03:43:59,neutral,0.6703749895095825,4.335663988687156
2026-09-22T03:44:00,neutral,0.7208355665206909,4.359697857624709
2026-09-22T03:44:00,neutral,0.6911689639091492,4.331616234638026
2026-09-22T03:44:00,neutral,0.6626816987991333,4.38062512859451
2026-09-22T03:44:00,neutral,0.605897843837738,4.2970507812299905
2026-09-22T03:44:01,neutral,0.5867315530776978,4.291717401581088
2026-09-22T03:44:01,neutral,0.5669930577278137,4.376799011587138
2026-09-22T03:44:01,neutral,0.5301231145858765,4.3970935577918
2026-09-22T03:44:01,neutral,0.5099864602088928,4.447594507184137
2026-09-22T03:44:02,neutral,0.5442182421684265,4.324430436257422
2026-09-22T03:44:02,neutral,0.5885862708091736,4.359244743354297
2026-09-22T03:44:02,neutral,0.5721946954727173,4.469233359332711
2026-09-22T03:44:02,neutral,0.6357510685920715,4.411996309928166
2026-09-22T03:44:02,neutral,0.6672240495681763,4.383656021864434
2026-09-22T03:44:03,neutral,0.7156859636306763,4.495213598268064
2026-09-22T03:44:03,neutral,0.6811451315879822,4.354990068559645
2026-09-22T03:44:03,neutral,0.6811217069625854,4.572978642444938
2026-09-22T03:44:03,neutral,0.7208306193351746,4.387457425709432
2026-09-22T03:44:04,neutral,0.7512704133987427,4.350057820254202
2026-09-22T03:44:04,neutral,0.7033334374427795,4.504066681986972
2026-09-22T03:44:04,neutral,0.6804065704345703,4.382359824801899
2026-09-22T03:44:04,neutral,0.6567862033843994,4.520079704545724
2026-09-22T03:44:04,neutral,0.6555918455123901,4.449208026239302
2026-09-22T03:44:05,neutral,0.6652064323425293,4.3377131339205475
2026-09-22T03:44:05,neutral,0.6745880842208862,4.476020237743327
2026-09-22T03:44:05,neutral,0.6791577339172363,4.489732915577944
2026-09-22T03:44:05,neutral,0.6652101874351501,4.515558924095877
2026-09-22T03:44:06,neutral,0.5993431210517883,4.429281830383685
2026-09-22T03:44:06,neutral,0.5962158441543579,4.411402343532253
2026-09-22T03:44:06,neutral,0.6474640369415283,4.481376497022782
2026-09-22T03:44:06,neutral,0.6303173303604126,4.513168371804749
2026-09-22T03:44:06,neutral,0.628156840801239,4.232613383736196
2026-09-22T03:44:07,neutral,0.5947300791740417,4.4811227422398
2026-09-22T03:44:07,neutral,0.5672443509101868,4.3645202913631636
2026-09-22T03:44:07,neutral,0.5047373175621033,4.334440805688722
2026-09-22T03:44:07,neutral,0.49879342317581177,120.04648100975987
2026-09-22T03:44:08,neutral,0.5183984041213989,4.531844869575741
2026-09-22T03:44:08,neutral,0.5586436986923218,4.519417324039424
2026-09-22T03:44:08,neutral,0.5328173041343689,4.500490361236354
2026-09-22T03:44:08,neutral,0.5274902582168579,4.412014873955325
2026-09-22T03:44:09,neutral,0.5491407513618469,4.363394254136289
2026-09-22T03:44:09,neutral,0.5397742986679077,4.422183539999726
2026-09-22T03:44:09,neutral,0.5427882075309753,4.441603605549802
2026-09-22T03:44:09,neutral,0.5356858968734741,4.360042287473739
2026-09-22T03:44:09,neutral,0.538314700126648,4.435802389491062
2026-09-22T03:44:10,neutral,0.5559889078140259,4.485814666074876
2026-09-22T03:44:10,neutral,0.5546196103096008,4.481295100848542
2026-09-22T03:44:10,neutral,0.5472074747085571,4.26479682674934
2026-09-22T03:44:10,neutral,0.551002562046051,4.382721583600572
2026-09-22T03:44:11,neutral,0.5448760390281677,4.448665338032695
2026-09-22T03:44:11,neutral,0.5598883032798767,4.024737772890356
2026-09-22T03:44:11,neutral,0.6019734144210815,4.429833835182836
2026-09-22T03:44:11,neutral,0.6320181488990784,4.170382684919303
2026-09-22T03:44:12,neutral,0.6342709064483643,3.6634771512197166
2026-09-22T03:44:12,neutral,0.6503249406814575,3.930905795369665
2026-09-22T03:44:12,neutral,0.6913726925849915,4.231972789802028
2026-09-22T03:44:12,neutral,0.7313485145568848,4.422202189854133
2026-09-22T03:44:12,neutral,0.7718986868858337,4.269467983855781
2026-09-22T03:44:13,neutral,0.8003056645393372,4.5060457640975615
2026-09-22T03:44:13,neutral,0.8129611015319824,4.402747686468148
2026-09-22T03:44:13,neutral,0.816246509552002,4.389992296613859
2026-09-22T03:44:13,neutral,0.8096200823783875,4.306611823123412
2026-09-22T03:44:14,neutral,0.7966365814208984,4.336551564415973
2026-09-22T03:44:14,neutral,0.7783495187759399,4.398154041677721
2026-09-22T03:44:14,neutral,0.7453927397727966,4.480021875106812
2026-09-22T03:44:14,neutral,0.6840639710426331,4.355057897097669
2026-09-22T03:44:15,neutral,0.6066634654998779,4.215262284076428
2026-09-22T03:44:15,neutral,0.5343195199966431,4.404610959482406
2026-09-22T03:44:15,neutral,0.48931941390037537,16.65186079195814
2026-09-22T03:44:16,neutral,0.44243258237838745,16.6267110119201
2026-09-22T03:44:16,neutral,0.3918755054473877,3.4723100447128927
2026-09-22T03:44:17,neutral,0.33842089772224426,17.25064263651656
2026-09-22T03:44:17,neutral,0.29094675183296204,159.49743316728143
2026-09-22T03:44:17,neutral,0.2861490249633789,5.881179067100034
2026-09-22T03:44:17,neutral,0.3000403940677643,132.88252439488025
2026-09-22T03:44:18,neutral,0.3055393695831299,123.43085842088226
2026-09-22T03:44:18,neutral,0.3164951801300049,110.75239629267777
2026-09-22T03:44:18,neutral,0.31402918696403503,4.47222124481664
2026-09-22T03:44:18,neutral,0.31237563490867615,121.39808972503619
2026-09-22T03:44:19,happy,0.2970115840435028,16.65470399739516
2026-09-22T03:44:21,neutral,0.2829930782318115,16.66959708124349
2026-09-22T03:44:27,neutral,0.2885258197784424,16.66231269167819
2026-09-22T03:44:28,neutral,0.29915839433670044,16.886913389377394
2026-09-22T03:44:29,neutral,0.2965049147605896,15.850889989040475
2026-09-22T03:44:29,neutral,0.34024715423583984,4.140898827817636
2026-09-22T03:44:29,neutral,0.36140182614326477,6.03093469836728
2026-09-22T03:44:29,neutral,0.38191789388656616,6.127982865099182
2026-09-22T03:44:29,neutral,0.4311734139919281,5.982811717701363
2026-09-22T03:44:30,neutral,0.4565091133117676,5.766745585885834
2026-09-22T03:44:30,neutral,0.49504169821739197,5.126082216692658
2026-09-22T03:44:30,neutral,0.5181838274002075,5.786380228955188
2026-09-22T03:44:30,neutral,0.5612972974777222,5.9118085242833125
2026-09-22T03:44:30,neutral,0.6112516522407532,6.09747105582983
2026-09-22T03:44:30,neutral,0.6580150723457336,5.771729108928331
2026-09-22T03:44:31,neutral,0.6523953676223755,6.123116227125745
2026-09-22T03:44:31,neutral,0.6515332460403442,167.7654493820247
2026-09-22T03:44:31,neutral,0.6669915914535522,5.9254638027588
2026-09-22T03:44:31,neutral,0.6518427133560181,5.995194472356781
2026-09-22T03:44:31,neutral,0.6703723669052124,6.082844836337795
2026-09-22T03:44:31,neutral,0.6656021475791931,6.030986729627483
2026-09-22T03:44:35,neutral,0.6433024406433105,16.639903516184447
2026-09-22T03:44:39,neutral,0.619378387928009,16.68810153778821
2026-09-22T03:44:39,neutral,0.5535112619400024,4.905756418893629
2026-09-22T03:44:40,neutral,0.510820746421814,5.9889282822845376
2026-09-22T03:44:40,neutral,0.47370433807373047,6.037680224791561
2026-09-22T03:44:40,neutral,0.4321809709072113,6.164676348553816
2026-09-22T03:44:40,neutral,0.40678590536117554,6.119480246628986
2026-09-22T03:44:40,neutral,0.40105313062667847,4.554466669779493
2026-09-22T03:44:40,neutral,0.39809179306030273,5.944232570729682
2026-09-22T03:44:41,neutral,0.43406933546066284,6.040601884922921
2026-09-22T03:44:41,neutral,0.4949980676174164,5.914301023717533
2026-09-22T03:44:41,neutral,0.5379235744476318,5.933183670640226
2026-09-22T03:44:41,neutral,0.6080754995346069,6.066585861858491
2026-09-22T03:44:41,neutral,0.6214553117752075,5.805771299089056
2026-09-22T03:44:41,neutral,0.6600024700164795,5.961493306953434
2026-09-22T03:44:42,neutral,0.7319837808609009,6.161515793432306
2026-09-22T03:44:42,neutral,0.7426820993423462,5.934232977456077
2026-09-22T03:44:42,neutral,0.767966091632843,6.087170556136074
2026-09-22T03:44:42,neutral,0.7808505296707153,5.928789011756358
2026-09-22T03:44:42,neutral,0.772257924079895,6.154608284787744
2026-09-22T03:44:42,neutral,0.7584364414215088,5.581599356978224
2026-09-22T03:44:43,neutral,0.7057586908340454,5.954730856871082
2026-09-22T03:44:43,neutral,0.6743747591972351,5.8662332812580855
2026-09-22T03:44:43,neutral,0.6535767316818237,5.771800591449712
2026-09-22T03:44:43,neutral,0.6483656764030457,5.695663923150775
2026-09-22T03:44:43,neutral,0.6255124807357788,5.997157490470158
2026-09-22T03:44:43,neutral,0.6416590809822083,6.081971610822631
2026-09-22T03:44:44,neutral,0.6415669322013855,6.172832674494244
2026-09-22T03:44:44,neutral,0.6417959928512573,6.232119985616941
2026-09-22T03:44:44,neutral,0.6507316827774048,6.139293607927517
2026-09-22T03:44:44,neutral,0.6692895889282227,6.162421065313403
2026-09-22T03:44:44,neutral,0.6974245309829712,5.91005086728008
2026-09-22T03:44:44,neutral,0.7286303639411926,5.942817632198272
2026-09-22T03:44:45,neutral,0.7792795896530151,5.90895182172432
2026-09-22T03:44:45,neutral,0.7424546480178833,5.039117005006314
2026-09-22T03:44:45,neutral,0.7371517419815063,4.506394340017943
2026-09-22T03:44:45,neutral,0.6918198466300964,4.388127595911407
2026-09-22T03:44:46,neutral,0.6369203329086304,4.349620239512513
2026-09-22T03:44:46,neutral,0.558196485042572,4.358723778367582
2026-09-22T03:44:46,neutral,0.4902710020542145,4.293971369456454
2026-09-22T03:44:46,neutral,0.4477902352809906,4.284103084759647
2026-09-22T03:44:46,neutral,0.39194753766059875,3.7671065796540693
2026-09-22T03:44:47,neutral,0.32997775077819824,4.169860279044243
2026-09-22T03:44:47,sad,0.33166295289993286,3.7454292822405937
2026-09-22T03:44:47,sad,0.3344253599643707,4.3472083596333855
2026-09-22T03:44:47,sad,0.3228906989097595,4.224594341428039
2026-09-22T03:44:48,sad,0.29989632964134216,4.321984052890491
2026-09-22T03:44:48,sad,0.29191702604293823,4.299918600669648
2026-09-22T03:44:48,neutral,0.3277645707130432,4.317032929142595
2026-09-22T03:44:48,neutral,0.36190468072891235,4.282139240092783
2026-09-22T03:44:49,neutral,0.37310194969177246,4.118397809964543
2026-09-22T03:44:49,neutral,0.3991003632545471,4.321111333183606
2026-09-22T03:44:49,neutral,0.40798646211624146,4.3637256482950555
2026-09-22T03:44:49,neutral,0.410073846578598,4.441777641284146
2026-09-22T03:44:50,neutral,0.42610979080200195,4.31167202416993
2026-09-22T03:44:50,neutral,0.42906618118286133,4.365796866721695
2026-09-22T03:44:50,neutral,0.40120428800582886,3.165629521393621
2026-09-22T03:44:50,neutral,0.4122711718082428,4.2121255030032065
2026-09-22T03:44:51,neutral,0.3858044147491455,2.7949114175917393
2026-09-22T03:44:51,neutral,0.3543575406074524,3.894844951090459
2026-09-22T03:44:51,neutral,0.3112128973007202,4.312465556241004
2026-09-22T03:44:51,sad,0.31800204515457153,4.454741555562872
2026-09-22T03:44:52,sad,0.337188184261322,4.10686072151745
2026-09-22T03:44:52,sad,0.3273109197616577,4.086661340296588
2026-09-22T03:44:52,sad,0.31306523084640503,4.40290020291343
2026-09-22T03:44:52,sad,0.30001598596572876,104.18042722305017
2026-09-22T03:44:53,sad,0.3091534376144409,116.91439721254355
2026-09-22T03:44:53,sad,0.31350618600845337,3.956431470687835
2026-09-22T03:44:53,sad,0.2924884259700775,4.332461876788922
2026-09-22T03:44:53,happy,0.29671168327331543,4.32923768001057
2026-09-22T03:44:54,happy,0.3129556179046631,3.8691806215516373
2026-09-22T03:44:54,happy,0.32698413729667664,4.101808224536698
2026-09-22T03:44:54,happy,0.3701968789100647,4.393643610613536
2026-09-22T03:44:54,happy,0.39152711629867554,4.3206038930001816
2026-09-22T03:44:55,happy,0.35173070430755615,123.9451536643026
2026-09-22T03:44:55,happy,0.3651618957519531,16.661253674425996
2026-09-22T03:44:55,happy,0.34910649061203003,145.86854002921334
2026-09-22T03:44:55,happy,0.37883904576301575,116.17605185164668
2026-09-22T03:44:56,happy,0.3924717903137207,130.53354910992158
2026-09-22T03:44:56,happy,0.37528571486473083,121.40160351963877
2026-09-22T03:44:57,happy,0.37521159648895264,16.666616334007525
2026-09-22T03:44:57,happy,0.39028674364089966,16.659136043722096
2026-09-22T03:44:59,happy,0.4152592122554779,16.662577467026857
2026-09-22T03:44:59,happy,0.4201081395149231,154.9486128043149
2026-09-22T03:45:00,happy,0.45892494916915894,16.705316318564897
2026-09-22T03:45:00,happy,0.4325922429561615,3.7570509019314176
2026-09-22T03:45:00,happy,0.43208956718444824,183.5340655493808
2026-09-22T03:45:00,happy,0.4252700209617615,5.832486010835345
2026-09-22T03:45:01,happy,0.40491557121276855,19.48220299225692
2026-09-22T03:45:01,happy,0.42854148149490356,4.2772265919379
2026-09-22T03:45:01,happy,0.43515291810035706,5.851420408174654
2026-09-22T03:45:01,happy,0.44017869234085083,6.071389384668609
2026-09-22T03:45:02,happy,0.4477670192718506,15.626307220589167
2026-09-22T03:45:02,happy,0.4332807958126068,157.8467559837423
2026-09-22T03:45:02,happy,0.43025702238082886,140.3058807787516
2026-09-22T03:45:02,happy,0.47622400522232056,5.8728372261046475
2026-09-22T03:45:02,happy,0.5313255190849304,6.009238139993352
2026-09-22T03:45:03,happy,0.5689152479171753,6.026636550036568
2026-09-22T03:45:03,happy,0.5890217423439026,5.495940584199464
2026-09-22T03:45:03,happy,0.5861214995384216,127.31617289946576
2026-09-22T03:45:03,happy,0.5364518761634827,4.469185738001522
2026-09-22T03:45:03,happy,0.4922989010810852,4.175298043306867
2026-09-22T03:45:04,happy,0.41068190336227417,4.4260007112323
2026-09-22T03:45:04,happy,0.3673892617225647,4.401786613829466
2026-09-22T03:45:04,neutral,0.4266209602355957,4.341817240754639
2026-09-22T03:45:04,neutral,0.488394558429718,4.381101003485616
2026-09-22T03:45:05,neutral,0.5629846453666687,4.286414766926483
2026-09-22T03:45:05,neutral,0.6447454690933228,3.8428978883917897
2026-09-22T03:45:05,neutral,0.7033523321151733,4.25091341393335
2026-09-22T03:45:05,neutral,0.7703520059585571,4.35664568828247
2026-09-22T03:45:06,neutral,0.8028820157051086,4.328540704322448
2026-09-22T03:45:06,neutral,0.8240518569946289,4.292692512383837
2026-09-22T03:45:06,neutral,0.8462175130844116,4.367588056126832
2026-09-22T03:45:06,neutral,0.84681236743927,4.348677710028294
2026-09-22T03:45:07,neutral,0.8517835736274719,4.071701010861936
2026-09-22T03:45:07,neutral,0.8626409769058228,4.267595688351753
2026-09-22T03:45:07,neutral,0.8333479762077332,4.432366399306766
2026-09-22T03:45:07,neutral,0.8443704843521118,4.414160070638281
2026-09-22T03:45:07,neutral,0.8538647890090942,4.3728883889148955
2026-09-22T03:45:08,neutral,0.8300593495368958,4.3201989166295
2026-09-22T03:45:08,neutral,0.8244158029556274,4.192983210288759
2026-09-22T03:45:08,neutral,0.8035732507705688,4.216940536801551
2026-09-22T03:45:08,neutral,0.8033444285392761,4.330533936576834
2026-09-22T03:45:09,neutral,0.8097893595695496,4.407096234590991
2026-09-22T03:45:09,neutral,0.8042319416999817,4.167883784688858
2026-09-22T03:45:09,neutral,0.7884559035301208,3.8112677771305976
2026-09-22T03:45:09,neutral,0.8285452127456665,4.190231095375295
2026-09-22T03:45:10,neutral,0.8252749443054199,4.247172807102816
2026-09-22T03:45:10,neutral,0.8135480880737305,4.258211234202918
2026-09-22T03:45:10,neutral,0.8295497894287109,4.3177795415496965
2026-09-22T03:45:10,neutral,0.8276058435440063,4.361248220637794
2026-09-22T03:45:11,neutral,0.84321528673172,4.248291285658143
2026-09-22T03:45:11,neutral,0.8455033302307129,4.40853221442791
2026-09-22T03:45:11,neutral,0.8299785852432251,4.357858798569096
2026-09-22T03:45:11,neutral,0.8156917691230774,4.410437489156094
2026-09-22T03:45:11,neutral,0.8198604583740234,4.418857059176155
2026-09-22T03:45:12,neutral,0.7965603470802307,4.353209195254371
2026-09-22T03:45:12,neutral,0.7694770097732544,4.394094697715739
2026-09-22T03:45:12,neutral,0.777389645576477,4.403491881847149
2026-09-22T03:45:12,neutral,0.7566488981246948,4.323636952149653
2026-09-22T03:45:13,neutral,0.7622547745704651,4.022117164200574
2026-09-22T03:45:13,neutral,0.7442929148674011,3.6519557095329684
2026-09-22T03:45:13,neutral,0.7434554696083069,3.897244344341275
2026-09-22T03:45:14,neutral,0.7601856589317322,3.7715033845755435
2026-09-22T03:45:14,neutral,0.7737994194030762,2.789671116692118
2026-09-22T03:45:14,neutral,0.7745106816291809,3.6131286444168977
2026-09-22T03:45:14,neutral,0.7964757084846497,3.532607716091235
2026-09-22T03:45:15,neutral,0.8214308023452759,3.6684628645347277
2026-09-22T03:45:15,neutral,0.8254059553146362,3.7245059881701783
2026-09-22T03:45:15,neutral,0.8557500839233398,2.6760003011398656
2026-09-22T03:45:16,neutral,0.8488163948059082,3.1530572816511984
2026-09-22T03:45:16,neutral,0.8543686866760254,3.315178369594256
2026-09-22T03:45:16,neutral,0.8422920107841492,3.674498428770797
2026-09-22T03:45:16,neutral,0.8180788159370422,3.7685078365624785
2026-09-22T03:45:17,neutral,0.768639326095581,3.588350086023474
2026-09-22T03:45:17,neutral,0.7396751046180725,122.12980811227906
2026-09-22T03:45:17,neutral,0.7308135628700256,117.32975271343851
2026-09-22T03:45:17,neutral,0.7064011693000793,4.343480849785896
2026-09-22T03:45:18,neutral,0.6815681457519531,4.281413641959304
2026-09-22T03:45:18,neutral,0.660051703453064,3.105063314566607
2026-09-22T03:45:18,neutral,0.668445348739624,4.297720037256504
2026-09-22T03:45:18,neutral,0.643112063407898,4.25458724669847
2026-09-22T03:45:19,neutral,0.6646276116371155,4.394578108121418
2026-09-22T03:45:19,neutral,0.6833880543708801,4.334808136115925
2026-09-22T03:45:19,neutral,0.7304612398147583,4.311423828295651
2026-09-22T03:45:19,neutral,0.7644615173339844,4.3029977224695815
2026-09-22T03:45:20,neutral,0.7639285326004028,4.295660100060938
2026-09-22T03:45:20,neutral,0.775859534740448,4.34780769860702
2026-09-22T03:45:20,neutral,0.7724352478981018,4.440658406412549
2026-09-22T03:45:20,neutral,0.7953987717628479,4.160574224759872
2026-09-22T03:45:21,neutral,0.7779215574264526,4.210218626407822
2026-09-22T03:45:21,neutral,0.7687009572982788,4.016809233586289
2026-09-22T03:45:21,neutral,0.7019724249839783,4.219422220478508
2026-09-22T03:45:21,neutral,0.642261266708374,4.451630501117072
2026-09-22T03:45:22,neutral,0.6093204021453857,4.248911004226317
2026-09-22T03:45:22,neutral,0.6094096302986145,4.129951101929731
2026-09-22T03:45:22,neutral,0.6070325374603271,3.996603990406559
2026-09-22T03:45:22,neutral,0.6098924875259399,3.6910155717183453
2026-09-22T03:45:22,neutral,0.6257019639015198,4.198057063014335
2026-09-22T03:45:23,neutral,0.6203204393386841,4.302913848448694
2026-09-22T03:45:23,neutral,0.6153758764266968,4.212760102006892
2026-09-22T03:45:23,neutral,0.6606001257896423,4.434104822928814
2026-09-22T03:45:23,neutral,0.7003600597381592,4.244301876100463
2026-09-22T03:45:24,neutral,0.735346794128418,4.340635504114715
2026-09-22T03:45:24,neutral,0.7703141570091248,4.339867495672346
2026-09-22T03:45:24,neutral,0.7462950348854065,4.434493929180111
2026-09-22T03:45:24,neutral,0.7137167453765869,4.364138826574992
2026-09-22T03:45:25,neutral,0.7111777067184448,4.271607276889876
2026-09-22T03:45:25,neutral,0.7107981443405151,4.328219098920603
2026-09-22T03:45:25,neutral,0.6915243864059448,4.400544310185462
2026-09-22T03:45:25,neutral,0.7223806381225586,4.394895835734599
2026-09-22T03:45:25,neutral,0.6969079971313477,4.279308177640654
2026-09-22T03:45:26,neutral,0.7130838632583618,4.389817700756283
2026-09-22T03:45:26,neutral,0.7254944443702698,4.343363905886105
2026-09-22T03:45:26,neutral,0.6970847845077515,4.409190298381942
2026-09-22T03:45:27,neutral,0.7089704275131226,4.358846080700358
2026-09-22T03:45:27,neutral,0.7250924706459045,3.1267548515607295
2026-09-22T03:45:27,neutral,0.7071868181228638,4.391467726517454
2026-09-22T03:45:27,neutral,0.6924475431442261,4.407684409971112
2026-09-22T03:45:27,neutral,0.6865717768669128,115.33903478619551
2026-09-22T03:45:32,neutral,0.6089402437210083,16.663305642627
2026-09-22T03:45:32,neutral,0.5871298313140869,35.90398904297209
2026-09-22T03:45:32,neutral,0.5478925704956055,5.695602048312695
2026-09-22T03:45:32,neutral,0.49009817838668823,5.859267630660999
2026-09-22T03:45:33,neutral,0.4598020017147064,6.100663839096108
2026-09-22T03:45:33,neutral,0.4309898316860199,5.842706896791898
2026-09-22T03:45:33,neutral,0.4112797677516937,6.1382064682114
2026-09-22T03:45:33,neutral,0.38695526123046875,6.173959379057163
2026-09-22T03:45:33,neutral,0.3815876841545105,6.0751180101012885
2026-09-22T03:45:33,neutral,0.378823846578598,5.968424003449311
2026-09-22T03:45:54,neutral,0.4226102828979492,16.670259614314556
2026-09-22T03:45:54,neutral,0.4309520125389099,157.25494901019795
2026-09-22T03:45:54,neutral,0.4505366384983063,6.093962851895762
2026-09-22T03:45:54,neutral,0.5131160616874695,5.720288093961947
2026-09-22T03:45:54,neutral,0.5640350580215454,5.884066754205807
2026-09-22T03:45:55,neutral,0.589448094367981,5.44624977438786
2026-09-22T03:45:55,neutral,0.6241532564163208,5.926100077991658
2026-09-22T03:45:55,neutral,0.6649326086044312,5.9722908069839695
2026-09-22T03:45:55,neutral,0.6933131814002991,6.2874069099499925
2026-09-22T03:45:55,neutral,0.7215396165847778,6.131333168634525
2026-09-22T03:45:55,neutral,0.7369180917739868,5.988363941639813
2026-09-22T03:45:56,neutral,0.7665392160415649,6.134687137543641
2026-09-22T03:45:56,neutral,0.7674549221992493,5.999671000401952
2026-09-22T03:45:56,neutral,0.7724119424819946,6.145851557817956
2026-09-22T03:45:56,neutral,0.7619015574455261,130.87977033731707
2026-09-22T03:45:56,neutral,0.773962676525116,4.557000203170547
2026-09-22T03:45:57,neutral,0.7433779835700989,6.025398503671865
2026-09-22T03:45:57,neutral,0.7484357953071594,5.919684983804611
2026-09-22T03:45:57,neutral,0.7311115264892578,6.118230538756196
2026-09-22T03:45:57,neutral,0.7180744409561157,159.539901103081
2026-09-22T03:45:57,neutral,0.718964695930481,6.057027823628205
2026-09-22T03:45:57,neutral,0.7056385278701782,6.015339869318541
2026-09-22T03:45:58,neutral,0.7186194658279419,4.494038384063499
2026-09-22T03:45:58,neutral,0.6836744546890259,6.071204831136047
2026-09-22T03:45:58,neutral,0.6899305582046509,153.8234495910808
2026-09-22T03:45:58,neutral,0.6835259795188904,155.49432787128345
2026-09-22T03:45:58,neutral,0.6879842877388,18.611902944674206
2026-09-22T03:45:58,neutral,0.6749224662780762,5.4283743365477575
2026-09-22T03:45:59,neutral,0.6669667959213257,6.091228192471183
2026-09-22T03:45:59,neutral,0.6620474457740784,163.62268861668096
2026-09-22T03:45:59,neutral,0.668962836265564,6.0480317924034495
2026-09-22T03:45:59,neutral,0.6764129400253296,6.119596316836132
2026-09-22T03:45:59,neutral,0.6774545907974243,6.15713803379281
2026-09-22T03:45:59,neutral,0.7036310434341431,6.268482013420813
2026-09-22T03:46:00,neutral,0.7119395136833191,6.044684766740214
2026-09-22T03:46:00,neutral,0.7185977101325989,5.982026696103977
2026-09-22T03:46:00,neutral,0.7533289194107056,5.933259208333687
2026-09-22T03:46:00,neutral,0.754787027835846,6.143088135354908
2026-09-22T03:46:00,neutral,0.7397431135177612,5.87432598605614
2026-09-22T03:46:00,neutral,0.7341113090515137,6.136491188028711
2026-09-22T03:46:01,neutral,0.7436472773551941,6.103184950642578
2026-09-22T03:46:01,neutral,0.7473715543746948,6.0974355992324245
2026-09-22T03:46:01,neutral,0.7504116892814636,4.44629793549413
2026-09-22T03:46:01,neutral,0.7593628168106079,6.118721434542158
2026-09-22T03:46:01,neutral,0.7555712461471558,159.05589685248387
2026-09-22T03:46:02,neutral,0.7610747218132019,6.075223603878939
2026-09-22T03:46:02,neutral,0.7215918302536011,6.094733247600573
2026-09-22T03:46:02,neutral,0.7251920700073242,154.39534712508282
2026-09-22T03:46:02,neutral,0.7493394613265991,6.23507533131657
2026-09-22T03:46:02,neutral,0.7781766653060913,160.75673603924724
2026-09-22T03:46:02,neutral,0.7632659077644348,149.05131485429993
2026-09-22T03:46:03,neutral,0.7414513826370239,159.1403854909698
2026-09-22T03:46:03,neutral,0.7270539402961731,6.159896020737107
2026-09-22T03:46:03,neutral,0.7116979956626892,5.9095096195165935
2026-09-22T03:46:03,neutral,0.7022472620010376,5.404104708857889
2026-09-22T03:46:03,neutral,0.6675862073898315,4.739256937468715
2026-09-22T03:46:04,neutral,0.6837335228919983,4.366087721398421
2026-09-22T03:46:04,neutral,0.6660575866699219,4.294428602876056
2026-09-22T03:46:04,neutral,0.6626537442207336,4.313725167538125
2026-09-22T03:46:04,neutral,0.664125382900238,4.482755893477603
2026-09-22T03:46:04,neutral,0.6720975637435913,4.273713877558922
2026-09-22T03:46:05,neutral,0.6810504794120789,4.326776929242621
2026-09-22T03:46:05,neutral,0.6868374943733215,4.2980723610119105
2026-09-22T03:46:05,neutral,0.6864823698997498,114.33917618515389
2026-09-22T03:46:05,neutral,0.6849806904792786,3.4528153552709244
2026-09-22T03:46:06,neutral,0.7043454647064209,122.12625203820173
2026-09-22T03:46:06,neutral,0.7106318473815918,3.8675501574017552
2026-09-22T03:46:06,neutral,0.7423567175865173,4.475824403320023
2026-09-22T03:46:06,neutral,0.7541855573654175,102.61545236580712
2026-09-22T03:46:07,neutral,0.7513495683670044,4.3247782345583925
2026-09-22T03:46:07,neutral,0.7465996146202087,4.328370962182645
2026-09-22T03:46:07,neutral,0.7750217914581299,122.4328332068422
2026-09-22T03:46:07,neutral,0.7946065664291382,4.425687810086967
2026-09-22T03:46:08,neutral,0.8157337307929993,119.36321466177182
2026-09-22T03:46:08,neutral,0.8246210813522339,118.82217626561659
2026-09-22T03:46:08,neutral,0.8458462953567505,4.4559389089796495
2026-09-22T03:46:08,neutral,0.8405010104179382,4.436356020853804
2026-09-22T03:46:09,neutral,0.8307474255561829,4.126874989545811
2026-09-22T03:46:09,neutral,0.810431182384491,4.352138660667777
2026-09-22T03:46:09,neutral,0.7864546775817871,4.281378679585408
2026-09-22T03:46:09,neutral,0.7958512902259827,4.417926168890743
2026-09-22T03:46:09,neutral,0.7875384092330933,4.338498330512928
2026-09-22T03:46:10,neutral,0.7737278342247009,4.31372960408921
2026-09-22T03:46:10,neutral,0.7577730417251587,4.3420509682982855
2026-09-22T03:46:10,neutral,0.773199200630188,4.33276173397077
2026-09-22T03:46:10,neutral,0.7549766302108765,4.416539869703616
2026-09-22T03:46:11,neutral,0.7481507062911987,4.339598083431365
2026-09-22T03:46:11,neutral,0.7112494707107544,4.487734521701449
2026-09-22T03:46:11,neutral,0.7397388219833374,4.410910586154278
2026-09-22T03:46:11,neutral,0.7456198334693909,4.453199669166323
2026-09-22T03:46:12,neutral,0.7324321269989014,4.193167651566426
2026-09-22T03:46:12,neutral,0.7264136075973511,4.392833727479719
2026-09-22T03:46:12,neutral,0.7400274276733398,4.396411429841232
2026-09-22T03:46:12,neutral,0.7385565042495728,122.26865671641791
2026-09-22T03:46:12,neutral,0.7318037748336792,4.37255104327928
2026-09-22T03:46:13,neutral,0.7352374792098999,4.4119823870103145
2026-09-22T03:46:13,neutral,0.7713732123374939,4.409561136436273
2026-09-22T03:46:13,neutral,0.8210075497627258,4.362545569903322
2026-09-22T03:46:13,neutral,0.82685387134552,118.20934558367622
2026-09-22T03:46:14,neutral,0.8476800918579102,4.343849714107582
2026-09-22T03:46:14,neutral,0.8485739827156067,4.411082224858443
2026-09-22T03:46:14,neutral,0.8415908813476562,4.433467398829878
2026-09-22T03:46:14,neutral,0.8306061625480652,4.502171490890043
2026-09-22T03:46:14,neutral,0.8446419835090637,4.244654086777353
2026-09-22T03:46:15,neutral,0.846392035484314,4.3455238856984195
2026-09-22T03:46:15,neutral,0.867891788482666,4.395112285198431
2026-09-22T03:46:15,neutral,0.8546799421310425,4.415949328706433
2026-09-22T03:46:15,neutral,0.8434339761734009,4.353597789520776
2026-09-22T03:46:16,neutral,0.8017696142196655,4.3951629466624755
2026-09-22T03:46:27,neutral,0.7423753142356873,16.68464956421772
2026-09-22T03:46:27,neutral,0.6894563436508179,60.539591813169366
2026-09-22T03:46:39,neutral,0.6827298402786255,16.561257206033325
2026-09-22T03:46:43,neutral,0.6292828321456909,16.67337422532468
2026-09-22T03:46:55,neutral,0.5903106927871704,16.65291861545425
2026-09-22T03:46:55,neutral,0.5666471719741821,5.078550792724419
2026-09-22T03:46:55,neutral,0.5436789393424988,5.8103315001316025
2026-09-22T03:46:56,neutral,0.5241907835006714,156.28228631045533
2026-09-22T03:46:56,neutral,0.5224838256835938,5.9199523502370495
2026-09-22T03:46:56,neutral,0.5523558855056763,5.93815647338146
2026-09-22T03:46:56,neutral,0.593393087387085,6.189621256281036
2026-09-22T03:46:56,neutral,0.6512833833694458,6.112880424168758
2026-09-22T03:46:56,neutral,0.6746888756752014,5.168575269777856
2026-09-22T03:46:57,neutral,0.7093276381492615,5.818480451794318
2026-09-22T03:46:57,neutral,0.7225795388221741,5.9728010890956575
2026-09-22T03:46:57,neutral,0.7057443857192993,6.185723429420908
2026-09-22T03:46:57,neutral,0.6690574884414673,6.186206967754115
2026-09-22T03:46:57,neutral,0.6581867337226868,152.94282380396731
2026-09-22T03:46:57,neutral,0.6350449323654175,6.001679890678324
2026-09-22T03:46:58,neutral,0.6105278134346008,6.209101581178045
2026-09-22T03:46:58,neutral,0.6186753511428833,5.632387776697517
2026-09-22T03:46:58,neutral,0.6105080842971802,5.516324190103427
2026-09-22T03:46:58,neutral,0.618566632270813,5.543768008670597
2026-09-22T03:46:58,neutral,0.6421261429786682,5.480407721144034
2026-09-22T03:46:58,neutral,0.6666509509086609,5.56117378137712
2026-09-22T03:46:59,neutral,0.6763010621070862,5.8357482545504125
2026-09-22T03:46:59,neutral,0.6867813467979431,5.733103333269546
2026-09-22T03:46:59,neutral,0.6766663789749146,164.23776333307228
2026-09-22T03:47:13,neutral,0.6643364429473877,16.760522519570507
2026-09-22T03:47:14,neutral,0.6429290771484375,5.824516186371009
2026-09-22T03:47:14,neutral,0.623360812664032,5.744897903277943
2026-09-22T03:47:14,neutral,0.614139199256897,5.967787098903851
2026-09-22T03:47:14,neutral,0.5758806467056274,4.259971460056775
2026-09-22T03:47:14,neutral,0.5657328367233276,6.094458716449487
2026-09-22T03:47:14,neutral,0.5591690540313721,5.855897287690244
2026-09-22T03:47:15,neutral,0.5921303033828735,6.127356209670704
2026-09-22T03:47:15,neutral,0.6370948553085327,6.070159239678655
2026-09-22T03:47:15,neutral,0.6835590600967407,5.812360556416276
2026-09-22T03:47:15,neutral,0.7054661512374878,6.065673437631059
2026-09-22T03:47:15,neutral,0.7096790075302124,163.8592022502637
2026-09-22T03:47:41,neutral,0.6987402439117432,16.82088301229993
2026-09-22T03:47:41,neutral,0.6847893595695496,5.462471348197541
2026-09-22T03:47:41,neutral,0.6914931535720825,62.14796485353169
2026-09-22T03:47:41,neutral,0.6800199747085571,153.20539138693064
2026-09-22T03:47:42,neutral,0.6749743223190308,16.674832528276383
2026-09-22T03:47:44,neutral,0.6485933065414429,16.821085390698943
2026-09-22T03:47:45,neutral,0.6190019845962524,16.671452306567137
2026-09-22T03:47:46,neutral,0.5765300989151001,16.681796126158375
2026-09-22T03:47:46,neutral,0.5790465474128723,16.647630841529534
2026-09-22T03:47:47,neutral,0.5865246653556824,16.66204792474417
2026-09-22T03:47:48,neutral,0.5750227570533752,16.630468743804666
2026-09-22T03:47:48,neutral,0.569871723651886,5.631079587943328
2026-09-22T03:47:48,neutral,0.5323998332023621,5.759539489945567
2026-09-22T03:47:48,neutral,0.5296961665153503,6.300061884534274
2026-09-22T03:47:48,neutral,0.5114955306053162,6.027883768289651
2026-09-22T03:47:48,neutral,0.5279828310012817,5.883670560773884
2026-09-22T03:47:49,neutral,0.5381831526756287,5.848181394817052
2026-09-22T03:47:49,neutral,0.5613649487495422,5.730166168239365
2026-09-22T03:47:49,neutral,0.5577534437179565,5.462421550126523
2026-09-22T03:47:49,neutral,0.5738130807876587,5.857680141333874
2026-09-22T03:47:49,neutral,0.6129113435745239,5.673122520555801
2026-09-22T03:47:50,neutral,0.6348503828048706,6.1010454228747895
2026-09-22T03:47:50,neutral,0.6355453133583069,163.06924303098634
2026-09-22T03:47:50,neutral,0.6025959849357605,156.11940742946476
2026-09-22T03:47:50,neutral,0.5758419036865234,62.81813416405817
2026-09-22T03:47:50,neutral,0.5396943688392639,4.155903452102573
2026-09-22T03:47:50,neutral,0.4983662962913513,5.9725289277851985
2026-09-22T03:47:51,neutral,0.4472615718841553,6.180910417188582
2026-09-22T03:47:51,neutral,0.43729767203330994,166.3086439333862
2026-09-22T03:47:51,neutral,0.43310174345970154,5.960705398495578
2026-09-22T03:47:51,neutral,0.4082692265510559,5.948768280073922
2026-09-22T03:47:51,neutral,0.4212629199028015,6.125754344968599
2026-09-22T03:47:51,neutral,0.4820849299430847,6.018481742105082
2026-09-22T03:47:52,neutral,0.5362863540649414,6.021402135619597
2026-09-22T03:47:52,neutral,0.5975850224494934,6.0988630530783645
2026-09-22T03:47:52,neutral,0.6407586932182312,5.829073489088304
2026-09-22T03:47:52,neutral,0.6808136105537415,5.628480138702323
2026-09-22T03:47:52,neutral,0.7429786324501038,6.0281176791848115
2026-09-22T03:47:53,neutral,0.7414912581443787,5.765548601536543
2026-09-22T03:47:53,neutral,0.7550286054611206,5.841787340368783
2026-09-22T03:47:53,neutral,0.7771058082580566,6.121320031056807
2026-09-22T03:47:53,neutral,0.780868649482727,6.160076958664091
2026-09-22T03:47:53,neutral,0.7834696769714355,6.034961100775394
2026-09-22T03:47:53,neutral,0.77898108959198,5.86889278503135
2026-09-22T03:47:53,neutral,0.7316628694534302,6.2932747564046005
2026-09-22T03:47:54,neutral,0.6929240822792053,6.3531097536038486
2026-09-22T03:47:54,neutral,0.6749054193496704,5.907478742927807
2026-09-22T03:47:54,neutral,0.6591551899909973,5.938299396585655
2026-09-22T03:47:54,neutral,0.6886839270591736,6.008962647992573
2026-09-22T03:47:54,neutral,0.6723778247833252,5.982803183750321
2026-09-22T03:47:55,neutral,0.6468652486801147,6.152658184026545
2026-09-22T03:47:55,neutral,0.6317141652107239,5.8807667717294985
2026-09-22T03:47:55,neutral,0.5896879434585571,155.12626673570531
2026-09-22T03:47:55,neutral,0.5394399166107178,149.93043789097408
2026-09-22T03:47:55,neutral,0.5404391288757324,6.106525967597284
2026-09-22T03:47:55,neutral,0.5441058278083801,5.54714066550283
2026-09-22T03:47:56,neutral,0.5338603258132935,5.893848162205382
2026-09-22T03:47:56,neutral,0.5184917449951172,159.15850187834403
2026-09-22T03:47:56,neutral,0.48531779646873474,5.776951990314597
2026-09-22T03:47:56,neutral,0.4640732705593109,5.6374068732669995
2026-09-22T03:47:56,neutral,0.4663447439670563,5.954037706172359
2026-09-22T03:47:56,neutral,0.45004844665527344,5.752304046344246
2026-09-22T03:47:57,neutral,0.46867886185646057,5.75109727754506
2026-09-22T03:47:57,neutral,0.5089246034622192,6.060467347516747
2026-09-22T03:47:57,neutral,0.5145948529243469,5.379533602333271
2026-09-22T03:47:57,neutral,0.5140830874443054,6.1278933350475775
2026-09-22T03:47:57,neutral,0.526917576789856,5.9357698322283
2026-09-22T03:47:57,neutral,0.5238649845123291,5.998298174184018
2026-09-22T03:47:58,neutral,0.5382992029190063,5.967056948969285
2026-09-22T03:47:58,neutral,0.5737270712852478,5.381597399981267
2026-09-22T03:47:58,neutral,0.5897711515426636,4.7011278975017685
2026-09-22T03:47:58,neutral,0.5986146926879883,4.472970033059614
2026-09-22T03:47:59,neutral,0.6081874370574951,4.188369081012206
2026-09-22T03:47:59,neutral,0.6199754476547241,4.416112060460763
2026-09-22T03:47:59,neutral,0.6308425068855286,4.389992296613859
2026-09-22T03:47:59,neutral,0.6648210883140564,4.23812622516824
2026-09-22T03:47:59,neutral,0.6834899187088013,4.29437584020428
2026-09-22T03:48:00,neutral,0.7054661512374878,4.393804702517822
2026-09-22T03:48:00,neutral,0.7127166986465454,4.319135658810954
2026-09-22T03:48:00,neutral,0.697015106678009,3.1173777870600294
2026-09-22T03:48:00,neutral,0.7030678987503052,3.976348414363494
2026-09-22T03:48:01,neutral,0.718141496181488,4.375456656492085
2026-09-22T03:48:01,neutral,0.717171847820282,120.86983084060978
2026-09-22T03:48:01,neutral,0.7051219940185547,4.349561601360565
2026-09-22T03:48:01,neutral,0.6742488741874695,4.353480300216828
2026-09-22T03:48:02,neutral,0.6688714623451233,4.341426252856811
2026-09-22T03:48:02,neutral,0.6662397384643555,4.4233261339092875
2026-09-22T03:48:02,neutral,0.6629295349121094,4.389643118785976
2026-09-22T03:48:02,neutral,0.6595914363861084,4.386090179174588
2026-09-22T03:48:03,neutral,0.6852203011512756,123.05424673610092
2026-09-22T03:48:03,neutral,0.6619819402694702,126.3953712632594
2026-09-22T03:48:03,neutral,0.6601881384849548,122.482887513141
2026-09-22T03:48:03,neutral,0.6599165201187134,4.382689526611886
2026-09-22T03:48:04,neutral,0.6586325764656067,4.203075819234743
2026-09-22T03:48:04,neutral,0.7107346057891846,4.4032653609702015
2026-09-22T03:48:04,neutral,0.6956573128700256,122.36496776263967
2026-09-22T03:48:04,neutral,0.6968533396720886,3.6169579397424334
2026-09-22T03:48:05,neutral,0.6929082870483398,3.9539064856711916
2026-09-22T03:48:05,neutral,0.6776905655860901,120.78281402983356
2026-09-22T03:48:05,neutral,0.6722628474235535,4.305307749710793
2026-09-22T03:48:05,neutral,0.6888284087181091,4.415377537947493
2026-09-22T03:48:05,neutral,0.6890314817428589,4.391012581631948
2026-09-22T03:48:06,neutral,0.6309090852737427,123.21330160688582
2026-09-22T03:48:06,neutral,0.6362529993057251,4.26334026897552
2026-09-22T03:48:06,neutral,0.6217563152313232,4.341880164925658
2026-09-22T03:48:06,neutral,0.645081639289856,4.419494945450484
2026-09-22T03:48:07,neutral,0.6427608132362366,4.2946880382050034
2026-09-22T03:48:07,neutral,0.6452725529670715,4.311986742167228
2026-09-22T03:48:07,neutral,0.6736413836479187,4.15538466720694
2026-09-22T03:48:07,neutral,0.6739807724952698,4.256616610562017
2026-09-22T03:48:08,neutral,0.6707394123077393,4.189021643707285
2026-09-22T03:48:08,neutral,0.6817128658294678,4.404629461411878
2026-09-22T03:48:08,neutral,0.7344867587089539,4.400858283537849
2026-09-22T03:48:08,neutral,0.6987950801849365,4.407494509420678
2026-09-22T03:48:09,neutral,0.7177180647850037,93.91634572324227
2026-09-22T03:48:09,neutral,0.7103337049484253,126.29261389298726
2026-09-22T03:48:09,neutral,0.6974667310714722,4.26767384880872
2026-09-22T03:48:09,neutral,0.6924077272415161,4.344682138166209
2026-09-22T03:48:10,neutral,0.6629931926727295,4.309204632316076
2026-09-22T03:48:10,neutral,0.65459144115448,4.328397762688077
2026-09-22T03:48:10,neutral,0.6685138940811157,121.52471460856464
2026-09-22T03:48:10,neutral,0.6483098864555359,4.411485860393008
2026-09-22T03:48:10,neutral,0.6367956399917603,4.316695260727404
2026-09-22T03:48:11,neutral,0.6905657052993774,4.438139841004635
2026-09-22T03:48:11,neutral,0.6659733653068542,115.40885452494291
2026-09-22T03:48:11,neutral,0.6580904722213745,4.46843345563638
2026-09-22T03:48:11,neutral,0.6777018904685974,4.347708548422541
2026-09-22T03:48:12,neutral,0.6813812851905823,4.220572845389706
2026-09-22T03:48:12,neutral,0.711764931678772,4.427935141891628
2026-09-22T03:48:12,neutral,0.709608256816864,4.448132216820654
2026-09-22T03:48:12,neutral,0.7098698616027832,4.3418891542418345
2026-09-22T03:48:13,neutral,0.727368175983429,4.24542314002909
2026-09-22T03:48:13,neutral,0.7256001234054565,4.357514713597806
2026-09-22T03:48:13,neutral,0.7265412211418152,4.380748663101604
2026-09-22T03:48:13,neutral,0.7417577505111694,4.445275356051983
2026-09-22T03:48:13,neutral,0.7679052948951721,4.141438537074247
2026-09-22T03:48:14,neutral,0.7817850708961487,4.44585962955975
2026-09-22T03:48:14,neutral,0.8129671216011047,4.411142533520255
2026-09-22T03:48:14,neutral,0.8214178085327148,4.44537429479577
2026-09-22T03:48:14,neutral,0.8305155634880066,4.438830282608327
2026-09-22T03:48:15,neutral,0.847232460975647,4.167742974026529
2026-09-22T03:48:15,neutral,0.8369525074958801,3.7642159753091073
2026-09-22T03:48:15,neutral,0.8792195320129395,4.234561980751
2026-09-22T03:48:15,neutral,0.884380042552948,4.3911229111223244
2026-09-22T03:48:16,neutral,0.9065372347831726,4.356600436043945
2026-09-22T03:48:16,neutral,0.9066340327262878,4.52835142815191
2026-09-22T03:48:16,neutral,0.9138653874397278,4.44438039612941
2026-09-22T03:48:16,neutral,0.9104102253913879,4.4749075530196505
2026-09-22T03:48:16,neutral,0.9008404016494751,4.330860357946408
2026-09-22T03:48:17,neutral,0.9023826718330383,4.481496202650665
2026-09-22T03:48:17,neutral,0.8950880169868469,4.513294638456854
2026-09-22T03:48:17,neutral,0.910483717918396,4.530767884649869
2026-09-22T03:48:17,neutral,0.9083989262580872,4.535834169636987
2026-09-22T03:48:18,neutral,0.8997510075569153,4.4034595202949705
2026-09-22T03:48:18,neutral,0.8715182542800903,4.531712666591035
2026-09-22T03:48:18,neutral,0.8608582615852356,4.414304087092517
2026-09-22T03:48:18,neutral,0.8488356471061707,4.4444887142116904
2026-09-22T03:48:19,neutral,0.8276451230049133,3.9828920879705247
2026-09-22T03:48:19,neutral,0.8164458274841309,3.9439314027586714
2026-09-22T03:48:19,neutral,0.7984088659286499,3.97237157260986
2026-09-22T03:48:19,neutral,0.7782502770423889,3.9405114213937162
2026-09-22T03:48:20,neutral,0.730807363986969,3.798352355414524
2026-09-22T03:48:20,neutral,0.6979310512542725,4.043895356124312
2026-09-22T03:48:20,neutral,0.641882061958313,3.9627075216071894
2026-09-22T03:48:20,neutral,0.6267752051353455,2.7409255082989654
2026-09-22T03:48:21,neutral,0.6026728749275208,113.17909279797081
2026-09-22T03:48:21,neutral,0.5561239719390869,3.215368870524472
2026-09-22T03:48:21,neutral,0.5232138633728027,107.06856588553633
2026-09-22T03:48:22,neutral,0.49499624967575073,3.925798978842095
2026-09-22T03:48:22,neutral,0.4684123396873474,3.894284432997444
2026-09-22T03:48:22,neutral,0.4437616467475891,3.9098907286188105
2026-09-22T03:48:22,neutral,0.4438515603542328,3.823131459156347
2026-09-22T03:48:23,neutral,0.43014097213745117,3.861408142616858
2026-09-22T03:48:23,neutral,0.4526820182800293,3.966728801905859
2026-09-22T03:48:23,neutral,0.43917346000671387,3.9476879839543857
2026-09-22T03:48:23,neutral,0.3973720669746399,4.317388426655523
2026-09-22T03:48:24,neutral,0.39134517312049866,118.2626741104156
2026-09-22T03:48:24,neutral,0.4033147692680359,4.413249732477964
2026-09-22T03:48:24,neutral,0.3983460068702698,118.33607944927209
2026-09-22T03:48:24,neutral,0.40017762780189514,4.408309807936064
2026-09-22T03:48:24,neutral,0.4091199040412903,121.2086463992602
2026-09-22T03:48:25,neutral,0.4201759397983551,4.415763364243542
2026-09-22T03:48:25,neutral,0.40595346689224243,4.477601870336169
2026-09-22T03:48:25,neutral,0.41841721534729004,122.31500976932723
2026-09-22T03:48:25,neutral,0.4110232889652252,4.493638758628522
2026-09-22T03:48:26,neutral,0.4459973871707916,4.315118693171414
2026-09-22T03:48:26,neutral,0.4569353461265564,117.81752808988765
2026-09-22T03:48:26,neutral,0.4357011318206787,123.09758459777537
2026-09-22T03:48:26,neutral,0.4552345275878906,61.13076429779047
2026-09-22T03:48:27,neutral,0.46237117052078247,114.24263223838318
2026-09-22T03:48:27,neutral,0.4496195316314697,116.19214360906422
2026-09-22T03:48:28,neutral,0.4674545228481293,16.677219392522435
2026-09-22T03:48:29,neutral,0.4672456383705139,16.660128616086148
2026-09-22T03:48:30,neutral,0.4293651580810547,161.05921204208587
2026-09-22T03:48:31,neutral,0.4642215669155121,16.6698620881523
2026-09-22T03:48:32,neutral,0.44809240102767944,16.657283558379667
2026-09-22T03:48:32,neutral,0.43635421991348267,154.01549590570264
2026-09-22T03:48:32,neutral,0.4442501664161682,151.65433705752613
2026-09-22T03:48:33,neutral,0.4508715569972992,16.65430721276976
2026-09-22T03:48:33,neutral,0.45307597517967224,16.698997893865137
2026-09-22T03:48:34,neutral,0.4298613667488098,160.61514896224247
2026-09-22T03:48:34,sad,0.41790875792503357,156.29975777901993
2026-09-22T03:48:35,neutral,0.41212162375450134,16.690425785913252
2026-09-22T03:48:35,sad,0.41446226835250854,16.708776850022307
2026-09-22T03:48:35,sad,0.42965373396873474,16.69467751436896
2026-09-22T03:48:35,sad,0.4186815619468689,16.672181258074133
2026-09-22T03:48:37,sad,0.4155019223690033,16.65119972051514
2026-09-22T03:48:37,sad,0.4197322726249695,52.60766606461971
2026-09-22T03:48:38,sad,0.42837706208229065,16.66462976133244
2026-09-22T03:48:38,neutral,0.40417951345443726,16.63647145152014
2026-09-22T03:48:38,neutral,0.4378524720668793,3.7612218691039003
2026-09-22T03:48:39,neutral,0.47731271386146545,16.70352006945357
2026-09-22T03:48:39,neutral,0.4892236292362213,44.68776236442285
2026-09-22T03:48:40,neutral,0.5377198457717896,16.66760979796856
2026-09-22T03:48:41,neutral,0.5469982028007507,16.661319859060377
2026-09-22T03:48:41,neutral,0.5389384627342224,116.54081689358155
2026-09-22T03:48:42,neutral,0.5337783098220825,16.66416629584896
2026-09-22T03:48:42,neutral,0.5528190732002258,124.20575083656608
2026-09-22T03:48:42,neutral,0.538178563117981,16.658209749549222
2026-09-22T03:48:43,neutral,0.5033959150314331,4.779327091259844
2026-09-22T03:48:43,neutral,0.4789653718471527,16.64670582632164
2026-09-22T03:48:44,neutral,0.4484860897064209,16.649481180384093
2026-09-22T03:48:44,neutral,0.4069806933403015,99.19598893172197
2026-09-22T03:48:44,sad,0.4031066298484802,116.18248801972244
2026-09-22T03:48:45,sad,0.4032882750034332,16.66416629584896
2026-09-22T03:48:45,sad,0.4162620007991791,22.81695534859431
2026-09-22T03:48:46,sad,0.42021194100379944,16.61748869862878
2026-09-22T03:48:46,sad,0.431407630443573,16.619134789878675
2026-09-22T03:48:47,sad,0.44401946663856506,16.66363665257604
2026-09-22T03:48:48,sad,0.4293127655982971,16.642148324200786
2026-09-22T03:48:48,sad,0.4182218909263611,157.6035771991132
2026-09-22T03:48:48,sad,0.41331759095191956,160.4983737037462
2026-09-22T03:48:48,sad,0.3945305347442627,154.5831275568496
2026-09-22T03:48:49,sad,0.39584895968437195,16.68066829192633
2026-09-22T03:48:49,neutral,0.40225857496261597,16.568322588800406
2026-09-22T03:48:51,neutral,0.40962687134742737,16.642016259904537
2026-09-22T03:48:51,neutral,0.3953920602798462,138.93484381728445
2026-09-22T03:48:51,neutral,0.4092356562614441,16.675296587258675
2026-09-22T03:48:52,neutral,0.42040663957595825,95.12834818897281
2026-09-22T03:48:53,neutral,0.399478018283844,16.634887899135002
2026-09-22T03:48:55,neutral,0.39878493547439575,16.699064378707646
2026-09-22T03:48:55,neutral,0.3995421528816223,5.2436075505476385
2026-09-22T03:48:55,neutral,0.46121472120285034,5.534601950561667
2026-09-22T03:48:56,neutral,0.5021868944168091,5.606518810017751
2026-09-22T03:48:56,neutral,0.5167368650436401,148.20338503939792
2026-09-22T03:48:56,neutral,0.5598174929618835,5.9120168467582115
2026-09-22T03:48:56,neutral,0.5831465721130371,155.40790692504353
2026-09-22T03:48:56,neutral,0.602122962474823,160.61514896224247
2026-09-22T03:48:56,neutral,0.6291239261627197,5.710055313002435
2026-09-22T03:48:57,neutral,0.644877552986145,16.57899750582041
2026-09-22T03:48:57,neutral,0.6382895708084106,16.68285775652907
2026-09-22T03:48:58,neutral,0.6309189796447754,16.59493720968878
2026-09-22T03:48:59,neutral,0.6083430051803589,16.683587705795077
2026-09-22T03:48:59,neutral,0.564059853553772,5.235622118837761
2026-09-22T03:48:59,neutral,0.510461151599884,16.70159119506873
2026-09-22T03:49:00,neutral,0.45541948080062866,16.633766398578658
2026-09-22T03:49:01,neutral,0.43436288833618164,15.549202206536568
2026-09-22T03:49:01,neutral,0.4341765344142914,159.1826634786899
2026-09-22T03:49:01,neutral,0.42094558477401733,16.623218503780972
2026-09-22T03:49:01,neutral,0.4205905795097351,17.76103526542227
2026-09-22T03:49:02,neutral,0.43530577421188354,21.327692464151326
2026-09-22T03:49:02,neutral,0.4310137629508972,143.05266030013644
2026-09-22T03:49:03,neutral,0.4011564254760742,16.67847940194051
2026-09-22T03:49:04,sad,0.405900239944458,16.661386044220578
2026-09-22T03:49:04,neutral,0.40336543321609497,155.028793199039
2026-09-22T03:49:05,neutral,0.4238464832305908,16.644261638035374
2026-09-22T03:49:05,neutral,0.4390811026096344,16.674037058680884
2026-09-22T03:49:06,neutral,0.44741326570510864,16.621835085619626
2026-09-22T03:49:06,neutral,0.4319888949394226,128.33682149195275
2026-09-22T03:49:07,neutral,0.4178045690059662,151.5009571970381
2026-09-22T03:49:07,neutral,0.4096834659576416,6.1017554732154675
2026-09-22T03:49:07,neutral,0.4015998840332031,16.534033436220074
2026-09-22T03:49:08,neutral,0.4105599820613861,16.583258211952998
2026-09-22T03:49:08,neutral,0.40839070081710815,3.7490683873828052
2026-09-22T03:49:08,neutral,0.3904725909233093,6.062052768122331
2026-09-22T03:49:08,sad,0.3897559642791748,152.26544688884047
2026-09-22T03:49:08,sad,0.3949117064476013,150.6033752244165
2026-09-22T03:49:09,sad,0.402840793132782,143.15519301000035
2026-09-22T03:49:09,sad,0.4139266610145569,5.902706688827186
2026-09-22T03:49:09,sad,0.3996111750602722,162.02982307038553
2026-09-22T03:49:10,sad,0.3947688043117523,16.68518054411864
2026-09-22T03:49:11,neutral,0.406342089176178,16.66350424701835
2026-09-22T03:49:11,neutral,0.41005927324295044,165.82864824259676
2026-09-22T03:49:11,neutral,0.4247407913208008,16.6459130379566
2026-09-22T03:49:11,neutral,0.42463698983192444,151.38066192658894
2026-09-22T03:49:12,neutral,0.4312371611595154,16.761594194210996
2026-09-22T03:49:12,neutral,0.4248186945915222,140.7815258617796
2026-09-22T03:49:13,neutral,0.46163439750671387,16.66655010728761
2026-09-22T03:49:13,neutral,0.5233504176139832,4.0422078454010935
2026-09-22T03:49:14,neutral,0.5229098796844482,6.033155497123887
2026-09-22T03:49:14,neutral,0.5773586630821228,158.10856453558503
2026-09-22T03:49:14,neutral,0.6172091960906982,5.869467685982449
2026-09-22T03:49:14,neutral,0.6431481242179871,6.017557829072999
2026-09-22T03:49:14,neutral,0.6510758996009827,6.038688573682786
2026-09-22T03:49:14,neutral,0.6690008044242859,6.01143436989857
2026-09-22T03:49:15,neutral,0.6666768193244934,6.218611188537472
2026-09-22T03:49:15,neutral,0.6728398203849792,5.67046112081506
2026-09-22T03:49:17,neutral,0.6426040530204773,16.877332335413673
2026-09-22T03:49:18,neutral,0.5957973599433899,16.670325870518237
2026-09-22T03:49:21,neutral,0.5914510488510132,16.64769691797813
2026-09-22T03:49:24,neutral,0.5297221541404724,16.55694243780741
2026-09-22T03:49:24,neutral,0.45730581879615784,155.7021308189175
2026-09-22T03:49:25,neutral,0.4486297070980072,16.83107544141252
2026-09-22T03:49:26,neutral,0.4525832235813141,16.492424808408405
2026-09-22T03:49:27,neutral,0.45823678374290466,16.571792065555375
2026-09-22T03:49:27,neutral,0.5000228881835938,16.784937071052685
2026-09-22T03:49:28,neutral,0.5492480993270874,3.830243212860794
2026-09-22T03:49:28,neutral,0.5789794921875,6.135028120497612
2026-09-22T03:49:28,neutral,0.6184430718421936,5.809631321533
2026-09-22T03:49:28,neutral,0.6490740776062012,6.1449511472234715
2026-09-22T03:49:28,neutral,0.6967233419418335,6.0857927207935045
2026-09-22T03:49:28,neutral,0.7536750435829163,6.125235484652972
2026-09-22T03:49:29,neutral,0.7259485721588135,5.664954517521053
2026-09-22T03:49:29,neutral,0.7493653893470764,5.967566337056271
2026-09-22T03:49:29,neutral,0.7577073574066162,5.697590449824357
2026-09-22T03:49:29,neutral,0.7411210536956787,5.959756795889572
2026-09-22T03:49:29,neutral,0.7342609167098999,155.67901417860588
2026-09-22T03:49:30,neutral,0.7076762318611145,5.548167940950819
2026-09-22T03:49:30,neutral,0.6945931315422058,6.123071532846716
2026-09-22T03:49:30,neutral,0.6586313843727112,5.818189888957477
2026-09-22T03:49:30,neutral,0.6538090109825134,5.548674380978713
2026-09-22T03:49:30,neutral,0.6533880233764648,154.54325718496685
2026-09-22T03:49:31,neutral,0.6721674799919128,16.65840823248591
2026-09-22T03:49:31,neutral,0.6672347187995911,3.0918357568403936
2026-09-22T03:49:31,neutral,0.669140636920929,6.169500400826659
2026-09-22T03:49:31,neutral,0.6684983968734741,77.39853481205367
2026-09-22T03:49:32,neutral,0.6606424450874329,6.165029735219846
2026-09-22T03:49:32,neutral,0.6711561679840088,5.770379216033723
2026-09-22T03:49:32,neutral,0.6786065697669983,5.88713906340357
2026-09-22T03:49:32,neutral,0.6895714998245239,6.190105404216759
2026-09-22T03:49:32,neutral,0.6854020357131958,5.884603351202861
2026-09-22T03:49:32,neutral,0.6414716839790344,5.962120393693176
2026-09-22T03:49:33,neutral,0.6452643871307373,6.12486875710975
2026-09-22T03:49:33,neutral,0.6334477663040161,6.24496225600405
2026-09-22T03:49:33,neutral,0.6134440302848816,6.0232526078764765
2026-09-22T03:49:33,neutral,0.5971178412437439,5.289847231103157
2026-09-22T03:49:33,neutral,0.5556515455245972,4.708278515910897
2026-09-22T03:49:34,neutral,0.563998281955719,4.401403225992631
2026-09-22T03:49:34,neutral,0.5138353109359741,4.40002265941845
2026-09-22T03:49:34,neutral,0.5277016162872314,4.345177244275742
2026-09-22T03:49:34,neutral,0.5219822525978088,4.280705765164072
2026-09-22T03:49:35,neutral,0.5514013171195984,4.285578245472064
2026-09-22T03:49:35,neutral,0.5820072889328003,4.451876201383442
2026-09-22T03:49:35,neutral,0.5987958312034607,4.44900037337497
2026-09-22T03:49:35,neutral,0.6172236800193787,4.339849533815573
2026-09-22T03:49:35,neutral,0.5941592454910278,4.292442103819628
2026-09-22T03:49:36,neutral,0.6171871423721313,4.335596762906356
2026-09-22T03:49:36,neutral,0.5770076513290405,4.420855142639715
2026-09-22T03:49:36,neutral,0.6076284646987915,4.374922682966262
2026-09-22T03:49:36,neutral,0.5805345773696899,4.265690327632937
2026-09-22T03:49:37,neutral,0.5690137147903442,118.89964848622293
2026-09-22T03:49:37,neutral,0.5499842762947083,118.92324704414642
2026-09-22T03:49:37,neutral,0.504278838634491,4.448160520929443
2026-09-22T03:49:37,neutral,0.47162437438964844,16.570286265121165
2026-09-22T03:49:38,neutral,0.42754441499710083,138.02046793247555
2026-09-22T03:49:39,neutral,0.4353257715702057,16.754162272712747
2026-09-22T03:49:40,neutral,0.40824246406555176,145.09146257091462
2026-09-22T03:49:42,neutral,0.423651784658432,16.69142209045506
2026-09-22T03:49:43,neutral,0.38834235072135925,5.532302400059091
2026-09-22T03:49:43,neutral,0.38762998580932617,5.654003820287425
2026-09-22T03:49:43,neutral,0.3644566237926483,159.86827260253088
2026-09-22T03:49:43,neutral,0.3523298501968384,17.61639037174862
2026-09-22T03:49:44,neutral,0.3393087387084961,5.864970041040628
2026-09-22T03:49:47,sad,0.3287464678287506,16.679938598095905
2026-09-22T03:49:47,neutral,0.3414079248905182,16.641554051373205
2026-09-22T03:49:48,sad,0.3507212698459625,16.671120986044812
2026-09-22T03:49:50,neutral,0.362907350063324,16.656688204154737
2026-09-22T03:49:50,neutral,0.36638182401657104,5.147547421749205
2026-09-22T03:49:50,neutral,0.38028305768966675,6.063542592793379
2026-09-22T03:49:50,neutral,0.3742009997367859,146.29591907917683
2026-09-22T03:49:51,neutral,0.3876924216747284,158.94137708893857
2026-09-22T03:49:51,neutral,0.3887304663658142,113.72224933571933
2026-09-22T03:49:51,neutral,0.4331776201725006,4.925210104755877
2026-09-22T03:49:51,neutral,0.46841487288475037,5.766745585885834
2026-09-22T03:49:51,neutral,0.46305742859840393,6.026056423017465
2026-09-22T03:49:52,neutral,0.4544946253299713,5.769053759447619
2026-09-22T03:49:52,sad,0.44072961807250977,5.9882100490129595
2026-09-22T03:49:52,neutral,0.4306238293647766,6.034613785373812
2026-09-22T03:49:52,sad,0.4471805989742279,152.8870744331851
2026-09-22T03:49:52,sad,0.43632858991622925,5.857500171075766
2026-09-22T03:49:52,sad,0.43380898237228394,144.57633311502534
2026-09-22T03:49:53,sad,0.45432940125465393,5.956811277639149
2026-09-22T03:49:53,sad,0.4676539897918701,6.2087615055081375
2026-09-22T03:49:53,sad,0.45789146423339844,6.06468236467875
2026-09-22T03:49:53,sad,0.4302014708518982,5.977099421571575
2026-09-22T03:49:53,neutral,0.4286060333251953,5.58903700703043
2026-09-22T03:49:53,neutral,0.43930166959762573,5.849184534393195
2026-09-22T03:49:54,neutral,0.43243464827537537,168.84602069159857
2026-09-22T03:49:54,neutral,0.44701385498046875,5.35288855083025
2026-09-22T03:49:54,neutral,0.4456062316894531,4.690004662828313
2026-09-22T03:49:54,neutral,0.4558268189430237,99.27111784336465
2026-09-22T03:49:55,neutral,0.46641024947166443,124.13223238332002
2026-09-22T03:49:55,neutral,0.4616836905479431,4.671611934579897
2026-09-22T03:49:55,neutral,0.4605691432952881,4.498878043548214
2026-09-22T03:49:55,neutral,0.47088319063186646,120.84893537326764
2026-09-22T03:49:55,neutral,0.4573628008365631,4.254233385704418
2026-09-22T03:49:56,neutral,0.444280207157135,121.80705117035488
2026-09-22T03:49:56,sad,0.4374743103981018,4.477166929434759
2026-09-22T03:49:56,neutral,0.43841561675071716,16.645979100769534
2026-09-22T03:49:57,neutral,0.43494290113449097,149.70033549860804
2026-09-22T03:49:57,sad,0.4441845417022705,82.20579357924032
2026-09-22T03:49:57,neutral,0.431509405374527,4.922533806225369
2026-09-22T03:49:58,sad,0.4409443438053131,16.656026749371573
2026-09-22T03:49:59,sad,0.4601520001888275,16.68810153778821
2026-09-22T03:49:59,sad,0.46051210165023804,3.6164153006218336
2026-09-22T03:49:59,sad,0.45994749665260315,16.619793317694796
2026-09-22T03:50:00,sad,0.46286386251449585,3.8308729172165803
2026-09-22T03:50:00,sad,0.4477663040161133,158.7428657936568
2026-09-22T03:50:00,sad,0.4697588086128235,141.85281385281385
2026-09-22T03:50:00,sad,0.4826904237270355,4.580799823508918
2026-09-22T03:50:00,sad,0.47248393297195435,4.571971724284523
2026-09-22T03:50:01,sad,0.48533669114112854,125.1097390007457
2026-09-22T03:50:01,sad,0.487900972366333,130.88793883601187
2026-09-22T03:50:01,sad,0.4539453983306885,117.96332545843177
2026-09-22T03:50:01,sad,0.44568783044815063,3.683395011530632
2026-09-22T03:50:02,neutral,0.4639712870121002,4.209538319177102
2026-09-22T03:50:02,neutral,0.5183310508728027,4.409384980582871
2026-09-22T03:50:02,neutral,0.561457097530365,3.779844094984905
2026-09-22T03:50:02,neutral,0.622353196144104,4.119736764561438
2026-09-22T03:50:03,neutral,0.6809452772140503,4.405753745249505
2026-09-22T03:50:03,neutral,0.7369204759597778,4.371329740501072
2026-09-22T03:50:03,neutral,0.7823505401611328,4.317570641824077
2026-09-22T03:50:03,neutral,0.834540069103241,119.36321466177182
2026-09-22T03:50:04,neutral,0.8065180778503418,115.95764562771281
2026-09-22T03:50:04,neutral,0.7788357138633728,4.449392098392967
2026-09-22T03:50:04,neutral,0.7144376039505005,121.06869876457684
2026-09-22T03:50:04,neutral,0.6825529336929321,122.35068988652607
2026-09-22T03:50:05,neutral,0.629069447517395,113.47611060007576
2026-09-22T03:50:05,neutral,0.5531002879142761,4.450978581881352
2026-09-22T03:50:05,neutral,0.4964720606803894,4.509863670917788
2026-09-22T03:50:05,neutral,0.4359602928161621,117.78113504254303
2026-09-22T03:50:06,sad,0.40783604979515076,125.55916778925311
2026-09-22T03:50:06,sad,0.43759116530418396,4.090479450585245
2026-09-22T03:50:06,sad,0.4541107714176178,19.637541786446675
2026-09-22T03:50:07,sad,0.47058796882629395,16.691488514987025
2026-09-22T03:50:08,sad,0.47153884172439575,16.71736782319297
2026-09-22T03:50:09,sad,0.4929013252258301,16.652389686906947
2026-09-22T03:50:09,sad,0.5063555836677551,5.024153478321283
2026-09-22T03:50:10,sad,0.47327661514282227,16.653381455496923
2026-09-22T03:50:10,sad,0.4676482081413269,16.570744523240425
2026-09-22T03:50:10,sad,0.4471481442451477,156.55645552610952
2026-09-22T03:50:11,sad,0.44553953409194946,16.617225354288905
2026-09-22T03:50:11,sad,0.4422233998775482,158.65879860795886
2026-09-22T03:50:12,sad,0.4454159140586853,40.90168314707546
2026-09-22T03:50:12,sad,0.4489803910255432,16.669000846504492
2026-09-22T03:50:13,sad,0.44764024019241333,16.628029320932594
2026-09-22T03:50:13,sad,0.4343174993991852,16.695142678592042
2026-09-22T03:50:13,sad,0.418992280960083,3.1191883856209444
2026-09-22T03:50:14,sad,0.4065555930137634,145.3680379856514
2026-09-22T03:50:14,neutral,0.3999982178211212,16.67907631496276
2026-09-22T03:50:14,neutral,0.39297711849212646,157.52071205918804
2026-09-22T03:50:15,neutral,0.42667046189308167,162.4754600038737
2026-09-22T03:50:15,neutral,0.4842417240142822,6.099288758723285
2026-09-22T03:50:15,neutral,0.552335798740387,6.250313312619681
2026-09-22T03:50:15,neutral,0.6219686269760132,5.76929182055144
2026-09-22T03:50:15,neutral,0.6727315187454224,5.869623749961516
2026-09-22T03:50:15,neutral,0.7052880525588989,5.982879990186164
2026-09-22T03:50:16,neutral,0.7588122487068176,5.97436649811267
2026-09-22T03:50:16,neutral,0.7686108350753784,5.385307931518844
2026-09-22T03:50:16,neutral,0.789571225643158,4.737731249816446
2026-09-22T03:50:16,neutral,0.82109135389328,4.514533397483712
2026-09-22T03:50:17,neutral,0.8386871218681335,4.321779199261415
2026-09-22T03:50:17,neutral,0.8102309107780457,4.303867556382838
2026-09-22T03:50:17,neutral,0.7767292857170105,4.342909683551775
2026-09-22T03:50:17,neutral,0.7310371398925781,3.805869361251908
2026-09-22T03:50:17,neutral,0.6936283707618713,4.135358598536461
2026-09-22T03:50:18,neutral,0.6139219999313354,119.57419391624141
2026-09-22T03:50:18,neutral,0.5592340230941772,4.407962342713675
2026-09-22T03:50:18,neutral,0.5411012172698975,120.40833668255154
2026-09-22T03:50:18,neutral,0.4770582616329193,116.88833152189059
2026-09-22T03:50:19,neutral,0.4298737645149231,16.650142115375456
2026-09-22T03:50:19,sad,0.42836976051330566,16.646573689683365
2026-09-22T03:50:20,sad,0.4303351044654846,3.575414117855657
2026-09-22T03:50:20,sad,0.4216812551021576,141.3318057755164
2026-09-22T03:50:20,sad,0.4035983085632324,131.04742860713617
2026-09-22T03:50:20,sad,0.3910612463951111,120.12899899756552
2026-09-22T03:50:21,neutral,0.4223574697971344,4.367697211603446
2026-09-22T03:50:21,neutral,0.4355563223361969,16.662577467026857
2026-09-22T03:50:22,neutral,0.4403058886528015,16.621505734281254
2026-09-22T03:50:22,neutral,0.45097702741622925,16.575656022763198
2026-09-22T03:50:22,neutral,0.4908619523048401,14.748682244140866
2026-09-22T03:50:23,neutral,0.49288541078567505,156.91372989150767
2026-09-22T03:50:23,neutral,0.44137662649154663,158.1980160675895
2026-09-22T03:50:23,neutral,0.4319323003292084,24.115451398870785
2026-09-22T03:50:24,neutral,0.38639765977859497,16.65622518029037
2026-09-22T03:50:24,sad,0.38243532180786133,4.072705239659487
2026-09-22T03:50:25,sad,0.39383789896965027,162.1613763773439
2026-09-22T03:50:25,sad,0.41688767075538635,135.6721332686398
2026-09-22T03:50:26,sad,0.4542213976383209,16.66403388187431
2026-09-22T03:50:26,sad,0.4443229138851166,3.9068242447726496
2026-09-22T03:50:26,sad,0.477022260427475,6.065138393418775
2026-09-22T03:50:26,sad,0.4833901524543762,5.939846770424709
2026-09-22T03:50:26,sad,0.4604598581790924,123.8719432959244
2026-09-22T03:50:27,sad,0.494407594203949,117.54677428395269
2026-09-22T03:50:27,sad,0.48598581552505493,118.83900946336487
2026-09-22T03:50:27,sad,0.5058408975601196,114.26753119381027
2026-09-22T03:50:27,sad,0.49334684014320374,4.384109642878794
2026-09-22T03:50:28,sad,0.46750420331954956,4.291502234100134
2026-09-22T03:50:28,sad,0.4797641634941101,61.1138406842389
2026-09-22T03:50:28,sad,0.5215759873390198,4.382808597790991
2026-09-22T03:50:28,sad,0.551887035369873,4.3745530853278485
2026-09-22T03:50:29,sad,0.5878856778144836,4.128203210198305
2026-09-22T03:50:29,sad,0.6250603199005127,4.4663065342418635
2026-09-22T03:50:29,sad,0.6275614500045776,94.6453651051539
2026-09-22T03:50:29,sad,0.6057292819023132,4.3484207274212645
2026-09-22T03:50:29,sad,0.5627237558364868,4.322233466130531
2026-09-22T03:50:30,sad,0.5787398815155029,4.3559941467325665
2026-09-22T03:50:30,sad,0.607610821723938,117.39543215405284
2026-09-22T03:50:30,sad,0.562468945980072,120.58488342006153
2026-09-22T03:50:30,sad,0.5329923033714294,4.366855945844083
2026-09-22T03:50:31,sad,0.4983898997306824,122.69787034870114
2026-09-22T03:50:31,sad,0.44699031114578247,4.444757177434054
2026-09-22T03:50:31,sad,0.41783007979393005,16.654241083836947
2026-09-22T03:50:32,neutral,0.40924254059791565,3.526714566192576
2026-09-22T03:50:32,sad,0.4274721145629883,133.11025071405902
2026-09-22T03:50:32,sad,0.42673054337501526,130.60671358286106
2026-09-22T03:50:32,sad,0.42303839325904846,4.450482684272068
2026-09-22T03:50:32,sad,0.40500181913375854,4.319745077299706
2026-09-22T03:50:33,sad,0.4129036068916321,4.408550749315221
2026-09-22T03:50:33,sad,0.4144919514656067,4.328924906750115
2026-09-22T03:50:33,sad,0.4126152992248535,21.597079404964806
2026-09-22T03:50:34,sad,0.43031826615333557,131.53648822404114
2026-09-22T03:50:34,sad,0.41088810563087463,125.27041395376621
2026-09-22T03:50:34,neutral,0.4139704704284668,4.533422107315639
2026-09-22T03:50:34,neutral,0.403616338968277,16.674235918964474
2026-09-22T03:50:35,sad,0.40459901094436646,16.661915544432528
2026-09-22T03:50:36,sad,0.41764745116233826,15.642041746381596
2026-09-22T03:50:36,sad,0.4243839681148529,14.599140961649576
2026-09-22T03:50:39,sad,0.40973955392837524,16.55570072430875
2026-09-22T03:50:52,neutral,0.4097786843776703,16.624931626303063
2026-09-22T03:50:54,neutral,0.44702115654945374,16.664298711927977
2026-09-22T03:51:00,neutral,0.448554664850235,16.834926126762543
2026-09-22T03:51:00,neutral,0.42870837450027466,139.15148298055868
2026-09-22T03:51:00,neutral,0.4164896011352539,161.06539687415997
2026-09-22T03:51:01,neutral,0.4398694932460785,16.66529189960227
2026-09-22T03:51:01,neutral,0.4587441086769104,54.886335680075376
2026-09-22T03:51:02,neutral,0.5131304860115051,156.36968273496626
2026-09-22T03:51:02,neutral,0.5692123174667358,5.953158820298317
2026-09-22T03:51:02,neutral,0.6139826774597168,5.810540781664736
2026-09-22T03:51:02,neutral,0.6470293998718262,6.048685941069245
2026-09-22T03:51:02,neutral,0.6707602739334106,5.976384022524519
2026-09-22T03:51:02,neutral,0.7131276726722717,6.204435687268219
2026-09-22T03:51:03,neutral,0.7712263464927673,5.827186564821015
2026-09-22T03:51:03,neutral,0.821386992931366,6.170017711404143
2026-09-22T03:51:03,neutral,0.8664108514785767,6.172287642486513
2026-09-22T03:51:03,neutral,0.9098730087280273,6.122008001529661
2026-09-22T03:51:03,neutral,0.8718460202217102,6.194045345868203
2026-09-22T03:51:03,neutral,0.8225229978561401,136.56000520935078
2026-09-22T03:51:04,neutral,0.7781192064285278,6.065401518120411
2026-09-22T03:51:04,neutral,0.7415567636489868,5.652578920131102
2026-09-22T03:51:04,neutral,0.6893712282180786,6.068604698270124
2026-09-22T03:51:04,neutral,0.635982871055603,5.944232570729682
2026-09-22T03:51:04,neutral,0.5766906142234802,6.281625256473618
2026-09-22T03:51:04,neutral,0.5094033479690552,5.425095391460686
2026-09-22T03:51:05,neutral,0.4886477589607239,6.059486729038932
2026-09-22T03:51:05,sad,0.42733868956565857,6.127991818248229
2026-09-22T03:51:05,sad,0.43439292907714844,146.2500087171798
2026-09-22T03:51:05,sad,0.4535463750362396,154.81135348614032
2026-09-22T03:51:05,sad,0.4430486261844635,6.372433701258745
2026-09-22T03:51:06,sad,0.4294908940792084,16.571530167560244
2026-09-22T03:51:06,neutral,0.43835872411727905,3.6244279453039665
2026-09-22T03:51:06,sad,0.4265955090522766,125.22179429765637
2026-09-22T03:51:06,neutral,0.4293404519557953,166.39441425000993
2026-09-22T03:51:06,neutral,0.45600375533103943,6.232082945775596
2026-09-22T03:51:06,neutral,0.42488861083984375,146.9828987945052
2026-09-22T03:51:07,neutral,0.4435536861419678,5.664778544011626
2026-09-22T03:51:07,neutral,0.42193904519081116,162.30570389288755
2026-09-22T03:51:07,neutral,0.4654388427734375,6.137425043678793
2026-09-22T03:51:07,neutral,0.4412689208984375,6.277939596049705
2026-09-22T03:51:07,neutral,0.4398175776004791,155.71947280490068
2026-09-22T03:51:08,sad,0.40898409485816956,5.54827068942254
2026-09-22T03:51:08,neutral,0.43399518728256226,6.0527710273090936
2026-09-22T03:51:08,neutral,0.4239438474178314,6.121748877614763
2026-09-22T03:51:08,neutral,0.42767366766929626,5.725324466139221
2026-09-22T03:51:08,neutral,0.4283868670463562,5.979033559419645
2026-09-22T03:51:08,sad,0.4443780481815338,5.861085298182413
2026-09-22T03:51:09,sad,0.4339102804660797,6.0209699461396236
2026-09-22T03:51:09,sad,0.463162899017334,6.0990138170312145
2026-09-22T03:51:09,sad,0.4676050543785095,153.6712830658753
2026-09-22T03:51:09,sad,0.4808122515678406,6.05064050778996
2026-09-22T03:51:09,sad,0.4839072823524475,6.145428331975596
2026-09-22T03:51:09,sad,0.49245721101760864,5.844204847245174
2026-09-22T03:51:10,sad,0.49598178267478943,5.7285461419112345
2026-09-22T03:51:10,sad,0.521418571472168,5.980636348340401
2026-09-22T03:51:10,sad,0.5325391888618469,5.947511414877627
2026-09-22T03:51:10,sad,0.5341176390647888,6.016150917848342
2026-09-22T03:51:10,sad,0.5446970462799072,6.0145721631818425
2026-09-22T03:51:10,sad,0.5442106127738953,5.784919749365898
2026-09-22T03:51:11,sad,0.5518914461135864,5.9884921915379055
2026-09-22T03:51:11,sad,0.545854389667511,5.573263032570797
2026-09-22T03:51:11,sad,0.5317529439926147,5.113371093626183
2026-09-22T03:51:11,sad,0.5353659391403198,123.34737089754147
2026-09-22T03:51:11,sad,0.523581326007843,4.482238520305933
2026-09-22T03:51:12,sad,0.5037842988967896,4.197510898326321
2026-09-22T03:51:12,sad,0.5057001709938049,4.212070513425629
2026-09-22T03:51:12,sad,0.5004892349243164,4.4159679260142095
2026-09-22T03:51:12,sad,0.4873639643192291,4.301722307746744
2026-09-22T03:51:13,sad,0.4735240936279297,4.332421600628021
2026-09-22T03:51:13,sad,0.4557214677333832,4.361697215745896
2026-09-22T03:51:13,sad,0.4728096127510071,4.369062115560296
2026-09-22T03:51:13,sad,0.47367063164711,4.408518313364705
2026-09-22T03:51:14,sad,0.4591997563838959,4.109033340125711
2026-09-22T03:51:14,sad,0.4507783353328705,4.441138009425881
2026-09-22T03:51:14,sad,0.4535847306251526,4.428940404763564
2026-09-22T03:51:14,sad,0.45455852150917053,4.4475331976760835
2026-09-22T03:51:14,sad,0.471808522939682,4.424231300697235
2026-09-22T03:51:15,sad,0.48280614614486694,4.288742101065462
2026-09-22T03:51:15,sad,0.4954172670841217,4.3186375758074975
2026-09-22T03:51:15,sad,0.49871116876602173,4.387305977244984
2026-09-22T03:51:15,sad,0.460834264755249,116.8818169151456
2026-09-22T03:51:16,sad,0.461122989654541,4.38755839716137
2026-09-22T03:51:16,sad,0.4639318585395813,4.371179403378299
2026-09-22T03:51:16,sad,0.46348077058792114,120.22196743866085
2026-09-22T03:51:16,sad,0.45609551668167114,3.875780713613132
2026-09-22T03:51:17,sad,0.46612828969955444,4.198015045300045
2026-09-22T03:51:17,sad,0.4567251205444336,4.320136619310662
2026-09-22T03:51:17,sad,0.4490709900856018,4.45198961065428
2026-09-22T03:51:17,neutral,0.44612687826156616,4.327442083129564
2026-09-22T03:51:17,neutral,0.4463030695915222,4.339454410579473
2026-09-22T03:51:18,sad,0.4428535997867584,4.314377438490633
2026-09-22T03:51:18,sad,0.44210490584373474,4.386755343682704
2026-09-22T03:51:18,sad,0.4459116458892822,4.369808623755908
2026-09-22T03:51:18,sad,0.45508235692977905,4.441349631926267
2026-09-22T03:51:19,sad,0.4552447199821472,4.283827425538912
2026-09-22T03:51:19,sad,0.42887669801712036,4.372350484061467
2026-09-22T03:51:19,sad,0.42865633964538574,4.405050422303861
2026-09-22T03:51:19,sad,0.4390985369682312,4.3736134022661055
2026-09-22T03:51:20,sad,0.44585666060447693,4.128869673415708
2026-09-22T03:51:20,sad,0.4409194588661194,4.363180917408288
2026-09-22T03:51:20,sad,0.44149985909461975,4.436665739343095
2026-09-22T03:51:20,sad,0.4351615905761719,4.353389928144172
2026-09-22T03:51:20,neutral,0.4214160442352295,4.025475555214312
2026-09-22T03:51:21,neutral,0.435238778591156,3.8711875857778777
2026-09-22T03:51:21,neutral,0.4536254405975342,4.118842683201073
2026-09-22T03:51:21,neutral,0.46412739157676697,4.294208766963403
2026-09-22T03:51:21,neutral,0.49049192667007446,117.08410797532312
2026-09-22T03:51:22,neutral,0.49545949697494507,4.414829129865933
2026-09-22T03:51:22,neutral,0.5030151605606079,119.97780256872336
2026-09-22T03:51:22,neutral,0.5141561031341553,3.2159630244729778
2026-09-22T03:51:22,neutral,0.5285134315490723,4.291322212582055
2026-09-22T03:51:23,neutral,0.5345107316970825,4.201475919394406
2026-09-22T03:51:23,neutral,0.5184932947158813,4.359561913453273
2026-09-22T03:51:23,neutral,0.5348176956176758,120.61609248288951
2026-09-22T03:51:23,neutral,0.5151928067207336,112.46591945085001
2026-09-22T03:51:24,neutral,0.5090094804763794,4.304229722892964
2026-09-22T03:51:24,neutral,0.5125840902328491,4.34393069271041
2026-09-22T03:51:24,neutral,0.5136023759841919,4.369389819455397
2026-09-22T03:51:24,neutral,0.48706716299057007,4.434278271496868
2026-09-22T03:51:25,neutral,0.45112842321395874,3.5921116300102
2026-09-22T03:51:25,neutral,0.4333401620388031,4.0683124322845785
2026-09-22T03:51:25,sad,0.43015891313552856,3.871176866918327
2026-09-22T03:51:25,neutral,0.4313666820526123,119.7927626881444
2026-09-22T03:51:26,neutral,0.4408190846443176,102.9782469923889
2026-09-22T03:51:26,neutral,0.4806808531284332,3.8700088669741657
2026-09-22T03:51:26,neutral,0.5036817789077759,3.9391754252338775
2026-09-22T03:51:26,neutral,0.528804361820221,3.910007364525361
2026-09-22T03:51:27,neutral,0.5810717344284058,3.8594610212567826
2026-09-22T03:51:27,neutral,0.6085721254348755,2.963801701129965
2026-09-22T03:51:27,neutral,0.6427648663520813,3.932287799353479
2026-09-22T03:51:28,neutral,0.6683118343353271,3.8097341917481726
2026-09-22T03:51:28,neutral,0.6671177744865417,3.846506709806047
2026-09-22T03:51:28,neutral,0.6631882190704346,117.2117147328415
2026-09-22T03:51:28,neutral,0.6465234756469727,3.8269197080291972
2026-09-22T03:51:29,neutral,0.6303478479385376,3.680256774507163
2026-09-22T03:51:29,neutral,0.6188875436782837,3.8771206377465894
2026-09-22T03:51:29,neutral,0.5727124810218811,3.8015574923503053
2026-09-22T03:51:29,neutral,0.5310872197151184,4.055178921559149
2026-09-22T03:51:30,neutral,0.5020565986633301,4.207034486355712
2026-09-22T03:51:30,neutral,0.4763921797275543,4.33233657563635
2026-09-22T03:51:30,neutral,0.44715771079063416,4.454916622411046
2026-09-22T03:51:30,neutral,0.4278930127620697,118.25600541333033
2026-09-22T03:51:30,neutral,0.40182241797447205,4.301991449975794
2026-09-22T03:51:31,sad,0.38819119334220886,4.430231551017908
2026-09-22T03:51:31,sad,0.40958747267723083,4.478271175220748
2026-09-22T03:51:31,sad,0.4212605953216553,4.402165448129793
2026-09-22T03:51:31,sad,0.43704232573509216,4.424259301452284
2026-09-22T03:51:32,sad,0.43283700942993164,4.337035849817494
2026-09-22T03:51:32,sad,0.4199701249599457,4.443810635766375
2026-09-22T03:51:32,sad,0.4230397343635559,4.401440176128797
2026-09-22T03:51:32,sad,0.40617069602012634,4.4004612070910065
2026-09-22T03:51:33,neutral,0.3995221257209778,116.98287499302728
2026-09-22T03:51:33,neutral,0.42283567786216736,4.354655478691871
2026-09-22T03:51:33,neutral,0.43032756447792053,4.432314876556191
2026-09-22T03:51:33,neutral,0.4099859297275543,4.4979758430948635
2026-09-22T03:51:33,sad,0.4035187363624573,4.27858790310323
2026-09-22T03:51:34,sad,0.40317997336387634,4.126420260297841
2026-09-22T03:51:34,sad,0.4160870611667633,4.41339833346837
2026-09-22T03:51:34,sad,0.4352418780326843,4.4172840832377585
2026-09-22T03:51:34,neutral,0.42422860860824585,4.469080974645078
2026-09-22T03:51:35,neutral,0.4381485879421234,116.59913265873458
2026-09-22T03:51:35,neutral,0.45740318298339844,4.332515579501683
2026-09-22T03:51:35,neutral,0.43180957436561584,3.9189982891831714
2026-09-22T03:51:35,neutral,0.4294491410255432,4.28693173397602
2026-09-22T03:51:36,neutral,0.4277634024620056,4.322843759179193
2026-09-22T03:51:36,sad,0.41414308547973633,4.531242673995642
2026-09-22T03:51:36,sad,0.4285295009613037,4.332622988921313
2026-09-22T03:51:36,sad,0.45611482858657837,4.439788802465947
2026-09-22T03:51:37,sad,0.4352169930934906,4.171680974077577
2026-09-22T03:51:37,sad,0.4746426045894623,4.464623562860516
2026-09-22T03:51:37,sad,0.515205442905426,4.441147414442106
2026-09-22T03:51:37,sad,0.5258303880691528,4.4276967511464305
2026-09-22T03:51:37,sad,0.5092291235923767,4.286638186538029
2026-09-22T03:51:38,sad,0.47955265641212463,4.505406848280625
2026-09-22T03:51:38,sad,0.4577810764312744,4.292916586918095
2026-09-22T03:51:38,sad,0.43644219636917114,113.98494442481724
2026-09-22T03:51:38,neutral,0.44279271364212036,121.91326589931403
2026-09-22T03:51:39,neutral,0.446094274520874,4.482128354406573
2026-09-22T03:51:39,neutral,0.43255433440208435,4.033000126923565
2026-09-22T03:51:39,neutral,0.4259940981864929,4.264090098552917
2026-09-22T03:51:39,neutral,0.42886823415756226,4.42147496207653
2026-09-22T03:51:40,sad,0.4200657308101654,4.335345805076556
2026-09-22T03:51:40,sad,0.4235171675682068,114.5046137046137
2026-09-22T03:51:40,sad,0.42209309339523315,113.725332827201
2026-09-22T03:51:40,sad,0.4486960470676422,4.442281010572159
2026-09-22T03:51:41,sad,0.4282676577568054,4.320741869321969
2026-09-22T03:51:41,sad,0.4460366666316986,122.61537112286959
2026-09-22T03:51:41,sad,0.41864776611328125,4.4219038110590185
2026-09-22T03:51:41,sad,0.43908604979515076,121.8565950029053
2026-09-22T03:51:41,sad,0.42124947905540466,4.377877144419812
2026-09-22T03:51:42,sad,0.42560529708862305,4.371580325353745
2026-09-22T03:51:42,sad,0.42675700783729553,4.371320628865925
2026-09-22T03:51:42,sad,0.43616676330566406,119.56737649305853
2026-09-22T03:51:42,sad,0.4709154963493347,3.90141320635901
2026-09-22T03:51:43,sad,0.4643593728542328,120.8384903486027
2026-09-22T03:51:43,sad,0.4916439950466156,4.258410105731685
2026-09-22T03:51:43,sad,0.488435834646225,4.351547156500132
2026-09-22T03:51:43,sad,0.5138584971427917,122.3185768445611
2026-09-22T03:51:44,sad,0.525579571723938,4.39642525465763
2026-09-22T03:51:44,sad,0.5381773114204407,4.5710748440182005
2026-09-22T03:51:44,sad,0.5352731347084045,4.45554129734599
2026-09-22T03:51:44,sad,0.5313832759857178,120.9953555459397
2026-09-22T03:51:45,sad,0.5362042784690857,4.421176681406368
2026-09-22T03:51:45,sad,0.5173592567443848,4.448717241613386
2026-09-22T03:51:45,sad,0.5118411183357239,4.51179446468545
2026-09-22T03:51:45,sad,0.5105327367782593,119.58442150880994
2026-09-22T03:51:45,sad,0.5276588201522827,4.417767956545965
2026-09-22T03:51:46,sad,0.5156574845314026,4.525161158072469
2026-09-22T03:51:46,sad,0.5153052806854248,4.566327247152785
2026-09-22T03:51:46,sad,0.504097580909729,4.219651446237549
2026-09-22T03:51:46,sad,0.49084824323654175,121.45785190976747
2026-09-22T03:51:47,sad,0.5037149786949158,4.353633941351646
2026-09-22T03:51:47,sad,0.4843813478946686,119.54352163256
2026-09-22T03:51:47,sad,0.48898211121559143,4.377159852852931
2026-09-22T03:51:47,sad,0.5015944242477417,105.30250307549396
2026-09-22T03:51:48,sad,0.5094958543777466,4.387218784387068
2026-09-22T03:51:48,sad,0.49260368943214417,4.499751641153114
2026-09-22T03:51:48,sad,0.4963034987449646,4.363475963088959
2026-09-22T03:51:48,sad,0.46628060936927795,123.49991166597962
2026-09-22T03:51:49,sad,0.463678777217865,3.8904627497103696
2026-09-22T03:51:49,sad,0.49901843070983887,3.959684758678766
2026-09-22T03:51:49,sad,0.4618801474571228,3.8542475894320036
2026-09-22T03:51:49,sad,0.48167094588279724,3.9174902233293265
2026-09-22T03:51:50,sad,0.4850855767726898,3.712762426097571
2026-09-22T03:51:50,sad,0.486721932888031,3.913732435436027
2026-09-22T03:51:50,sad,0.4807080626487732,3.960537249391893
2026-09-22T03:51:50,sad,0.49280601739883423,2.8876725834190484
2026-09-22T03:51:51,sad,0.5010594129562378,83.22692277164855
2026-09-22T03:51:51,sad,0.5067718029022217,3.2738841968871473
2026-09-22T03:51:51,sad,0.5351184606552124,3.832514619883041
2026-09-22T03:51:52,sad,0.5024009943008423,3.841919318214086
2026-09-22T03:51:52,sad,0.5195313692092896,3.860960272917152
2026-09-22T03:51:52,sad,0.5150647759437561,3.865497086802413
2026-09-22T03:51:52,sad,0.5239794850349426,3.806978228095351
2026-09-22T03:51:53,sad,0.5186153650283813,3.765557610471693
2026-09-22T03:51:53,sad,0.5358672738075256,120.16685766674307
2026-09-22T03:51:53,sad,0.5259456038475037,3.861529014147786
2026-09-22T03:51:53,sad,0.4964209496974945,3.8024052957846584
2026-09-22T03:51:54,sad,0.46006840467453003,108.7875502528855
2026-09-22T03:51:54,neutral,0.4340030550956726,3.8392571749728597
2026-09-22T03:51:54,neutral,0.4986310601234436,3.560230506943814
2026-09-22T03:51:54,neutral,0.5569959878921509,3.618886561219806
2026-09-22T03:51:55,neutral,0.6201552748680115,3.8896654054455078
2026-09-22T03:51:55,neutral,0.6619003415107727,2.8565443086424294
2026-09-22T03:51:55,neutral,0.6811909675598145,3.954920567868081
2026-09-22T03:51:56,neutral,0.7519840002059937,3.8877581570729545
2026-09-22T03:51:56,neutral,0.7966841459274292,3.8265356579175447
2026-09-22T03:51:56,neutral,0.836410403251648,3.932479513960509
2026-09-22T03:51:56,neutral,0.8391283750534058,3.8818212696170935
2026-09-22T03:51:57,neutral,0.8573058247566223,3.7507983506268316
2026-09-22T03:51:57,neutral,0.8430353403091431,3.9029960814675095
2026-09-22T03:51:57,neutral,0.8014980554580688,3.9322841127173076
2026-09-22T03:51:57,neutral,0.7393092513084412,3.835504098132042
2026-09-22T03:51:58,neutral,0.7322312593460083,117.94673940552853
2026-09-22T03:51:58,neutral,0.7102679014205933,3.836756647975192
2026-09-22T03:51:58,neutral,0.6743223667144775,3.8746958390223982
2026-09-22T03:51:58,neutral,0.6138058304786682,95.45308481827905
2026-09-22T03:51:59,neutral,0.5750399827957153,3.784345817581406
2026-09-22T03:51:59,neutral,0.51752769947052,3.982854266966736
2026-09-22T03:51:59,neutral,0.47412410378456116,3.7733389830355994
2026-09-22T03:52:00,neutral,0.4237724840641022,3.625101446219027
2026-09-22T03:52:00,sad,0.4192149043083191,3.0152939231206104
2026-09-22T03:52:00,sad,0.42192864418029785,3.862933811759635
2026-09-22T03:52:00,sad,0.4424668848514557,3.8576755188721763
2026-09-22T03:52:01,sad,0.42180562019348145,3.627484201176728
2026-09-22T03:52:01,sad,0.45432838797569275,119.58442150880994
2026-09-22T03:52:01,sad,0.4598914682865143,3.535630230566402
2026-09-22T03:52:02,sad,0.46686500310897827,3.0809366720215547
2026-09-22T03:52:02,sad,0.4429873824119568,3.9562747308202026
2026-09-22T03:52:02,sad,0.4601345658302307,3.968106080960905
2026-09-22T03:52:02,sad,0.4804520606994629,3.840920142307041
2026-09-22T03:52:03,sad,0.45784133672714233,3.914236466579752
2026-09-22T03:52:03,sad,0.45572295784950256,3.942189175649676
2026-09-22T03:52:03,sad,0.4571135640144348,3.7471759740700636
2026-09-22T03:52:03,sad,0.47600728273391724,3.784656558738684
2026-09-22T03:52:04,sad,0.46166467666625977,3.8387792944260277
2026-09-22T03:52:04,sad,0.46073588728904724,3.8797243134893438
2026-09-22T03:52:04,sad,0.4452544152736664,3.870233839669144
2026-09-22T03:52:04,sad,0.4274817109107971,3.745834021746411
2026-09-22T03:52:05,sad,0.41246479749679565,3.864485611040166
2026-09-22T03:52:05,sad,0.40964967012405396,4.080804582156482
2026-09-22T03:52:05,sad,0.4467484951019287,3.796983816461638
2026-09-22T03:52:05,sad,0.4170420169830322,95.86542329493508
2026-09-22T03:52:06,sad,0.41825881600379944,4.027319261462001
2026-09-22T03:52:06,sad,0.41749733686447144,3.9784341623508435
2026-09-22T03:52:06,sad,0.4080367982387543,3.657503224281829
2026-09-22T03:52:07,neutral,0.40606826543807983,3.6615998128302096
2026-09-22T03:52:07,sad,0.41164320707321167,3.944090874896562
2026-09-22T03:52:07,sad,0.4413084387779236,3.9713259612534997
2026-09-22T03:52:07,sad,0.45756030082702637,104.09510336783065
2026-09-22T03:52:08,sad,0.4426363408565521,3.8282400316897616
2026-09-22T03:52:08,sad,0.41140109300613403,117.91358128812797
2026-09-22T03:52:08,sad,0.4531784951686859,95.70573873359955
2026-09-22T03:52:08,sad,0.45847296714782715,3.6269258540255183
2026-09-22T03:52:09,sad,0.46235188841819763,3.784981013297911
2026-09-22T03:52:09,sad,0.4750927984714508,3.9799102165449405
2026-09-22T03:52:09,sad,0.47260284423828125,3.878888317568592
2026-09-22T03:52:10,sad,0.4734307825565338,41.82509323707146
2026-09-22T03:52:10,sad,0.46786364912986755,1.6000762975834648
2026-09-22T03:52:10,sad,0.48430100083351135,4.2852104545835354
2026-09-22T03:52:11,sad,0.4944053590297699,4.3046140393729715
2026-09-22T03:52:11,sad,0.5237702131271362,4.086772833212512
2026-09-22T03:52:11,sad,0.5115981101989746,3.651399340462651
2026-09-22T03:52:11,sad,0.5079665780067444,3.713054948167952
2026-09-22T03:52:12,sad,0.5153566002845764,99.19598893172197
2026-09-22T03:52:12,sad,0.5271729230880737,115.4978383588049
2026-09-22T03:52:12,sad,0.5435999631881714,3.9599015855452353
2026-09-22T03:52:12,sad,0.5403878092765808,3.8236612230088594
2026-09-22T03:52:13,sad,0.5608013868331909,4.003975046179841
2026-09-22T03:52:13,sad,0.5436676144599915,3.980197249364913
2026-09-22T03:52:13,sad,0.5443085432052612,2.8822849901834866
2026-09-22T03:52:13,sad,0.5414602160453796,4.199128798990039
2026-09-22T03:52:14,sad,0.5384230613708496,4.2495395146109125
2026-09-22T03:52:14,sad,0.5177785158157349,4.272325202854529
2026-09-22T03:52:14,sad,0.5300456285476685,118.63732533800984
2026-09-22T03:52:14,sad,0.4940536916255951,4.3706009297013635
2026-09-22T03:52:15,sad,0.483325719833374,4.338834930365402
2026-09-22T03:52:15,sad,0.49410906434059143,122.54372279194787
2026-09-22T03:52:15,sad,0.4598376154899597,4.371398078975454
2026-09-22T03:52:15,sad,0.44877058267593384,4.468728624852172
2026-09-22T03:52:16,sad,0.4445436894893646,4.328004721867945
2026-09-22T03:52:16,sad,0.4426819682121277,17.96121959575197
2026-09-22T03:52:16,sad,0.4397957921028137,16.577228317576754
2026-09-22T03:52:17,sad,0.4621862471103668,3.5820707890232946
2026-09-22T03:52:17,sad,0.4227113723754883,16.692152789385293
2026-09-22T03:52:17,sad,0.4376423954963684,144.65611312295223
2026-09-22T03:52:17,sad,0.4378109872341156,127.4786943042976
2026-09-22T03:52:18,sad,0.4254406988620758,16.60860543759751
2026-09-22T03:52:18,sad,0.4581531584262848,3.297538425252565
2026-09-22T03:52:18,sad,0.44406527280807495,130.5741859161945
2026-09-22T03:52:19,sad,0.43194833397865295,28.797736994239497
2026-09-22T03:52:19,sad,0.4376360774040222,106.0909067914506
2026-09-22T03:52:19,sad,0.43753352761268616,4.539417775824861
2026-09-22T03:52:19,sad,0.43410617113113403,4.55557969188527
2026-09-22T03:52:19,sad,0.4518314301967621,4.371388967055415
2026-09-22T03:52:20,sad,0.45926403999328613,16.64895247016981
2026-09-22T03:52:20,sad,0.44920915365219116,4.163390823138199
2026-09-22T03:52:21,sad,0.4703308939933777,16.64564879194844
2026-09-22T03:52:22,sad,0.42695149779319763,16.53807542929243
2026-09-22T03:52:22,sad,0.4374544024467468,16.824931505750307
2026-09-22T03:52:23,sad,0.45612412691116333,3.6352466830994947
2026-09-22T03:52:23,sad,0.4253060221672058,6.061255574534745
2026-09-22T03:52:23,sad,0.4122156500816345,153.46324686253703
2026-09-22T03:52:25,sad,0.40068674087524414,16.662378884726465
2026-09-22T03:52:26,sad,0.3935946822166443,16.567275485053404
2026-09-22T03:52:26,sad,0.3834623396396637,16.63726334077738
2026-09-22T03:52:27,sad,0.3922450542449951,16.55589677195254
2026-09-22T03:52:28,neutral,0.39637312293052673,154.0381211208638
2026-09-22T03:52:28,neutral,0.3815348148345947,154.47495580436063
2026-09-22T03:52:28,neutral,0.43601664900779724,6.125852759428003
2026-09-22T03:52:28,neutral,0.5106680989265442,5.91576081974034
2026-09-22T03:52:28,neutral,0.5728448033332825,5.778201475717883
2026-09-22T03:52:29,neutral,0.6176720857620239,5.997328994140374
2026-09-22T03:52:29,neutral,0.6537638902664185,6.084856855195546
2026-09-22T03:52:29,neutral,0.6879892945289612,4.395549854540271
2026-09-22T03:52:29,neutral,0.7312902212142944,5.732735043552781
2026-09-22T03:52:29,neutral,0.7897276878356934,5.982359451842217
2026-09-22T03:52:29,neutral,0.8116214871406555,5.958969346351
2026-09-22T03:52:30,neutral,0.8066909909248352,6.002135082612814
2026-09-22T03:52:30,neutral,0.7410414814949036,5.957268149957746
2026-09-22T03:52:30,neutral,0.6639450788497925,6.185376788084353
2026-09-22T03:52:30,neutral,0.6195452213287354,5.293372153630442
2026-09-22T03:52:31,neutral,0.5833942890167236,16.68451682452295
2026-09-22T03:52:33,neutral,0.5773927569389343,16.68206152108374
2026-09-22T03:52:33,neutral,0.5725791454315186,4.9479044890072235
2026-09-22T03:52:33,neutral,0.5436755418777466,6.147256725364756
2026-09-22T03:52:33,neutral,0.5105201005935669,4.912001442810483
2026-09-22T03:52:33,neutral,0.47910451889038086,5.806189220429549
2026-09-22T03:52:34,neutral,0.4641098976135254,5.3945754619911925
2026-09-22T03:52:34,neutral,0.4772430956363678,4.959564857514485
2026-09-22T03:52:34,neutral,0.531764030456543,4.471463173336063
2026-09-22T03:52:34,neutral,0.5100564956665039,4.397881955730778
2026-09-22T03:52:34,neutral,0.46691232919692993,4.250805709490549
2026-09-22T03:52:35,neutral,0.4426954686641693,4.215105545868862
2026-09-22T03:52:35,neutral,0.3930586874485016,4.299059174915158
2026-09-22T03:52:35,neutral,0.3874736726284027,3.5141771774338144
2026-09-22T03:52:35,neutral,0.35687515139579773,3.7765972389798703
2026-09-22T03:52:36,neutral,0.39798805117607117,4.44621309534284
2026-09-22T03:52:36,neutral,0.38867029547691345,4.398172489401214
2026-09-22T03:52:36,neutral,0.38962990045547485,4.293663671010862
2026-09-22T03:52:36,neutral,0.36299580335617065,4.376730504143192
2026-09-22T03:52:37,neutral,0.36768659949302673,4.309439289497504
2026-09-22T03:52:37,neutral,0.40891820192337036,4.38504008873992
2026-09-22T03:52:37,neutral,0.4348148703575134,4.362060107618804
2026-09-22T03:52:37,neutral,0.45755138993263245,4.462172688673776
2026-09-22T03:52:38,neutral,0.4296192526817322,4.262673012446632
2026-09-22T03:52:38,neutral,0.4394361972808838,4.413913870724002
2026-09-22T03:52:38,neutral,0.376964271068573,4.285376828356227
2026-09-22T03:52:38,neutral,0.393809974193573,4.407721465645069
2026-09-22T03:52:38,neutral,0.3911706209182739,4.18835235130879
2026-09-22T03:52:39,neutral,0.3738923668861389,4.270924383438894
2026-09-22T03:52:39,neutral,0.39114871621131897,4.326638567216896
2026-09-22T03:52:39,neutral,0.37416577339172363,4.287194646403627
2026-09-22T03:52:39,neutral,0.33879274129867554,3.961012260871454
2026-09-22T03:52:40,neutral,0.3786383271217346,3.9077597041721677
2026-09-22T03:52:40,neutral,0.4095236659049988,4.151530778390245
2026-09-22T03:52:40,neutral,0.3994656801223755,4.253525840274137
2026-09-22T03:52:41,neutral,0.42734307050704956,21.62960059820024
2026-09-22T03:52:41,neutral,0.4178397059440613,3.5807466434000457
2026-09-22T03:52:41,neutral,0.40738606452941895,4.790167278242408
2026-09-22T03:52:41,neutral,0.4136335253715515,4.361325314233902
2026-09-22T03:52:41,neutral,0.4220154881477356,4.483038582975094
2026-09-22T03:52:42,neutral,0.46434181928634644,4.129487563207889
2026-09-22T03:52:42,neutral,0.42870932817459106,3.8851760800173403
2026-09-22T03:52:42,neutral,0.3553401231765747,3.948687726063404
2026-09-22T03:52:42,neutral,0.3218531012535095,4.0422312192987615
2026-09-22T03:52:46,neutral,0.32969480752944946,16.634689976283205
2026-09-22T03:52:46,neutral,0.3668595850467682,161.7673557543968
2026-09-22T03:52:46,neutral,0.3728164732456207,5.926108450945015
2026-09-22T03:52:46,neutral,0.3797779977321625,5.732022106454275
2026-09-22T03:52:46,neutral,0.38701996207237244,5.9311113310802215
2026-09-22T03:52:46,neutral,0.40121904015541077,5.994149196907964
2026-09-22T03:52:47,neutral,0.4081411361694336,154.33285498767341
2026-09-22T03:52:47,neutral,0.4612547755241394,6.14581553632787
2026-09-22T03:52:47,neutral,0.49553292989730835,16.674037058680884
2026-09-22T03:52:48,neutral,0.5028717517852783,16.541858438142114
2026-09-22T03:52:48,neutral,0.5129255652427673,16.62539291192827
2026-09-22T03:52:49,neutral,0.49240249395370483,3.9432825212615334
2026-09-22T03:52:49,neutral,0.4644458293914795,4.242670443050779
2026-09-22T03:52:49,neutral,0.44770804047584534,6.185769043015558
2026-09-22T03:52:49,neutral,0.4505971074104309,5.905158261976297
2026-09-22T03:52:49,neutral,0.41886791586875916,4.945716617063726
2026-09-22T03:52:50,neutral,0.36268720030784607,4.318851025884456
2026-09-22T03:52:50,neutral,0.337167888879776,4.447495469588186
2026-09-22T03:52:50,happy,0.34117573499679565,4.356555184745476
2026-09-22T03:52:50,happy,0.36532220244407654,4.3404962543425105
2026-09-22T03:52:51,happy,0.391369491815567,4.302176780596681
2026-09-22T03:52:51,happy,0.3788197338581085,4.105003748456086
2026-09-22T03:52:51,neutral,0.33542463183403015,4.157670762908017
2026-09-22T03:52:51,neutral,0.35156649351119995,4.37806907119431
2026-09-22T03:52:52,neutral,0.33817559480667114,3.127402982225649
2026-09-22T03:52:52,sad,0.3278920650482178,4.370541724498685
2026-09-22T03:52:52,neutral,0.34518760442733765,4.386328697729188
2026-09-22T03:52:52,neutral,0.3581816554069519,4.455498700308166
2026-09-22T03:52:52,neutral,0.36397990584373474,4.347050666312903
2026-09-22T03:52:53,neutral,0.36730289459228516,4.386250717655314
2026-09-22T03:52:53,neutral,0.3800605535507202,4.443659979764484
2026-09-22T03:52:53,neutral,0.3965345323085785,4.240247077080164
2026-09-22T03:52:54,neutral,0.4575919210910797,16.66972958364466
2026-09-22T03:52:55,neutral,0.4687710404396057,5.48204805136074
2026-09-22T03:52:55,neutral,0.47898736596107483,5.929182923381397
2026-09-22T03:52:55,neutral,0.46884092688560486,6.04858999041006
2026-09-22T03:52:55,neutral,0.44480204582214355,6.077732535392909
2026-09-22T03:52:55,neutral,0.4065078794956207,5.159534174823445
2026-09-22T03:52:56,neutral,0.37400561571121216,4.5253906292145984
2026-09-22T03:52:56,happy,0.3461885452270508,4.271207083539122
2026-09-22T03:52:56,happy,0.38592252135276794,4.249927045167148
2026-09-22T03:52:56,happy,0.436099112033844,3.5926131496899303
2026-09-22T03:52:57,happy,0.5249646306037903,4.107472041052158
2026-09-22T03:52:57,happy,0.5722464323043823,4.3603595736430485
2026-09-22T03:52:57,happy,0.6208997964859009,4.289606180512445
2026-09-22T03:52:57,happy,0.5994695425033569,4.266649305626197
2026-09-22T03:52:58,happy,0.6057850122451782,4.321138043863481
2026-09-22T03:52:58,happy,0.6583049893379211,3.2272317375313544
2026-09-22T03:52:58,happy,0.6656175255775452,4.090555247263652
2026-09-22T03:52:58,happy,0.652295708656311,4.162291813661132
2026-09-22T03:52:58,happy,0.6780912280082703,4.2995174925604465
2026-09-22T03:52:59,happy,0.7215589284896851,4.289180676565632
2026-09-22T03:52:59,happy,0.7059644460678101,4.437919132880333
2026-09-22T03:52:59,happy,0.7022327184677124,4.338404091912887
2026-09-22T03:52:59,happy,0.6598995923995972,4.330498167363585
2026-09-22T03:53:00,happy,0.6984425783157349,4.295048661401841
2026-09-22T03:53:00,happy,0.7083840370178223,4.1863708272823
2026-09-22T03:53:00,happy,0.7079400420188904,3.956233681954694
2026-09-22T03:53:00,happy,0.7319375276565552,4.387668553136736
2026-09-22T03:53:01,happy,0.7474181652069092,4.079105968347887
2026-09-22T03:53:01,happy,0.6933977603912354,4.337125544169502
2026-09-22T03:53:01,happy,0.6804524660110474,4.1982587597516865
2026-09-22T03:53:01,happy,0.6868215799331665,4.137834966216049
2026-09-22T03:53:02,happy,0.6530840992927551,4.277431605827655
2026-09-22T03:53:02,happy,0.6331945061683655,4.337556128706666
2026-09-22T03:53:02,happy,0.558838963508606,4.246411718193958
2026-09-22T03:53:02,happy,0.4887455403804779,4.438557837814957
2026-09-22T03:53:02,neutral,0.4915626049041748,4.39458271254136
2026-09-22T03:53:03,neutral,0.5515455603599548,4.1715813961352515
2026-09-22T03:53:03,neutral,0.6316057443618774,4.387755763873415
2026-09-22T03:53:03,neutral,0.622012734413147,4.302516594877771
2026-09-22T03:53:03,neutral,0.680264413356781,4.13956651201167
2026-09-22T03:53:04,neutral,0.7148255109786987,122.1902930723067
2026-09-22T03:53:04,neutral,0.7105135321617126,4.341327393508561
2026-09-22T03:53:04,neutral,0.7072424292564392,4.386035140114987
2026-09-22T03:53:04,neutral,0.7086666226387024,4.222106571775139
2026-09-22T03:53:05,neutral,0.7047003507614136,4.153849658178995
2026-09-22T03:53:05,neutral,0.7512890100479126,4.295193807340624
2026-09-22T03:53:05,neutral,0.7478328943252563,4.490160687713439
2026-09-22T03:53:05,neutral,0.7563810348510742,4.507600247609877
2026-09-22T03:53:06,neutral,0.7897176146507263,4.348551469162669
2026-09-22T03:53:06,neutral,0.7844390869140625,4.442916265466721
2026-09-22T03:53:06,neutral,0.8148021697998047,3.788348376339803
2026-09-22T03:53:06,neutral,0.8386031985282898,4.706181211871643
2026-09-22T03:53:07,neutral,0.8445046544075012,3.0790797786512054
2026-09-22T03:53:07,neutral,0.8377326130867004,3.6517553971366183
2026-09-22T03:53:07,neutral,0.8438108563423157,4.251025432343763
2026-09-22T03:53:07,neutral,0.8434131741523743,4.209550993699178
2026-09-22T03:53:08,neutral,0.8575263023376465,4.258059931352135
2026-09-22T03:53:08,neutral,0.8542709350585938,4.394136128726076
2026-09-22T03:53:08,neutral,0.8687585592269897,4.4733755326013345
2026-09-22T03:53:08,neutral,0.8928571939468384,3.7838268911899338
2026-09-22T03:53:09,neutral,0.9024990797042847,3.733965764668597
2026-09-22T03:53:09,neutral,0.8843854665756226,3.884395290535228
2026-09-22T03:53:09,neutral,0.8666216731071472,3.8900910961025854
2026-09-22T03:53:09,neutral,0.8459773063659668,3.8031327781077295
2026-09-22T03:53:10,neutral,0.7973347306251526,3.4954018879135695
2026-09-22T03:53:10,neutral,0.7877522706985474,3.860402358411551
2026-09-22T03:53:10,neutral,0.7682169079780579,3.776757068750186
2026-09-22T03:53:10,neutral,0.7518807649612427,3.3414225908089654
2026-09-22T03:53:11,neutral,0.722044825553894,3.2827448457440895
2026-09-22T03:53:11,neutral,0.7012805342674255,3.338135634362955
2026-09-22T03:53:11,neutral,0.6924772262573242,3.172530329354973
2026-09-22T03:53:12,neutral,0.6436370015144348,3.7012788518219137
2026-09-22T03:53:12,neutral,0.6241061687469482,3.7598630985516523
2026-09-22T03:53:12,neutral,0.6455941796302795,3.5632338973720294
2026-09-22T03:53:12,neutral,0.619229793548584,4.184240900633975
2026-09-22T03:53:13,neutral,0.565479040145874,3.92743848254926
2026-09-22T03:53:13,neutral,0.5043702125549316,4.138459625809329
2026-09-22T03:53:13,happy,0.4687894284725189,4.3175573084853305
2026-09-22T03:53:13,happy,0.5242530703544617,4.350427802550116
2026-09-22T03:53:14,happy,0.6036272048950195,4.295488527759913
2026-09-22T03:53:14,happy,0.6922885775566101,4.434184513829128
2026-09-22T03:53:14,happy,0.7106630802154541,4.277348725505693
2026-09-22T03:53:14,happy,0.7724891304969788,4.254254960909131
2026-09-22T03:53:15,happy,0.782220184803009,3.3906955838461315
2026-09-22T03:53:15,happy,0.7139692306518555,4.196452583722866
2026-09-22T03:53:15,happy,0.6345114707946777,4.326312781914559
2026-09-22T03:53:15,happy,0.5472157001495361,4.36954003350363
2026-09-22T03:53:16,neutral,0.49309319257736206,3.7779102842865093
2026-09-22T03:53:16,neutral,0.5554649829864502,4.39423280412194
2026-09-22T03:53:16,neutral,0.6417561173439026,4.51746540522842
2026-09-22T03:53:16,neutral,0.7336589097976685,4.592903744357839
2026-09-22T03:53:16,neutral,0.8200928568840027,4.339948325867797
2026-09-22T03:53:17,neutral,0.9101303219795227,4.413690920915001
2026-09-22T03:53:17,neutral,0.937346339225769,4.480457370907766
2026-09-22T03:53:17,neutral,0.9553579092025757,4.474492228880252
2026-09-22T03:53:17,neutral,0.9670757055282593,4.471496542144052
2026-09-22T03:53:18,neutral,0.963977038860321,4.453757652018328
2026-09-22T03:53:18,neutral,0.9663716554641724,4.517455674198086
2026-09-22T03:53:18,neutral,0.9670602083206177,4.319518193389989
2026-09-22T03:53:18,neutral,0.9677507281303406,4.275709227991735
2026-09-22T03:53:18,neutral,0.9680749773979187,4.24533719846272
2026-09-22T03:53:19,neutral,0.9717568159103394,4.399671884211211
2026-09-22T03:53:19,neutral,0.9758130311965942,4.462110976593169
2026-09-22T03:53:19,neutral,0.9765580892562866,4.529622925963204
2026-09-22T03:53:19,neutral,0.9766319990158081,4.629428625984952
2026-09-22T03:53:20,neutral,0.9757490158081055,4.3926083017840405
2026-09-22T03:53:20,neutral,0.9762219190597534,3.2250604558893072
2026-09-22T03:53:20,neutral,0.974864661693573,4.465113110129344
2026-09-22T03:53:20,neutral,0.9750694036483765,4.410140695792795
2026-09-22T03:53:21,neutral,0.9765424728393555,3.0627228509736257
2026-09-22T03:53:21,neutral,0.976386547088623,4.499780605999487
2026-09-22T03:53:21,neutral,0.9754859805107117,4.593965189599596
2026-09-22T03:53:21,neutral,0.9755915403366089,4.494799313290739
2026-09-22T03:53:22,neutral,0.9694257974624634,4.379513631475081
2026-09-22T03:53:22,neutral,0.9637433886528015,4.5019443684156855
2026-09-22T03:53:22,neutral,0.9639749526977539,4.516939989575391
2026-09-22T03:53:22,neutral,0.9625465273857117,4.495888179050723
2026-09-22T03:53:22,neutral,0.955062985420227,4.423699353684673
2026-09-22T03:53:23,neutral,0.9540079832077026,4.542141170864829
2026-09-22T03:53:23,neutral,0.94953852891922,4.501601311959611
2026-09-22T03:53:23,neutral,0.9491914510726929,4.504448814204417
2026-09-22T03:53:23,neutral,0.9431421160697937,4.040039145276753
2026-09-22T03:53:24,neutral,0.9434172511100769,4.241383355243199
2026-09-22T03:53:24,neutral,0.950350284576416,4.245405951437452
2026-09-22T03:53:24,neutral,0.9547259211540222,4.45876683742839
2026-09-22T03:53:24,neutral,0.9500026702880859,4.056783109375287
2026-09-22T03:53:25,neutral,0.9484010934829712,3.494732035804659
2026-09-22T03:53:25,neutral,0.9485853314399719,3.591179729199809
2026-09-22T03:53:25,neutral,0.946281909942627,4.376566095027417
2026-09-22T03:53:25,neutral,0.947972297668457,4.338471404780869
2026-09-22T03:53:26,neutral,0.941430389881134,4.346239852773247
2026-09-22T03:53:26,neutral,0.934666633605957,4.421829222651534
2026-09-22T03:53:26,neutral,0.9082340002059937,4.4327411462571735
2026-09-22T03:53:26,neutral,0.8961911201477051,4.378064501313637
2026-09-22T03:53:26,neutral,0.896134078502655,4.2800723702269785
2026-09-22T03:53:27,neutral,0.8994767069816589,4.348181805930059
2026-09-22T03:53:27,neutral,0.8934727907180786,4.611709859371736
2026-09-22T03:53:27,neutral,0.8957169651985168,4.183143373479557
2026-09-22T03:53:27,neutral,0.8905401229858398,4.176695053653796
2026-09-22T03:53:28,neutral,0.8895019292831421,4.2160758155113
2026-09-22T03:53:28,neutral,0.8913480639457703,4.434653341819958
2026-09-22T03:53:28,neutral,0.899289608001709,4.493118870481363
2026-09-22T03:53:28,neutral,0.9222391247749329,4.351461379170107
2026-09-22T03:53:29,neutral,0.9293678402900696,4.043949941186679
2026-09-22T03:53:29,neutral,0.9304949045181274,3.369557602886973
2026-09-22T03:53:29,neutral,0.9310579299926758,2.572200052863036
2026-09-22T03:53:29,neutral,0.9432365298271179,4.090551257894758
2026-09-22T03:53:30,neutral,0.9486783742904663,4.346528107376542
2026-09-22T03:53:30,neutral,0.9532241821289062,4.508724405115107
2026-09-22T03:53:30,neutral,0.9572211503982544,4.285976756852314
2026-09-22T03:53:30,neutral,0.9553437232971191,4.4027939024569465
2026-09-22T03:53:31,neutral,0.9531798362731934,4.39468401222124
2026-09-22T03:53:31,neutral,0.9564113616943359,4.448179390535419
2026-09-22T03:53:31,neutral,0.9593650102615356,4.407753889870888
2026-09-22T03:53:31,neutral,0.9580170512199402,4.278199492038882
2026-09-22T03:53:32,neutral,0.9570754170417786,4.296192501362309
2026-09-22T03:53:32,neutral,0.95611572265625,4.422314092284075
2026-09-22T03:53:32,neutral,0.9518705606460571,4.373704615936482
2026-09-22T03:53:32,neutral,0.9540435075759888,4.132144155469276
2026-09-22T03:53:32,neutral,0.9495528340339661,4.004437595831257
2026-09-22T03:53:33,neutral,0.9564818143844604,4.353561638290297
2026-09-22T03:53:33,neutral,0.9573772549629211,4.512008020766212
2026-09-22T03:53:33,neutral,0.9559022188186646,4.494770412537293
2026-09-22T03:53:33,neutral,0.9538559913635254,4.514368190325917
2026-09-22T03:53:34,neutral,0.9557073712348938,4.439887497128678
2026-09-22T03:53:34,neutral,0.9563862085342407,4.267487136910884
2026-09-22T03:53:34,neutral,0.952713668346405,3.9578165457578756
2026-09-22T03:53:34,neutral,0.9534689784049988,4.2042091166788955
2026-09-22T03:53:35,neutral,0.9524350166320801,4.22045393256618
2026-09-22T03:53:35,neutral,0.952231228351593,4.2505989322588364
2026-09-22T03:53:35,neutral,0.9464448690414429,4.408606354912286
2026-09-22T03:53:35,neutral,0.9513333439826965,4.4144481129444255
2026-09-22T03:53:35,neutral,0.941074013710022,4.335982219006022
2026-09-22T03:53:36,neutral,0.9398685693740845,4.5063991817298845
2026-09-22T03:53:36,neutral,0.9366704821586609,4.488757515501893
2026-09-22T03:53:36,neutral,0.934761643409729,4.424632678723638
2026-09-22T03:53:36,neutral,0.9299160838127136,4.457885389420251
2026-09-22T03:53:37,neutral,0.8957933187484741,4.373189308671195
2026-09-22T03:53:37,neutral,0.8509780168533325,4.440790051826638
2026-09-22T03:53:37,neutral,0.8128520250320435,4.1306832170903744
2026-09-22T03:53:37,neutral,0.7843416333198547,4.165085922255378
2026-09-22T03:53:38,neutral,0.7331858277320862,4.212705095858711
2026-09-22T03:53:38,neutral,0.7061752080917358,4.4210275561626915
2026-09-22T03:53:38,neutral,0.6524327993392944,4.320942173212512
2026-09-22T03:53:38,neutral,0.6033918261528015,3.484578906616066
2026-09-22T03:53:39,neutral,0.5394287109375,3.231251969310724
2026-09-22T03:53:39,neutral,0.5238490104675293,4.360155598661901
2026-09-22T03:53:39,neutral,0.5070549249649048,4.462609469111384
2026-09-22T03:53:39,neutral,0.49450451135635376,4.272255575225565
2026-09-22T03:53:40,neutral,0.47330909967422485,4.30377923233285
2026-09-22T03:53:40,neutral,0.4409869611263275,4.343350412764424
2026-09-22T03:53:40,neutral,0.4835747182369232,4.271446320549117
2026-09-22T03:53:40,neutral,0.5178138017654419,4.0618865000968425
2026-09-22T03:53:40,neutral,0.5600537061691284,4.13100868492951
2026-09-22T03:53:41,neutral,0.6011788845062256,4.111550816712037
2026-09-22T03:53:41,neutral,0.6596033573150635,4.418754642042551
2026-09-22T03:53:41,neutral,0.6723753213882446,4.488627814419287
2026-09-22T03:53:41,neutral,0.7234466075897217,4.486035365878441
2026-09-22T03:53:42,neutral,0.7629350423812866,4.3698769146779295
2026-09-22T03:53:42,neutral,0.8095701336860657,4.474778651070444
2026-09-22T03:53:42,neutral,0.839841365814209,4.60913033970367
2026-09-22T03:53:42,neutral,0.7806864976882935,4.4647899018328365
2026-09-22T03:53:43,neutral,0.715496301651001,4.385095102828986
2026-09-22T03:53:43,neutral,0.6972557306289673,4.456227695243316
2026-09-22T03:53:43,neutral,0.6643738746643066,4.47404357449532
2026-09-22T03:53:43,neutral,0.6120035648345947,4.403755415050639
2026-09-22T03:53:43,neutral,0.575637936592102,4.463046335065999
2026-09-22T03:53:44,neutral,0.5101199150085449,4.440540872459631
2026-09-22T03:53:44,neutral,0.46139365434646606,4.479729996742445
2026-09-22T03:53:44,neutral,0.39942026138305664,4.567187452360523
2026-09-22T03:53:44,sad,0.4081449508666992,4.538651488426953
2026-09-22T03:53:45,neutral,0.4066697657108307,4.354501765449108
2026-09-22T03:53:45,neutral,0.4119719862937927,4.47543756128739
2026-09-22T03:53:45,neutral,0.39331209659576416,3.9776493928692003
2026-09-22T03:53:45,neutral,0.37695708870887756,4.355822244654015
2026-09-22T03:53:45,neutral,0.37907737493515015,4.288851736531845
2026-09-22T03:53:46,neutral,0.36788415908813477,4.4870623853309155
2026-09-22T03:53:46,neutral,0.36510729789733887,4.475552174177487
2026-09-22T03:53:46,neutral,0.3827694058418274,4.5407888967678725
2026-09-22T03:53:46,neutral,0.38881415128707886,3.975587076960991
2026-09-22T03:53:47,neutral,0.3704846501350403,4.222178824600009
2026-09-22T03:53:47,neutral,0.3580266237258911,4.291651531693401
2026-09-22T03:53:47,sad,0.3751524090766907,4.51200316699441
2026-09-22T03:53:47,sad,0.3876968324184418,4.573906197008311
2026-09-22T03:53:48,sad,0.3869612514972687,4.371721576749214
2026-09-22T03:53:48,sad,0.38180041313171387,4.405545501238905
2026-09-22T03:53:48,sad,0.39383333921432495,4.465146384228126
2026-09-22T03:53:48,sad,0.3655356466770172,4.520678936499519
2026-09-22T03:53:48,sad,0.3931422829627991,4.4972283041081145
2026-09-22T03:53:49,neutral,0.3858865201473236,4.502210152316957
2026-09-22T03:53:49,neutral,0.43446749448776245,4.525415042407856
2026-09-22T03:53:49,neutral,0.4336678087711334,4.527662183591275
2026-09-22T03:53:49,neutral,0.43197399377822876,4.565432579848461
2026-09-22T03:53:50,neutral,0.4289444088935852,4.338206652882774
2026-09-22T03:53:50,neutral,0.4310908317565918,4.486596808906651
2026-09-22T03:53:50,neutral,0.3914361596107483,4.377653251116513
2026-09-22T03:53:50,neutral,0.4113076329231262,4.484217638782571
2026-09-22T03:53:50,neutral,0.3927564322948456,4.449009811721029
2026-09-22T03:53:51,neutral,0.4023054540157318,4.3428557228560125
2026-09-22T03:53:51,neutral,0.38273727893829346,3.976269251844366
2026-09-22T03:53:51,sad,0.39171740412712097,4.394260426444951
2026-09-22T03:53:51,sad,0.41542163491249084,4.492473991274907
2026-09-22T03:53:52,sad,0.4027257561683655,4.404458324494952
2026-09-22T03:53:52,neutral,0.3937653601169586,4.34209591878778
2026-09-22T03:53:52,neutral,0.4199071526527405,4.162866035698405
2026-09-22T03:53:52,neutral,0.448985755443573,4.16911421193151
2026-09-22T03:53:53,neutral,0.43868154287338257,4.342675863554192
2026-09-22T03:53:53,neutral,0.43634194135665894,4.437308777913664
2026-09-22T03:53:53,neutral,0.4621036946773529,4.413728077652412
2026-09-22T03:53:53,neutral,0.4673292636871338,4.573302745091198
2026-09-22T03:53:53,neutral,0.43923020362854004,4.481692533725123
2026-09-22T03:53:54,neutral,0.47584232687950134,4.370541724498685
2026-09-22T03:53:54,neutral,0.4907989501953125,4.490877028055776
2026-09-22T03:53:54,neutral,0.50944584608078,4.44980277577972
2026-09-22T03:53:54,neutral,0.49484220147132874,4.6047785661666625
2026-09-22T03:53:55,neutral,0.4885331690311432,4.397978796022603
2026-09-22T03:53:55,neutral,0.513036847114563,4.499886813626566
2026-09-22T03:53:55,neutral,0.5286158323287964,4.474773877066792
2026-09-22T03:53:55,neutral,0.5080274343490601,4.509834576118103
2026-09-22T03:53:55,neutral,0.49069127440452576,4.3119823092003875
2026-09-22T03:53:56,neutral,0.5171961188316345,4.325505224468581
2026-09-22T03:53:56,neutral,0.5217527151107788,4.488704673415288
2026-09-22T03:53:56,neutral,0.4892997741699219,4.4667013128636786
2026-09-22T03:53:56,neutral,0.4599723219871521,4.114620263967995
2026-09-22T03:53:57,neutral,0.4494416117668152,4.054990738198454
2026-09-22T03:53:57,neutral,0.4298427700996399,4.339292789992003
2026-09-22T03:53:57,neutral,0.42318183183670044,4.4760393444582345
2026-09-22T03:53:57,neutral,0.4067482054233551,4.465574238251036
2026-09-22T03:53:58,neutral,0.39095574617385864,4.3657696010825155
2026-09-22T03:53:58,neutral,0.40656861662864685,4.516784334334119
2026-09-22T03:53:58,neutral,0.4315629005432129,4.506805922678529
2026-09-22T03:53:58,neutral,0.39778512716293335,4.558099603667515
2026-09-22T03:53:58,neutral,0.3948405086994171,4.581900728309921
2026-09-22T03:53:59,neutral,0.4145674705505371,4.453436085507421
2026-09-22T03:53:59,neutral,0.39854592084884644,4.504942296022212
2026-09-22T03:53:59,neutral,0.406135231256485,4.541221536865788
2026-09-22T03:53:59,neutral,0.39844459295272827,4.5601760443938035
2026-09-22T03:54:00,neutral,0.4256904721260071,4.3923139030640295
2026-09-22T03:54:00,neutral,0.4316939413547516,4.459672343104065
2026-09-22T03:54:00,neutral,0.432578980922699,4.523818974071358
2026-09-22T03:54:00,neutral,0.3786267042160034,4.464509509014058
2026-09-22T03:54:00,neutral,0.3663915991783142,4.4665586137420314
2026-09-22T03:54:01,neutral,0.37758249044418335,4.290518886018975
2026-09-22T03:54:01,neutral,0.37495774030685425,4.397370156454932
2026-09-22T03:54:01,neutral,0.37889745831489563,4.389000041856766
2026-09-22T03:54:01,neutral,0.43102654814720154,4.4774632536223296
2026-09-22T03:54:02,neutral,0.4544553756713867,4.334189981658012
2026-09-22T03:54:02,neutral,0.47031116485595703,4.450973858525746
2026-09-22T03:54:02,neutral,0.5056849718093872,3.821003428086257
2026-09-22T03:54:02,neutral,0.5228725075721741,3.6634099559968485
2026-09-22T03:54:03,neutral,0.5653706789016724,4.16438290880027
2026-09-22T03:54:03,neutral,0.6314330101013184,4.116320311694939
2026-09-22T03:54:03,neutral,0.6798233985900879,4.366787749309996
2026-09-22T03:54:03,neutral,0.7205900549888611,4.201122421690403
2026-09-22T03:54:03,neutral,0.7693213820457458,4.355754392305184
2026-09-22T03:54:04,neutral,0.7347924113273621,4.213712359126135
2026-09-22T03:54:04,neutral,0.7364369630813599,4.179604331565883
2026-09-22T03:54:04,neutral,0.7275674343109131,4.132677512927229
2026-09-22T03:54:04,neutral,0.7384783029556274,4.0754120055617475
2026-09-22T03:54:05,neutral,0.7502289414405823,4.217156772550451
2026-09-22T03:54:05,neutral,0.7327048182487488,2.9682671784681056
2026-09-22T03:54:05,neutral,0.7246760129928589,4.313813900293738
2026-09-22T03:54:06,neutral,0.6993536949157715,4.01322718922229
2026-09-22T03:54:06,neutral,0.6836594343185425,4.170055129422408
2026-09-22T03:54:06,neutral,0.678135097026825,4.305422653257934
2026-09-22T03:54:06,neutral,0.6859366297721863,4.236508093628729
2026-09-22T03:54:06,neutral,0.6530309319496155,4.014982822211564
2026-09-22T03:54:07,neutral,0.628617525100708,4.07553080572865
2026-09-22T03:54:07,neutral,0.6292164921760559,4.22607137855258
2026-09-22T03:54:07,neutral,0.6307918429374695,3.8294878408421704
2026-09-22T03:54:07,neutral,0.6264265775680542,3.857803253417413
2026-09-22T03:54:08,neutral,0.6272932291030884,4.034567407213599
2026-09-22T03:54:08,neutral,0.6482104063034058,3.962460439674637
2026-09-22T03:54:08,neutral,0.6320094466209412,4.29712121941699
2026-09-22T03:54:08,neutral,0.6261395215988159,3.7147682777885533
2026-09-22T03:54:09,neutral,0.6672982573509216,4.130378137564908
2026-09-22T03:54:09,neutral,0.7170282602310181,4.161734267621593
2026-09-22T03:54:09,neutral,0.7468692660331726,4.177543694696876
2026-09-22T03:54:09,neutral,0.749224066734314,4.3694580972878825
2026-09-22T03:54:10,neutral,0.7292823195457458,4.327165282844456
2026-09-22T03:54:10,neutral,0.7658679485321045,4.420160964819376
2026-09-22T03:54:10,neutral,0.7460557222366333,4.389670683437049
2026-09-22T03:54:10,neutral,0.7343977689743042,4.390153120875371
2026-09-22T03:54:11,neutral,0.7205471992492676,4.48777293557613
2026-09-22T03:54:11,neutral,0.7167974710464478,4.31430199570864
2026-09-22T03:54:11,neutral,0.6658982634544373,4.367310643845287
2026-09-22T03:54:11,neutral,0.6636411547660828,4.279989387538521
2026-09-22T03:54:11,neutral,0.6638839244842529,4.3131041404444
2026-09-22T03:54:12,neutral,0.6578189134597778,4.4249454306835165
2026-09-22T03:54:12,neutral,0.6809743642807007,4.360200924786268
2026-09-22T03:54:12,neutral,0.675498366355896,4.343917196066937
2026-09-22T03:54:12,neutral,0.6856583952903748,4.336130144775311
2026-09-22T03:54:13,neutral,0.7035281658172607,4.163833069596691
2026-09-22T03:54:13,neutral,0.7394005060195923,4.289571084209202
2026-09-22T03:54:13,neutral,0.7359189987182617,4.435300487276665
2026-09-22T03:54:13,neutral,0.7464509606361389,3.947591381434489
2026-09-22T03:54:14,neutral,0.739017128944397,4.298565711328267
2026-09-22T03:54:14,neutral,0.7323545217514038,4.1116636718593
2026-09-22T03:54:14,neutral,0.738705575466156,3.8467642381409206
2026-09-22T03:54:14,neutral,0.7181423306465149,4.272229465449804
2026-09-22T03:54:15,neutral,0.7288379073143005,4.29363290359169
2026-09-22T03:54:15,neutral,0.732129693031311,4.514042670432042
2026-09-22T03:54:15,neutral,0.6716341972351074,4.422435326307577
2026-09-22T03:54:15,neutral,0.6297057271003723,4.357718441558442
2026-09-22T03:54:16,neutral,0.617851734161377,3.308264698783587
2026-09-22T03:54:16,neutral,0.6086201071739197,4.472354768299978
2026-09-22T03:54:16,neutral,0.5752649307250977,4.476717738535513
2026-09-22T03:54:16,neutral,0.5534971356391907,4.544572370915978
2026-09-22T03:54:16,neutral,0.5510943531990051,4.4664206799243935
2026-09-22T03:54:18,neutral,0.5356972217559814,16.65562990171746
2026-09-22T03:54:18,neutral,0.4936754107475281,5.212581867892872
2026-09-22T03:54:19,neutral,0.48963528871536255,16.664695972791712
2026-09-22T03:54:19,neutral,0.5151384472846985,5.039716431360769
2026-09-22T03:54:19,neutral,0.4935343861579895,159.679597974645
2026-09-22T03:54:20,neutral,0.5185800790786743,160.2408404966571
2026-09-22T03:54:20,neutral,0.520673394203186,6.199162863291319
2026-09-22T03:54:20,neutral,0.5225880742073059,145.46382742595546
2026-09-22T03:54:20,neutral,0.5120166540145874,6.308096759250904
2026-09-22T03:54:20,neutral,0.479295015335083,158.32939488883017
2026-09-22T03:54:21,neutral,0.4808201789855957,130.67996011964107
2026-09-22T03:54:21,neutral,0.4947811961174011,4.138712809542229
2026-09-22T03:54:21,neutral,0.4713675081729889,117.02530621355432
2026-09-22T03:54:21,neutral,0.46750062704086304,4.055723967746084
2026-09-22T03:54:22,neutral,0.493886798620224,3.789097873416807
2026-09-22T03:54:22,neutral,0.4734804034233093,3.878952888103002
2026-09-22T03:54:22,neutral,0.47368159890174866,3.824543326637372
2026-09-22T03:54:22,neutral,0.46305686235427856,3.9113710628012117
2026-09-22T03:54:23,neutral,0.4663974344730377,3.766345463965942
2026-09-22T03:54:23,neutral,0.4822250306606293,116.45021933477706
2026-09-22T03:54:23,neutral,0.5116536617279053,3.896632453604263
2026-09-22T03:54:23,neutral,0.4922868609428406,3.704387623614157
2026-09-22T03:54:24,neutral,0.527567982673645,3.8369461805301444
2026-09-22T03:54:24,neutral,0.5384906530380249,3.9577978725311556
2026-09-22T03:54:24,neutral,0.5442494750022888,3.9142839544654504
2026-09-22T03:54:24,neutral,0.5396228432655334,3.7570946523954
2026-09-22T03:54:25,neutral,0.5607852935791016,3.8914517662885904
2026-09-22T03:54:25,neutral,0.6193312406539917,3.882841841670408
2026-09-22T03:54:25,neutral,0.649297833442688,3.6255025330865798
2026-09-22T03:54:26,neutral,0.6731336712837219,3.496185649506535
2026-09-22T03:54:26,neutral,0.6862441301345825,3.897150194796929
2026-09-22T03:54:26,neutral,0.7162359952926636,3.914254731014814
2026-09-22T03:54:26,neutral,0.6790696978569031,3.8059453377372874
2026-09-22T03:54:27,neutral,0.6727491617202759,3.806463440089301
2026-09-22T03:54:28,neutral,0.6409300565719604,16.670259614314556
2026-09-22T03:54:28,neutral,0.6322058439254761,16.68883194601391
2026-09-22T03:54:31,neutral,0.6222524046897888,16.661716977909133
2026-09-22T03:54:31,neutral,0.5766896605491638,16.663305642627
2026-09-22T03:54:31,neutral,0.5276188254356384,16.667146166715014
2026-09-22T03:54:32,neutral,0.45191916823387146,16.676025874990557
2026-09-22T03:54:33,neutral,0.4179374575614929,3.8573987897069912
2026-09-22T03:54:33,neutral,0.3571798503398895,3.545397065834452
2026-09-22T03:54:33,neutral,0.3478297293186188,3.328622491413189
2026-09-22T03:54:33,neutral,0.3253227174282074,3.620032848942335
2026-09-22T03:54:34,neutral,0.36976751685142517,3.7726398199626003
2026-09-22T03:54:34,neutral,0.3586525022983551,3.9101932673850683
2026-09-22T03:54:34,happy,0.3471101224422455,103.80912780912782
2026-09-22T03:54:35,happy,0.3605067729949951,3.8102083289804662
2026-09-22T03:54:35,neutral,0.373748779296875,3.8445922039447753
2026-09-22T03:54:35,neutral,0.4288497567176819,16.63231526937322
2026-09-22T03:54:36,neutral,0.45118194818496704,16.671319776777906
2026-09-22T03:54:38,neutral,0.49006491899490356,16.668404654415973
2026-09-22T03:54:38,neutral,0.4951499402523041,16.683123185235274
2026-09-22T03:54:39,neutral,0.5151811838150024,158.40713044791903
2026-09-22T03:54:39,neutral,0.50213623046875,153.9081168354616
2026-09-22T03:54:39,neutral,0.5412832498550415,165.46883383304402
2026-09-22T03:54:39,neutral,0.5735808610916138,5.666301459432952
2026-09-22T03:54:42,neutral,0.5675331354141235,16.64954727152197
2026-09-22T03:54:42,neutral,0.5673252940177917,5.12217592434286
2026-09-22T03:54:42,neutral,0.554965078830719,161.72992982185548
2026-09-22T03:54:42,neutral,0.5457496643066406,5.669487687938545
2026-09-22T03:54:42,neutral,0.5681052803993225,6.1341398494217305
2026-09-22T03:54:42,neutral,0.5989478826522827,5.993823693751241
2026-09-22T03:54:43,neutral,0.6060093641281128,162.30570389288755
2026-09-22T03:54:43,neutral,0.6281346082687378,6.105797029717383
2026-09-22T03:54:43,neutral,0.5881649255752563,5.918807857304132
2026-09-22T03:54:43,neutral,0.5872031450271606,6.085986993125103
2026-09-22T03:54:43,neutral,0.5680243968963623,6.107770898013152
2026-09-22T03:54:43,neutral,0.5691933035850525,5.975123974123918
2026-09-22T03:54:44,neutral,0.5912967324256897,4.928549438204888
2026-09-22T03:54:44,neutral,0.5732503533363342,6.082245018112001
2026-09-22T03:54:44,neutral,0.5331677198410034,5.942750270974872
2026-09-22T03:54:44,neutral,0.5300513505935669,5.625007879000018
2026-09-22T03:54:44,neutral,0.5685225129127502,123.69659077503835
2026-09-22T03:54:45,neutral,0.5724221467971802,4.474468362019488
2026-09-22T03:54:45,neutral,0.6066853404045105,4.404703470684171
2026-09-22T03:54:45,neutral,0.6000118851661682,4.385319758019827
2026-09-22T03:54:45,neutral,0.6147149205207825,4.477735715307537
2026-09-22T03:54:46,neutral,0.6402448415756226,4.291352946894008
2026-09-22T03:54:46,neutral,0.6554752588272095,4.423260826923198
2026-09-22T03:54:46,neutral,0.7007044553756714,4.418680159836329
2026-09-22T03:54:46,neutral,0.7621148824691772,4.136773885573332
2026-09-22T03:54:47,neutral,0.7790350317955017,4.168074308377381
2026-09-22T03:54:47,neutral,0.7680014967918396,4.372783532669436
2026-09-22T03:54:47,neutral,0.7644158601760864,4.350048797081924
2026-09-22T03:54:47,neutral,0.7860032916069031,3.871609241343279
2026-09-22T03:54:48,neutral,0.7831500768661499,3.7424549581703452
2026-09-22T03:54:48,neutral,0.8082180023193359,4.290584721142436
2026-09-22T03:54:48,neutral,0.8202613592147827,4.362994832191866
2026-09-22T03:54:48,neutral,0.818494439125061,4.234685965365728
2026-09-22T03:54:48,neutral,0.8124424815177917,4.273052076721908
2026-09-22T03:54:49,neutral,0.8047642707824707,4.246940581567953
2026-09-22T03:54:49,neutral,0.8224131464958191,4.381860787277854
2026-09-22T03:54:49,neutral,0.836891770362854,4.3204080707696235
2026-09-22T03:54:49,neutral,0.8513018488883972,4.347546312420187
2026-09-22T03:54:50,neutral,0.8587401509284973,4.233343897422026
2026-09-22T03:54:50,neutral,0.8748852014541626,4.335901536476721
2026-09-22T03:54:50,neutral,0.8860621452331543,4.332708025155569
2026-09-22T03:54:50,neutral,0.8881707191467285,4.439488045793059
2026-09-22T03:54:51,neutral,0.882844090461731,4.283083760181032
2026-09-22T03:54:51,neutral,0.8797224760055542,4.373499390528108
2026-09-22T03:54:51,neutral,0.8764209747314453,4.141978387036567
2026-09-22T03:54:51,neutral,0.8661742210388184,2.4672913469293154
2026-09-22T03:54:52,neutral,0.8543170690536499,4.297041976618983
2026-09-22T03:54:52,neutral,0.8599231839179993,4.389142421220394
2026-09-22T03:54:52,neutral,0.8458582758903503,4.013138871905567
2026-09-22T03:54:52,neutral,0.8574913144111633,3.7297820272039157
2026-09-22T03:54:53,neutral,0.8469899892807007,4.015828532528822
2026-09-22T03:54:53,neutral,0.8371111154556274,4.313152928957422
2026-09-22T03:54:53,neutral,0.8278225660324097,4.370655582081403
2026-09-22T03:54:53,neutral,0.7903693914413452,4.324341266216393
2026-09-22T03:54:54,neutral,0.7534457445144653,3.8366548697013134
2026-09-22T03:54:54,neutral,0.7044243216514587,3.7589869932703417
2026-09-22T03:54:54,neutral,0.6891204118728638,3.8270279542578303
2026-09-22T03:54:54,neutral,0.6915994882583618,3.771656000266173
2026-09-22T03:54:55,neutral,0.7014999389648438,3.8478511758305673
2026-09-22T03:54:55,neutral,0.7103747725486755,3.92939959678326
2026-09-22T03:54:55,neutral,0.7174026966094971,3.8462209995414947
2026-09-22T03:54:55,neutral,0.7197282314300537,3.680198649638719
2026-09-22T03:54:56,neutral,0.7371432781219482,3.8526084512424084
2026-09-22T03:54:56,neutral,0.7508430480957031,3.9263649307600064
2026-09-22T03:54:56,neutral,0.7878679633140564,3.7917491588061827
2026-09-22T03:54:57,neutral,0.8081868290901184,3.708117837812988
2026-09-22T03:54:57,neutral,0.8082822561264038,3.890029762042776
2026-09-22T03:54:57,neutral,0.7785933017730713,3.847448796131182
2026-09-22T03:54:57,neutral,0.7446537017822266,3.952349093211762
2026-09-22T03:54:58,neutral,0.7246268391609192,3.6773882440823242
2026-09-22T03:54:58,neutral,0.7049152255058289,3.8678212115343826
2026-09-22T03:54:58,neutral,0.6471775770187378,3.77099136439036
2026-09-22T03:54:58,neutral,0.6149408221244812,3.2781214927267555
2026-09-22T03:54:59,neutral,0.604394793510437,3.5108267757728657
2026-09-22T03:54:59,neutral,0.5756865739822388,3.720188319774641
2026-09-22T03:54:59,neutral,0.5721904039382935,3.552832912061476
2026-09-22T03:55:00,neutral,0.5890903472900391,3.282354359016899
2026-09-22T03:55:00,neutral,0.6023949384689331,3.718562295589204
2026-09-22T03:55:00,neutral,0.5962421298027039,3.8352691168913347
2026-09-22T03:55:01,neutral,0.5484970211982727,2.6377213349399167
2026-09-22T03:55:01,neutral,0.4994611144065857,2.5548821269892708
2026-09-22T03:55:01,neutral,0.4991424083709717,3.9420965471090565
2026-09-22T03:55:01,neutral,0.48089057207107544,3.6499503976887064
2026-09-22T03:55:02,neutral,0.4969356656074524,3.5480242811415112
2026-09-22T03:55:02,neutral,0.5281182527542114,3.625107712518852
2026-09-22T03:55:02,neutral,0.5406605005264282,3.776359219717037
2026-09-22T03:55:02,neutral,0.5468167066574097,3.8389830818740642
2026-09-22T03:55:03,neutral,0.540510356426239,3.5905095517410226
2026-09-22T03:55:03,neutral,0.5671786069869995,3.783744968453035
2026-09-22T03:55:03,neutral,0.6181437969207764,3.7764204218047714
2026-09-22T03:55:04,neutral,0.6676979064941406,3.6903206052602173
2026-09-22T03:55:04,neutral,0.7175219655036926,3.9037117009791147
2026-09-22T03:55:04,neutral,0.7482669949531555,3.8657322238975995
2026-09-22T03:55:04,neutral,0.7687908411026001,3.8622828544198016
2026-09-22T03:55:05,neutral,0.7694321870803833,3.774361041770528
2026-09-22T03:55:05,neutral,0.7682973742485046,3.931252126462045
2026-09-22T03:55:05,neutral,0.7573471069335938,2.8789948821578406
2026-09-22T03:55:05,neutral,0.7481809854507446,3.9615285442673924
2026-09-22T03:55:06,neutral,0.7637295126914978,3.766690464964864
2026-09-22T03:55:06,neutral,0.7679265737533569,3.9382729380259924
2026-09-22T03:55:06,neutral,0.7814888954162598,2.899203640815119
2026-09-22T03:55:07,neutral,0.768722653388977,3.6547305463312876
2026-09-22T03:55:07,neutral,0.7564868927001953,3.9489033502048687
2026-09-22T03:55:07,neutral,0.7274876832962036,3.930758438944114
2026-09-22T03:55:07,neutral,0.6775503754615784,3.8029534675181136
2026-09-22T03:55:08,neutral,0.6922694444656372,3.651962069016558
2026-09-22T03:55:08,neutral,0.7024518251419067,3.9468632991842423
2026-09-22T03:55:08,neutral,0.7340752482414246,3.9133052063526423
2026-09-22T03:55:08,neutral,0.7244447469711304,3.3652724878826077
2026-09-22T03:55:09,neutral,0.7415676712989807,3.815761391187267
2026-09-22T03:55:09,neutral,0.7505431175231934,3.9571145536539802
2026-09-22T03:55:09,neutral,0.7757869362831116,3.8142554056376685
2026-09-22T03:55:09,neutral,0.8045827150344849,3.7497219649479154
2026-09-22T03:55:10,neutral,0.8338702321052551,3.8292745721365145
2026-09-22T03:55:10,neutral,0.8937453031539917,3.8870699881376036
2026-09-22T03:55:10,neutral,0.9077763557434082,3.9355088720808364
2026-09-22T03:55:10,neutral,0.9042474627494812,3.8611450954399626
2026-09-22T03:55:11,neutral,0.8988369703292847,3.8597558057783554
2026-09-22T03:55:11,neutral,0.893840491771698,3.918994627423499
2026-09-22T03:55:11,neutral,0.8823947906494141,3.737672545158042
2026-09-22T03:55:12,neutral,0.866619884967804,3.700514717170238
2026-09-22T03:55:12,neutral,0.8581363558769226,3.832216978761701
2026-09-22T03:55:12,neutral,0.8663040399551392,3.9075157863748076
2026-09-22T03:55:12,neutral,0.8648613691329956,2.596820518472061
2026-09-22T03:55:13,neutral,0.8676363229751587,3.7150150485290707
2026-09-22T03:55:13,neutral,0.851294219493866,3.904474833136293
2026-09-22T03:55:13,neutral,0.8575190305709839,3.54008257905949
2026-09-22T03:55:14,neutral,0.8610604405403137,3.7560819221435158
2026-09-22T03:55:14,neutral,0.8791513442993164,3.9659786435142417
2026-09-22T03:55:14,neutral,0.8816589117050171,3.9554539153232082
2026-09-22T03:55:14,neutral,0.901797890663147,3.8660422210526413
2026-09-22T03:55:15,neutral,0.9157642126083374,2.1768305278094076
2026-09-22T03:55:15,neutral,0.9169071912765503,2.3421175921381137
2026-09-22T03:55:15,neutral,0.8964670896530151,3.5810554212259063
2026-09-22T03:55:16,neutral,0.8972322344779968,3.789584007199146
2026-09-22T03:55:16,neutral,0.9134234189987183,3.9567561856389784
2026-09-22T03:55:16,neutral,0.8871492147445679,3.961663249027366
2026-09-22T03:55:16,neutral,0.8366317749023438,3.8788237491838786
2026-09-22T03:55:17,neutral,0.7853025794029236,3.852420906640214
2026-09-22T03:55:17,neutral,0.7229443192481995,3.9706567581000165
2026-09-22T03:55:17,neutral,0.7072135806083679,3.7696966755554597
2026-09-22T03:55:17,neutral,0.685390293598175,4.129837240673093
2026-09-22T03:55:18,neutral,0.6523486375808716,4.346226341776808
2026-09-22T03:55:18,neutral,0.6551435589790344,4.451663574573227
2026-09-22T03:55:18,neutral,0.6129724979400635,4.213996003323531
2026-09-22T03:55:18,neutral,0.6036885976791382,4.1093231963005055
2026-09-22T03:55:19,neutral,0.6237587928771973,4.238237570657435
2026-09-22T03:55:19,neutral,0.6761164665222168,4.414764073540386
2026-09-22T03:55:19,neutral,0.7123408317565918,4.403593592679267
2026-09-22T03:55:19,neutral,0.7594813108444214,4.357256685525274
2026-09-22T03:55:20,neutral,0.7346204519271851,4.204643217672256
2026-09-22T03:55:20,neutral,0.7479610443115234,4.311906950158626
2026-09-22T03:55:20,neutral,0.7696658968925476,4.435868067343315
2026-09-22T03:55:20,neutral,0.7930940985679626,4.323784036764963
2026-09-22T03:55:21,neutral,0.8196207880973816,4.149395096866613
2026-09-22T03:55:21,neutral,0.8213855028152466,3.1949250534353237
2026-09-22T03:55:21,neutral,0.8262356519699097,4.157707855456274
2026-09-22T03:55:21,neutral,0.8218832015991211,4.341606008661881
2026-09-22T03:55:21,neutral,0.8381198048591614,4.288794725389788
2026-09-22T03:55:22,neutral,0.8629740476608276,4.370919754520927
2026-09-22T03:55:22,neutral,0.9074192047119141,4.399911882257912
2026-09-22T03:55:22,neutral,0.9171198606491089,4.447938815050632
2026-09-22T03:55:22,neutral,0.9154054522514343,4.087748655789534
2026-09-22T03:55:23,neutral,0.9164901971817017,3.8500092250329763
2026-09-22T03:55:23,neutral,0.926455020904541,4.343696762761662
2026-09-22T03:55:23,neutral,0.9282305836677551,4.304300396636034
2026-09-22T03:55:23,neutral,0.9318138957023621,4.174225973069536
2026-09-22T03:55:24,neutral,0.9398385286331177,4.225045430552702
2026-09-22T03:55:24,neutral,0.9441259503364563,4.400853665958076
2026-09-22T03:55:24,neutral,0.9316332936286926,4.39847228659937
2026-09-22T03:55:24,neutral,0.9273029565811157,4.341718363599287
2026-09-22T03:55:25,neutral,0.9243354797363281,4.415512337062139
2026-09-22T03:55:25,neutral,0.935267448425293,4.43191678659659
2026-09-22T03:55:25,neutral,0.9124940037727356,4.427430344805747
2026-09-22T03:55:25,neutral,0.9120165109634399,4.475251327860422
2026-09-22T03:55:25,neutral,0.9212346076965332,4.183568962043396
2026-09-22T03:55:26,neutral,0.9240396618843079,4.4253749531803095
2026-09-22T03:55:26,neutral,0.9175182580947876,4.34664972625553
2026-09-22T03:55:26,neutral,0.9140928983688354,4.416781711594739
2026-09-22T03:55:26,neutral,0.9248627424240112,4.349290984222779
2026-09-22T03:55:27,neutral,0.9303843379020691,4.229715175448858
2026-09-22T03:55:27,neutral,0.9317026138305664,4.394831365547187
2026-09-22T03:55:27,neutral,0.9274787902832031,4.392396698715364
2026-09-22T03:55:27,neutral,0.9452670812606812,4.438191499267762
2026-09-22T03:55:27,neutral,0.9339103698730469,4.345992164518178
2026-09-22T03:55:28,neutral,0.92473965883255,4.377840588846814
2026-09-22T03:55:28,neutral,0.8978593945503235,4.415851695410437
2026-09-22T03:55:28,neutral,0.9045206308364868,4.3455959220253115
2026-09-22T03:55:28,neutral,0.8994410634040833,4.37488617671632
2026-09-22T03:55:29,neutral,0.8714594841003418,4.249879676529982
2026-09-22T03:55:29,neutral,0.8613999485969543,4.3090718188225186
2026-09-22T03:55:29,neutral,0.8491184115409851,4.47512718085288
2026-09-22T03:55:29,neutral,0.8548058271408081,4.370801328443893
2026-09-22T03:55:30,neutral,0.847233772277832,4.323953419325042
2026-09-22T03:55:30,neutral,0.8513349294662476,4.0972443779311885
2026-09-22T03:55:30,neutral,0.8568752408027649,4.367606248327382
2026-09-22T03:55:30,neutral,0.8712611198425293,4.275534887324274
2026-09-22T03:55:31,neutral,0.8666009902954102,4.049623114971416
2026-09-22T03:55:31,neutral,0.8469589352607727,4.362881373386272
2026-09-22T03:55:31,neutral,0.8457949757575989,4.31719289577833
2026-09-22T03:55:31,neutral,0.8117979764938354,4.2530815875398
2026-09-22T03:55:31,neutral,0.7837724089622498,4.170420004633464
2026-09-22T03:55:32,neutral,0.7809658050537109,4.3597477059452086
2026-09-22T03:55:32,neutral,0.783979058265686,4.25635311572098
2026-09-22T03:55:32,neutral,0.7986796498298645,4.383156689106858
2026-09-22T03:55:38,neutral,0.7552436590194702,9.989982160337835
2026-09-22T03:55:38,neutral,0.701192319393158,4.713394892956154
2026-09-22T03:55:38,neutral,0.6460415720939636,5.269861691862335
2026-09-22T03:55:39,neutral,0.641886830329895,5.874984242064303
2026-09-22T03:55:39,neutral,0.6480212211608887,6.130795440094601
2026-09-22T03:55:39,neutral,0.6848114728927612,6.043822462254064
2026-09-22T03:55:39,neutral,0.7154445648193359,6.031385665784217
2026-09-22T03:55:39,neutral,0.7124131917953491,5.993275557810056
2026-09-22T03:55:39,neutral,0.7056947946548462,5.99498024687123
2026-09-22T03:55:40,neutral,0.6993376016616821,6.148734645769716
2026-09-22T03:55:40,neutral,0.7447835206985474,6.085095208733814
2026-09-22T03:55:40,neutral,0.7960547208786011,5.983323799320684
2026-09-22T03:55:40,neutral,0.8562085032463074,5.857238415895231
2026-09-22T03:55:40,neutral,0.8488607406616211,6.182049184556314
2026-09-22T03:55:40,neutral,0.8540915250778198,5.960468219535106
2026-09-22T03:55:41,neutral,0.8417162895202637,6.075857243638123
2026-09-22T03:55:41,neutral,0.8071295022964478,5.901494120742516
2026-09-22T03:55:41,neutral,0.7478168606758118,6.0832065486178895
2026-09-22T03:55:41,neutral,0.6960903406143188,6.171379469658848
2026-09-22T03:55:41,neutral,0.6283355951309204,6.014166824394469
2026-09-22T03:55:41,neutral,0.560522735118866,5.799140838118361
2026-09-22T03:55:42,neutral,0.5222565531730652,5.856453290700029
2026-09-22T03:55:42,neutral,0.5144107937812805,5.4406616527309
2026-09-22T03:55:42,neutral,0.5540361404418945,4.816123313215936
2026-09-22T03:55:42,neutral,0.5725730061531067,4.468076448211248
2026-09-22T03:55:43,neutral,0.5918209552764893,4.214741280468994
2026-09-22T03:55:43,neutral,0.6271457672119141,4.366251344185364
2026-09-22T03:55:43,neutral,0.6947298049926758,4.352265109898662
2026-09-22T03:55:43,neutral,0.7631744146347046,4.208473931728129
2026-09-22T03:55:43,neutral,0.8272377252578735,4.228742882031263
2026-09-22T03:55:44,neutral,0.8880029916763306,4.2933911749261195
2026-09-22T03:55:44,neutral,0.9209997057914734,4.317823990907902
2026-09-22T03:55:44,neutral,0.9197921752929688,4.358737367176743
2026-09-22T03:55:44,neutral,0.9071434736251831,4.339149137354014
2026-09-22T03:55:45,neutral,0.8882125020027161,4.276768653170432
2026-09-22T03:55:45,neutral,0.8757573962211609,4.32168123265116
2026-09-22T03:55:45,neutral,0.8558738827705383,4.375452092063522
2026-09-22T03:55:45,neutral,0.8065557479858398,4.380835598968479
2026-09-22T03:55:46,neutral,0.7766146659851074,4.266124200922531
2026-09-22T03:55:46,neutral,0.7713630795478821,4.325429392019058
2026-09-22T03:55:46,neutral,0.7351211905479431,4.290031768891034
2026-09-22T03:55:46,neutral,0.7422661781311035,4.36352135827386
2026-09-22T03:55:47,neutral,0.7331777811050415,3.085601203547375
2026-09-22T03:55:47,neutral,0.7125646471977234,4.355577986090991
2026-09-22T03:55:47,neutral,0.7046877145767212,4.377644113100773
2026-09-22T03:55:47,neutral,0.6955505609512329,4.340365996514713
2026-09-22T03:55:47,neutral,0.7207955121994019,4.320092122325759
2026-09-22T03:55:48,neutral,0.7552962899208069,4.393565370236328
2026-09-22T03:55:48,neutral,0.7554404139518738,4.399224265511806
2026-09-22T03:55:48,neutral,0.7481191158294678,4.441415474150802
2026-09-22T03:55:48,neutral,0.7828196287155151,3.7434670346196515
2026-09-22T03:55:49,neutral,0.7779573798179626,4.290659336724829
2026-09-22T03:55:49,neutral,0.7553310394287109,4.380158505548947
2026-09-22T03:55:49,neutral,0.7521408200263977,4.400955254951503
2026-09-22T03:55:49,neutral,0.7348771691322327,4.387159128112707
2026-09-22T03:55:50,neutral,0.729501485824585,4.185844408450522
2026-09-22T03:55:50,neutral,0.6932498216629028,4.343696762761662
2026-09-22T03:55:50,neutral,0.683218777179718,4.3771187413512775
2026-09-22T03:55:50,neutral,0.6788576245307922,4.348515401690137
2026-09-22T03:55:50,neutral,0.6930346488952637,4.288632471204135
2026-09-22T03:55:51,neutral,0.6974506974220276,4.4152938736711125
2026-09-22T03:55:51,neutral,0.6717396974563599,4.36527887780707
2026-09-22T03:55:51,neutral,0.6673690676689148,4.402077663646449
2026-09-22T03:55:51,neutral,0.6441313028335571,4.351127331273769
2026-09-22T03:55:52,neutral,0.6537164449691772,4.312607447499815
2026-09-22T03:55:52,neutral,0.6126109957695007,4.3407118706863805
2026-09-22T03:55:52,neutral,0.6030669808387756,4.36722879121703
2026-09-22T03:55:52,neutral,0.5905207395553589,3.826696251313792
2026-09-22T03:55:53,neutral,0.5994323492050171,4.340249220281175
2026-09-22T03:55:53,neutral,0.5669406056404114,4.4041484617573525
2026-09-22T03:55:53,neutral,0.5230600833892822,4.332112841604274
2026-09-22T03:55:53,neutral,0.5295075178146362,4.196280448091051
2026-09-22T03:55:54,neutral,0.5072139501571655,4.224543280803995
2026-09-22T03:55:54,neutral,0.5068913102149963,4.406054576911805
2026-09-22T03:55:54,neutral,0.4961922764778137,4.307775104014855
2026-09-22T03:55:54,neutral,0.529407262802124,4.380140208631613
2026-09-22T03:55:54,neutral,0.544723391532898,4.253072962191563
2026-09-22T03:55:55,neutral,0.5475203990936279,4.403861761942011
2026-09-22T03:55:55,neutral,0.5012432932853699,4.355080507079867
2026-09-22T03:55:55,neutral,0.4965924620628357,16.6540427001894
2026-09-22T03:55:56,neutral,0.4737635552883148,137.3650356979105
2026-09-22T03:55:56,neutral,0.44131770730018616,5.223175570161565
2026-09-22T03:55:56,neutral,0.4498206675052643,4.572804144661959
2026-09-22T03:55:56,neutral,0.4929261803627014,4.484586820290589
2026-09-22T03:55:56,neutral,0.5317145586013794,4.351140872758583
2026-09-22T03:55:57,neutral,0.565518319606781,4.463611538567959
2026-09-22T03:55:57,neutral,0.6023979187011719,4.39490504591578
2026-09-22T03:55:57,neutral,0.637036144733429,4.3805610764077825
2026-09-22T03:55:57,neutral,0.7098464369773865,4.367578960083388
2026-09-22T03:55:58,neutral,0.7556203603744507,4.329184058527482
2026-09-22T03:55:58,neutral,0.8275308609008789,4.3917160271357805
2026-09-22T03:55:58,neutral,0.8984206318855286,4.354682605684764
2026-09-22T03:55:58,neutral,0.9572544097900391,4.134131712918472
2026-09-22T03:55:59,neutral,0.9741863012313843,4.2473921545395905
2026-09-22T03:55:59,neutral,0.9811786413192749,4.404291825664009
2026-09-22T03:55:59,neutral,0.9842196702957153,4.424600005696497
2026-09-22T03:55:59,neutral,0.9842398762702942,4.399155054256509
2026-09-22T03:55:59,neutral,0.9836131930351257,4.3189888902733
2026-09-22T03:56:00,neutral,0.9841457605361938,4.334073537511198
2026-09-22T03:56:00,neutral,0.9841521978378296,3.083659334010209
2026-09-22T03:56:00,neutral,0.9862635731697083,4.386328697729188
2026-09-22T03:56:00,neutral,0.9859969019889832,4.312979956482574
2026-09-22T03:56:01,neutral,0.9872754812240601,4.257467792164554
2026-09-22T03:56:01,neutral,0.9852083325386047,4.393353674951006
2026-09-22T03:56:01,neutral,0.9863713979721069,4.437041213676606
2026-09-22T03:56:01,neutral,0.9866355657577515,4.305754140164005
2026-09-22T03:56:02,neutral,0.9807993173599243,4.365324310512967
2026-09-22T03:56:02,neutral,0.9818326234817505,4.393105189123402
2026-09-22T03:56:02,neutral,0.9814565777778625,4.406244353398466
2026-09-22T03:56:02,neutral,0.9783403277397156,4.54467085488663
2026-09-22T03:56:02,neutral,0.9780163764953613,4.31302430707659
2026-09-22T03:56:03,neutral,0.978252112865448,4.436327866771732
2026-09-22T03:56:03,neutral,0.9775374531745911,4.404652589042304
2026-09-22T03:56:03,neutral,0.9795738458633423,4.457316898212845
2026-09-22T03:56:03,neutral,0.9780367016792297,4.330323800910397
2026-09-22T03:56:04,neutral,0.9773286581039429,4.3132416381726095
2026-09-22T03:56:04,neutral,0.9748662710189819,4.352554164305832
2026-09-22T03:56:04,neutral,0.9618691205978394,4.372623978465814
2026-09-22T03:56:04,neutral,0.961645245552063,4.3484207274212645
2026-09-22T03:56:05,neutral,0.9652646780014038,4.1676601486695555
2026-09-22T03:56:05,neutral,0.965951144695282,4.267817150415914
2026-09-22T03:56:05,neutral,0.966479480266571,4.235083620178701
2026-09-22T03:56:05,neutral,0.9656782150268555,4.050432632880099
2026-09-22T03:56:06,neutral,0.9561807513237,4.11055151292417
2026-09-22T03:56:06,neutral,0.9518573880195618,4.232028300268595
2026-09-22T03:56:06,neutral,0.9475809931755066,3.552841940487011
2026-09-22T03:56:06,neutral,0.9377301931381226,4.030496558855014
2026-09-22T03:56:07,neutral,0.9493524432182312,4.036889529679671
2026-09-22T03:56:07,neutral,0.9488255381584167,4.237792223800642
2026-09-22T03:56:07,neutral,0.9474848508834839,4.1314481478781815
2026-09-22T03:56:07,neutral,0.9441011548042297,4.091508929651437
2026-09-22T03:56:08,neutral,0.9408305883407593,4.052902291936623
2026-09-22T03:56:08,neutral,0.9415631294250488,4.343651779121536
2026-09-22T03:56:08,neutral,0.9501312375068665,4.414861658747719
2026-09-22T03:56:08,neutral,0.9465276598930359,4.352847774490258
2026-09-22T03:56:08,neutral,0.9425428509712219,4.408699034024617
2026-09-22T03:56:09,neutral,0.950564980506897,4.4267154125919
2026-09-22T03:56:09,neutral,0.9190603494644165,4.409069789443808
2026-09-22T03:56:09,neutral,0.8888301849365234,4.2447915507040745
2026-09-22T03:56:09,neutral,0.8360620737075806,4.337076211816798
2026-09-22T03:56:10,neutral,0.7604690790176392,16.637461324871083
2026-09-22T03:56:11,neutral,0.683819055557251,5.705115597069029
2026-09-22T03:56:11,neutral,0.6136435866355896,5.806848372497415
2026-09-22T03:56:11,neutral,0.5355678200721741,5.932806011021715
2026-09-22T03:56:12,neutral,0.5119991898536682,16.678943663932113
2026-09-22T03:56:12,neutral,0.4534018933773041,16.57939071004771
2026-09-22T03:56:25,neutral,0.3880087733268738,16.683853157729345
2026-09-22T03:56:26,neutral,0.3652817904949188,16.577293836333816
2026-09-22T03:56:29,neutral,0.33455994725227356,16.66760979796856
2026-09-22T03:56:35,neutral,0.33417147397994995,16.64241245908144
2026-09-22T03:56:35,neutral,0.35099148750305176,155.55199525292983
2026-09-22T03:56:37,neutral,0.3378921151161194,16.653183092328337
2026-09-22T03:56:37,sad,0.3703111410140991,5.013176263601767
2026-09-22T03:56:48,neutral,0.3781903088092804,16.561061031417932
2026-09-22T03:56:51,neutral,0.390041708946228,16.5540671744879
2026-09-22T03:56:52,neutral,0.4263881742954254,16.669000846504492
2026-09-22T03:56:53,neutral,0.46044033765792847,16.622032702687708
2026-09-22T03:56:53,neutral,0.4970049262046814,157.3611465446087
2026-09-22T03:56:53,neutral,0.535392701625824,103.10988740842716
2026-09-22T03:56:53,neutral,0.5670932531356812,5.760077344788566
2026-09-22T03:56:54,neutral,0.6139638423919678,154.64012093057553
2026-09-22T03:56:54,neutral,0.6805970668792725,15.708003610257025
2026-09-22T03:57:40,neutral,0.7203621864318848,16.682127871134533
2026-09-22T03:57:42,neutral,0.6843516826629639,16.68889834993216
2026-09-22T03:57:48,neutral,0.6513347625732422,16.665556769643388
2026-09-22T03:57:48,neutral,0.6366674304008484,55.549280851852835
2026-09-22T03:57:49,neutral,0.6334370970726013,16.670325870518237
2026-09-22T03:57:49,neutral,0.602483868598938,150.90138514121244
2026-09-22T03:57:49,neutral,0.590125560760498,161.89223405897792
2026-09-22T03:57:51,neutral,0.5535393953323364,16.55145416518685
2026-09-22T03:57:58,neutral,0.522002637386322,16.745934594178074
2026-09-22T03:57:59,neutral,0.5109778642654419,16.656555908995237
2026-09-22T03:58:03,neutral,0.5312460660934448,16.68206152108374
2026-09-22T03:58:04,neutral,0.4921568036079407,16.654902396797915
2026-09-22T03:58:10,neutral,0.4960014820098877,16.66231269167819
2026-09-22T03:58:10,neutral,0.49284473061561584,5.27589390611753
2026-09-22T03:58:10,neutral,0.4882843494415283,16.641950228542406
2026-09-22T03:58:11,neutral,0.49239110946655273,161.7361662746308
2026-09-22T03:58:11,neutral,0.48811769485473633,5.998761432790566
2026-09-22T03:58:11,neutral,0.5094133615493774,154.54325718496685
2026-09-22T03:58:11,neutral,0.5223161578178406,6.061369446495744
2026-09-22T03:58:11,neutral,0.5201310515403748,150.64123837230184
2026-09-22T03:58:12,neutral,0.5185211300849915,21.052255399456918
2026-09-22T03:58:12,neutral,0.5793130397796631,155.3445925925926
2026-09-22T03:58:13,neutral,0.5805336833000183,16.686508141741495
2026-09-22T03:58:13,neutral,0.579960286617279,16.638715333563418
2026-09-22T03:58:13,neutral,0.578256368637085,76.96817998311741
2026-09-22T03:58:14,neutral,0.5868789553642273,16.68099999204588
2026-09-22T03:58:14,neutral,0.5927629470825195,37.72059643505945
2026-09-22T03:58:15,neutral,0.5984647870063782,142.35351615530817
2026-09-22T03:58:15,neutral,0.5828803181648254,141.71861062305717
2026-09-22T03:58:15,neutral,0.5931035280227661,19.512747031895493
2026-09-22T03:58:15,neutral,0.5890130996704102,16.541075604667764
2026-09-22T03:58:16,neutral,0.5847129821777344,146.68988913370404
2026-09-22T03:58:16,neutral,0.5877036452293396,157.5443789204823
2026-09-22T03:58:22,neutral,0.5965870022773743,16.8177130530317
2026-09-22T03:58:24,neutral,0.5670878887176514,16.56747180692434
2026-09-22T03:58:25,neutral,0.5666898488998413,16.647564765605466
2026-09-22T03:58:25,neutral,0.534481406211853,4.813448217294106
2026-09-22T03:58:26,neutral,0.4999066889286041,155.24684457933893
2026-09-22T03:58:32,neutral,0.5004776120185852,16.852783882931064
2026-09-22T03:58:37,neutral,0.4802013039588928,16.681663431862294
2026-09-22T03:58:37,neutral,0.4940642714500427,4.789221037246797
2026-09-22T03:58:39,neutral,0.5145036578178406,16.6472343938528
2026-09-22T03:58:40,neutral,0.5465647578239441,16.65562990171746
2026-09-22T03:58:40,neutral,0.5678074955940247,15.60421588359816
2026-09-22T03:58:41,neutral,0.6190866231918335,155.22386292143148
2026-09-22T03:58:41,neutral,0.6263754963874817,5.54966550935727
2026-09-22T03:58:41,neutral,0.6722583770751953,16.605120530818596
2026-09-22T03:58:41,neutral,0.6990736722946167,150.2526956833244
2026-09-22T03:58:43,neutral,0.6896790862083435,16.685910696667833
2026-09-22T03:58:45,neutral,0.7045749425888062,16.676092177038438
2026-09-22T03:58:49,neutral,0.7031902074813843,16.682791400672194
2026-09-22T03:58:51,neutral,0.6656192541122437,16.6648946103264
2026-09-22T03:58:51,neutral,0.652368426322937,16.79764193259003
2026-09-22T03:58:52,neutral,0.6234874129295349,16.682260572819512
2026-09-22T03:58:53,neutral,0.6298089027404785,16.825066489094986
2026-09-22T03:58:56,neutral,0.6216139793395996,17.055909562247116
2026-09-22T03:58:56,neutral,0.6220166683197021,5.147648502700049
2026-09-22T03:58:58,neutral,0.6452869176864624,16.67244634715448
2026-09-22T03:58:58,neutral,0.616538405418396,16.659797745489787
2026-09-22T03:58:59,neutral,0.5698560476303101,3.6827966855476073
2026-09-22T03:58:59,neutral,0.5035340785980225,6.218675728610211
2026-09-22T03:58:59,neutral,0.46827664971351624,5.903146990936215
2026-09-22T03:58:59,sad,0.4568765163421631,5.821945227156004
2026-09-22T03:58:59,sad,0.4820573329925537,6.1150371774311125
2026-09-22T03:58:59,sad,0.4956415295600891,6.06145704322341
2026-09-22T03:59:00,sad,0.48803624510765076,5.858351037009412
2026-09-22T03:59:00,sad,0.491581529378891,16.685379670294697
2026-09-22T03:59:01,sad,0.48616212606430054,5.17363094973776
2026-09-22T03:59:01,neutral,0.5013161301612854,16.6588052125492
2026-09-22T03:59:01,neutral,0.5334982872009277,30.662806678948446
2026-09-22T03:59:02,neutral,0.5894874334335327,159.00765789673213
2026-09-22T03:59:02,neutral,0.6435851454734802,5.675924672920467
2026-09-22T03:59:02,neutral,0.7085708379745483,5.937660499157689
2026-09-22T03:59:02,neutral,0.755313515663147,5.833930036859309
2026-09-22T03:59:02,neutral,0.7461560964584351,6.031437704826095
2026-09-22T03:59:02,neutral,0.7629785537719727,6.156369854468329
2026-09-22T03:59:03,neutral,0.7521206736564636,5.885957661785446
2026-09-22T03:59:03,neutral,0.7473817467689514,5.678852613721139
2026-09-22T03:59:03,neutral,0.7634565830230713,6.086870205522193
2026-09-22T03:59:03,neutral,0.7973523139953613,6.045983042491791
2026-09-22T03:59:03,neutral,0.8332362174987793,5.886602003882013
2026-09-22T03:59:03,neutral,0.8475250005722046,6.052037400438647
2026-09-22T03:59:04,neutral,0.8264033198356628,6.222910639308022
2026-09-22T03:59:04,neutral,0.8038836717605591,5.4849443045191935
2026-09-22T03:59:04,neutral,0.8161897659301758,5.9366435908287345
2026-09-22T03:59:04,neutral,0.7738264799118042,5.871965705949799
2026-09-22T03:59:04,neutral,0.7403050661087036,5.688503112581883
2026-09-22T03:59:04,neutral,0.7321820259094238,5.895148731383981
2026-09-22T03:59:05,neutral,0.7147902846336365,5.973779373581971
2026-09-22T03:59:05,neutral,0.7113176584243774,6.138323249885116
2026-09-22T03:59:05,neutral,0.6936801671981812,5.960502101088132
2026-09-22T03:59:05,neutral,0.6969941854476929,6.100983301332402
2026-09-22T03:59:05,neutral,0.7091468572616577,5.931455222455875
2026-09-22T03:59:05,neutral,0.7067160606384277,6.026532638478791
2026-09-22T03:59:06,neutral,0.7045538425445557,6.165772885501928
2026-09-22T03:59:06,neutral,0.7202072143554688,6.115251153269687
2026-09-22T03:59:06,neutral,0.7744289636611938,6.1404170906136315
2026-09-22T03:59:06,neutral,0.7888087034225464,6.179034643692656
2026-09-22T03:59:06,neutral,0.7994168400764465,6.090688630667313
2026-09-22T03:59:06,neutral,0.8078117370605469,5.953251767110455
2026-09-22T03:59:07,neutral,0.8113470077514648,6.098065015142285
2026-09-22T03:59:07,neutral,0.8156261444091797,6.044275359186085
2026-09-22T03:59:07,neutral,0.8167334794998169,5.9939950067952745
2026-09-22T03:59:07,neutral,0.8408471345901489,6.1594799038403645
2026-09-22T03:59:07,neutral,0.86210697889328,6.094600406858471
2026-09-22T03:59:07,neutral,0.8828020095825195,5.868227683043534
2026-09-22T03:59:08,neutral,0.8914774656295776,5.941167721711737
2026-09-22T03:59:08,neutral,0.8856742978096008,5.956794357787937
2026-09-22T03:59:08,neutral,0.8827285766601562,6.040645383360193
2026-09-22T03:59:08,neutral,0.8872062563896179,5.993926480402538
2026-09-22T03:59:08,neutral,0.898584246635437,5.9270463714663215
2026-09-22T03:59:08,neutral,0.9022178649902344,5.730189653617791
2026-09-22T03:59:09,neutral,0.9061274528503418,6.152865774854295
2026-09-22T03:59:09,neutral,0.9148298501968384,5.874622183004888
2026-09-22T03:59:09,neutral,0.9060211181640625,5.621155670871283
2026-09-22T03:59:09,neutral,0.9015190005302429,5.396400858935645
2026-09-22T03:59:09,neutral,0.8948456645011902,6.118721434542158
2026-09-22T03:59:09,neutral,0.9010071754455566,5.6216604543377064
2026-09-22T03:59:10,neutral,0.9123319387435913,5.82818251421854
2026-09-22T03:59:10,neutral,0.9035313725471497,5.93249552690575
2026-09-22T03:59:10,neutral,0.901475727558136,5.609983280946967
2026-09-22T03:59:10,neutral,0.8979070782661438,5.09534430563047
2026-09-22T03:59:10,neutral,0.8840811848640442,4.591601503273769
2026-09-22T03:59:11,neutral,0.854518711566925,4.370778554934016
2026-09-22T03:59:11,neutral,0.820907711982727,4.346582159371418
2026-09-22T03:59:11,neutral,0.831976056098938,4.385223474405178
2026-09-22T03:59:11,neutral,0.8363807797431946,4.347762629780741
2026-09-22T03:59:12,neutral,0.8310726881027222,4.288277308948293
2026-09-22T03:59:12,neutral,0.8244020342826843,4.352003187502334
2026-09-22T03:59:12,neutral,0.8319832682609558,4.353231786044928
2026-09-22T03:59:12,neutral,0.8286206126213074,4.265586211174944
2026-09-22T03:59:13,neutral,0.8224198222160339,4.204558919203938
2026-09-22T03:59:13,neutral,0.8150463104248047,3.157215528701179
2026-09-22T03:59:13,neutral,0.8418253660202026,4.274641614502968
2026-09-22T03:59:13,neutral,0.8815029263496399,4.215202976356777
2026-09-22T03:59:14,neutral,0.8793047666549683,4.2830050342595145
2026-09-22T03:59:14,neutral,0.8835407495498657,4.3981125348656755
2026-09-22T03:59:14,neutral,0.8839130401611328,4.3580263332890015
2026-09-22T03:59:14,neutral,0.8869285583496094,4.442257486101741
2026-09-22T03:59:14,neutral,0.8801504373550415,4.340069576806627
2026-09-22T03:59:15,neutral,0.8846522569656372,4.301845844260672
2026-09-22T03:59:15,neutral,0.894373893737793,4.3874344783003005
2026-09-22T03:59:15,neutral,0.9151577949523926,4.423461418800985
2026-09-22T03:59:15,neutral,0.9007356762886047,4.483508213824538
2026-09-22T03:59:16,neutral,0.9047906994819641,4.316641949490511
2026-09-22T03:59:16,neutral,0.8973852396011353,4.3305965341218835
2026-09-22T03:59:16,neutral,0.8963285684585571,4.353850864945944
2026-09-22T03:59:16,neutral,0.9066073298454285,4.441043961454447
2026-09-22T03:59:16,neutral,0.9075212478637695,4.409352532355511
2026-09-22T03:59:17,neutral,0.9204578399658203,4.250861715119667
2026-09-22T03:59:17,neutral,0.9251711964607239,4.414991779068519
2026-09-22T03:59:17,neutral,0.9261236190795898,4.438177410531283
2026-09-22T03:59:17,neutral,0.9338166117668152,4.437468392999592
2026-09-22T03:59:18,neutral,0.9426519274711609,4.169889298159277
2026-09-22T03:59:18,neutral,0.939182460308075,4.43791443720129
2026-09-22T03:59:18,neutral,0.9513993263244629,4.409616767524696
2026-09-22T03:59:18,neutral,0.9482731819152832,4.2777369820988564
2026-09-22T03:59:19,neutral,0.9212623834609985,4.3269019090013465
2026-09-22T03:59:19,neutral,0.9042221903800964,4.392203513717573
2026-09-22T03:59:19,neutral,0.8836261630058289,4.4111889259207455
2026-09-22T03:59:19,neutral,0.8365570306777954,4.54878144006108
2026-09-22T03:59:19,neutral,0.8134007453918457,4.2462354596717855
2026-09-22T03:59:20,neutral,0.7636189460754395,4.386402093272788
2026-09-22T03:59:20,neutral,0.7214616537094116,4.434690852342054
2026-09-22T03:59:20,neutral,0.6690660119056702,4.426491167711119
2026-09-22T03:59:20,neutral,0.6370601058006287,4.4453460261338575
2026-09-22T03:59:21,neutral,0.5647698640823364,3.627898367391069
2026-09-22T03:59:21,neutral,0.5597965121269226,4.10956074781922
2026-09-22T03:59:21,neutral,0.5440132021903992,4.099030240128688
2026-09-22T03:59:21,neutral,0.5512475967407227,4.168641840827863
2026-09-22T03:59:22,neutral,0.5689057111740112,4.1809875546384765
2026-09-22T03:59:22,neutral,0.541720986366272,4.401786613829466
2026-09-22T03:59:22,neutral,0.5909200310707092,4.201656899574255
2026-09-22T03:59:22,neutral,0.6345337629318237,4.290808575675518
2026-09-22T03:59:23,neutral,0.6886522769927979,4.241186070826921
2026-09-22T03:59:23,neutral,0.7197411060333252,4.431495357515669
2026-09-22T03:59:23,neutral,0.7986868619918823,3.229652125302036
2026-09-22T03:59:23,neutral,0.8297836184501648,4.160768208241573
2026-09-22T03:59:24,neutral,0.8662838935852051,4.246123693556159
2026-09-22T03:59:24,neutral,0.8752468228340149,4.375694019900975
2026-09-22T03:59:24,neutral,0.9038143157958984,4.388986263698892
2026-09-22T03:59:24,neutral,0.9572162628173828,4.276424173401836
2026-09-22T03:59:24,neutral,0.9582405090332031,4.139578768678076
2026-09-22T03:59:25,neutral,0.9676789045333862,4.318802108378219
2026-09-22T03:59:25,neutral,0.9674027562141418,4.232164947621421
2026-09-22T03:59:25,neutral,0.9677528142929077,4.277811151488201
2026-09-22T03:59:26,neutral,0.966312050819397,3.232282879004708
2026-09-22T03:59:26,neutral,0.9668703079223633,3.723613223284301
2026-09-22T03:59:26,neutral,0.9673048853874207,3.6333415050160562
2026-09-22T03:59:26,neutral,0.9726343154907227,4.202119943094155
2026-09-22T03:59:27,neutral,0.9743984937667847,4.112107091350985
2026-09-22T03:59:27,neutral,0.9557255506515503,4.336699529035894
2026-09-22T03:59:27,neutral,0.9539152979850769,4.302357713986778
2026-09-22T03:59:27,neutral,0.9515347480773926,4.375055023229712
2026-09-22T03:59:27,neutral,0.9494139552116394,4.203968924557558
2026-09-22T03:59:28,neutral,0.9493684768676758,4.39661420252939
2026-09-22T03:59:28,neutral,0.9511516690254211,4.219795786345312
2026-09-22T03:59:28,neutral,0.9516615867614746,4.125998101430813
2026-09-22T03:59:28,neutral,0.954495906829834,4.112357060848472
2026-09-22T03:59:29,neutral,0.9542457461357117,4.185197011303404
2026-09-22T03:59:29,neutral,0.9562572240829468,4.250155290674757
2026-09-22T03:59:29,neutral,0.9733498692512512,3.944636144505795
2026-09-22T03:59:29,neutral,0.9767716526985168,3.8209825426367607
2026-09-22T03:59:30,neutral,0.9775477647781372,4.001140919814133
2026-09-22T03:59:30,neutral,0.9818680882453918,3.068456591875105
2026-09-22T03:59:30,neutral,0.9834367036819458,3.8486032161126786
2026-09-22T03:59:31,neutral,0.9832955598831177,3.8068261956733846
2026-09-22T03:59:31,neutral,0.9846529960632324,3.837967872845646
2026-09-22T03:59:31,neutral,0.9848939180374146,3.879763790015836
2026-09-22T03:59:31,neutral,0.9847968816757202,3.673439645749839
2026-09-22T03:59:32,neutral,0.983536422252655,3.7361643223058856
2026-09-22T03:59:32,neutral,0.9832846522331238,3.7633310872223804
2026-09-22T03:59:32,neutral,0.9823406338691711,3.6579497953562927
2026-09-22T03:59:32,neutral,0.9836162328720093,3.887815815793547
2026-09-22T03:59:33,neutral,0.9838012456893921,3.0903550187736144
2026-09-22T03:59:33,neutral,0.9797393083572388,3.714735377500113
2026-09-22T03:59:33,neutral,0.9753395318984985,3.3429139584836034
2026-09-22T03:59:34,neutral,0.969570517539978,2.6047937400052787
2026-09-22T03:59:34,neutral,0.969499409198761,3.2125440984312217
2026-09-22T03:59:34,neutral,0.9679454565048218,3.6420333472844764
2026-09-22T03:59:35,neutral,0.9669495820999146,3.6110880089401096
2026-09-22T03:59:35,neutral,0.9659757614135742,3.5845688402700624
2026-09-22T03:59:35,neutral,0.9612106084823608,3.620757852391866
2026-09-22T03:59:35,neutral,0.9603622555732727,3.9211892477078973
2026-09-22T03:59:36,neutral,0.9529660940170288,3.85019653489068
2026-09-22T03:59:36,neutral,0.949377179145813,3.909693921304703
2026-09-22T03:59:36,neutral,0.9543043375015259,4.008034599999617
2026-09-22T03:59:36,neutral,0.9609895944595337,4.07471914260289
2026-09-22T03:59:37,neutral,0.9604402780532837,4.163237918651026
2026-09-22T03:59:37,neutral,0.9622317552566528,4.195029740145045
2026-09-22T03:59:37,neutral,0.9643982648849487,4.179729283986738
2026-09-22T03:59:37,neutral,0.9691511392593384,4.349390206596616
2026-09-22T03:59:37,neutral,0.9744740724563599,4.227736943751184
2026-09-22T03:59:38,neutral,0.9738304018974304,4.204419834120895
2026-09-22T03:59:38,neutral,0.9797463417053223,4.331593867634681
